speed_kmh,vibration_x,vibration_y,vibration_z,motor_current_a,bearing_temp_c,is_anomaly
45.83,0.165,0.154,0.2437,261.48,55.83,0
48.32,0.179,0.096,0.243,267.41,58.58,0
60.29,0.1703,0.1293,0.3246,266.28,59.02,0
61.21,0.1999,0.1697,0.3058,309.87,62.99,0
71.79,0.1877,0.1864,0.3343,657.93,63.5,1
60.57,0.1683,0.145,0.2416,300.57,58.43,0
55.59,0.175,0.1459,0.3178,275.76,56.15,0
63.17,0.1585,0.1391,0.311,287.49,61.5,0
65.79,0.1909,0.1583,0.2537,336.63,58.61,0
44.17,0.1571,0.1293,0.2655,249.63,55.94,0
48.09,0.1669,0.141,0.2213,559.09,57.02,1
50.96,0.1705,0.1579,0.2257,244.15,56.3,0
66.33,0.1908,0.1736,0.2841,329.08,61.65,0
64.21,0.1793,0.1654,0.2497,309.92,59.46,0
47.44,0.1648,0.176,0.2476,249.35,56.28,0
64.68,0.1851,0.1617,0.29,333.23,62.16,0
65.0,0.1937,0.1902,0.2947,314.7,61.55,0
60.73,0.1881,0.1782,0.3089,314.28,61.18,0
30.97,0.1601,0.1208,0.2187,201.0,50.84,0
38.12,0.1284,0.7364,0.2637,213.43,105.38,1
57.78,0.1559,0.1351,0.2357,286.44,63.03,0
38.22,0.1837,0.1203,0.2521,187.62,53.55,0
57.1,0.174,0.1368,0.2958,293.11,59.82,0
62.95,0.1988,0.1383,0.2873,349.98,60.68,0
68.3,0.1843,0.1496,0.2716,350.32,62.28,0
50.7,0.1541,0.1598,0.2381,268.47,57.86,0
47.8,0.125,0.128,0.2181,229.61,58.98,0
42.92,0.1245,0.1049,0.2284,244.76,57.93,0
61.42,0.2246,0.0995,0.2754,323.66,60.23,0
62.26,0.2135,0.5327,0.2678,331.32,95.66,1
27.29,0.168,0.1163,0.2012,153.32,52.73,0
77.49,0.2251,0.1459,0.3409,385.37,65.08,0
50.39,0.1693,0.1133,0.2596,273.58,58.38,0
66.7,0.1678,0.179,0.2505,336.2,62.69,0
31.81,0.1598,0.0902,0.2156,169.57,56.03,0
54.97,0.1758,0.1388,0.346,307.52,59.67,0
36.65,0.1421,0.1504,0.2482,195.5,54.03,0
76.68,0.1905,0.1387,0.3318,396.81,66.21,0
72.72,0.174,0.1413,0.3012,358.68,63.37,0
47.53,0.1826,0.1263,0.2987,247.46,54.62,0
23.34,0.1754,0.1339,0.2128,147.77,50.22,0
58.51,0.1667,0.152,0.2672,300.77,61.93,0
67.96,0.1994,0.1761,0.3038,350.35,59.94,0
35.07,0.1441,0.1391,0.2135,177.48,50.2,0
44.19,0.1964,0.1505,0.2839,198.82,57.35,0
40.29,0.1833,0.1229,0.2253,220.21,54.71,0
47.84,0.1613,0.1584,0.2742,259.19,56.73,0
21.25,0.1405,0.1667,0.2287,110.52,51.18,0
77.46,0.1924,0.1644,0.2692,562.98,63.43,1
58.32,0.2119,0.1595,0.2841,308.78,58.02,0
69.06,0.1801,0.1534,0.2984,359.15,62.09,0
52.12,0.1914,0.1594,0.241,277.74,58.93,0
53.33,0.1994,0.1391,0.2174,270.63,59.8,0
27.21,0.1407,0.0792,0.2613,152.13,52.74,0
54.07,0.195,0.1657,0.337,254.7,56.62,0
58.73,0.1584,0.1522,0.2482,296.85,59.09,0
37.32,0.174,0.1429,0.2623,199.92,53.11,0
35.44,0.1658,0.1286,0.2483,201.89,53.98,0
33.18,0.1431,0.1419,0.2395,174.15,52.03,0
60.14,0.1861,0.1302,0.2586,327.34,60.45,0
55.84,0.1541,0.1671,0.246,282.11,59.17,0
26.21,0.1657,0.1215,0.22,155.66,51.94,0
44.13,0.1422,0.1037,0.2045,219.3,56.69,0
69.63,0.2105,0.1326,0.2662,355.19,59.34,0
56.07,0.2083,0.1471,0.2503,309.6,60.82,0
67.27,0.1657,0.1609,0.3007,363.07,63.42,0
45.58,0.1882,0.1576,0.2023,232.95,55.56,0
60.44,0.1712,0.155,0.2812,299.95,59.52,0
39.9,0.165,0.152,0.2224,190.58,53.24,0
46.43,0.1812,0.1634,0.303,234.42,59.7,0
23.03,0.1066,0.0974,0.2532,141.37,51.79,0
77.37,0.1571,0.1241,0.3375,388.82,66.45,0
39.75,0.1395,0.1091,0.2219,223.82,57.74,0
66.53,0.2171,0.165,0.2946,317.46,63.17,0
31.92,0.1413,0.1274,0.2186,173.09,52.99,0
50.69,0.1889,0.092,0.2508,280.62,58.72,0
56.76,0.1758,0.1519,0.2538,269.22,59.75,0
73.72,0.1862,0.7024,0.327,356.64,117.31,1
36.1,0.1818,0.1183,0.1965,186.16,55.65,0
53.77,0.1715,0.1555,0.2348,274.4,59.03,0
53.05,0.1755,0.142,0.2506,285.77,58.58,0
63.62,0.1535,0.1276,0.2859,329.98,59.35,0
38.2,0.1748,0.0832,0.2889,223.8,52.77,0
59.08,0.1679,0.4765,0.2857,313.61,92.46,1
54.25,0.1726,0.1405,0.2928,281.49,60.02,0
67.09,0.2007,0.1499,0.278,358.46,62.25,0
21.47,0.1321,0.1035,0.2648,105.31,48.96,0
66.29,0.1798,0.1495,0.2526,322.14,61.46,0
52.03,0.161,0.1535,0.2431,285.83,57.58,0
58.4,0.1733,0.1324,0.2837,342.74,59.6,0
73.01,0.1964,0.1793,0.2744,346.41,63.99,0
24.31,0.1271,0.1144,0.2514,161.81,50.31,0
43.31,0.1931,0.1461,0.2265,219.06,57.64,0
67.3,0.2064,0.1691,0.2831,301.46,61.22,0
73.86,0.1916,0.1748,0.2885,394.22,61.35,0
68.13,0.1687,0.178,0.3153,380.94,62.8,0
68.56,0.1813,0.129,0.3021,345.47,63.33,0
20.45,0.1503,0.0947,0.1619,117.73,48.99,0
34.06,0.1936,0.1317,0.2489,194.02,53.67,0
71.77,0.2038,0.1463,0.2821,378.65,63.39,0
77.55,0.1704,0.165,0.2994,387.27,65.05,0
35.27,0.1496,0.14,0.24,196.7,54.91,0
70.37,0.1751,0.1666,0.2893,378.01,66.12,0
25.12,0.1377,0.0834,0.1993,139.52,51.2,0
29.64,0.1415,0.1064,0.2215,147.64,52.82,0
65.09,0.1701,0.1575,0.2533,320.04,61.04,0
70.16,0.2062,0.1333,0.2586,339.28,62.8,0
74.98,0.1496,0.1824,0.3047,382.57,63.14,0
26.38,0.1588,0.1348,0.1991,160.58,51.53,0
56.75,0.1966,0.1635,0.3178,342.23,56.25,0
46.55,0.1439,0.1483,0.1969,248.65,56.73,0
47.06,0.1713,0.1271,0.2152,272.35,56.15,0
55.12,0.1746,0.1473,0.2439,292.37,57.7,0
72.83,0.1668,0.2088,0.3287,374.98,63.65,0
73.91,0.2203,0.1623,0.2749,382.19,59.45,0
52.71,0.2101,0.1242,0.2745,275.56,57.86,0
54.05,0.1896,0.1379,0.2956,268.87,59.38,0
62.94,0.1603,0.1621,0.2761,318.29,62.86,0
61.65,0.2003,0.153,0.2839,311.75,63.12,0
66.54,0.184,0.1595,0.3387,347.45,60.86,0
25.09,0.1309,0.1072,0.238,146.2,51.86,0
53.43,0.1997,0.1378,0.26,279.41,55.4,0
63.03,0.1784,0.1859,0.3284,326.05,61.92,0
33.48,0.1369,0.1308,0.2583,175.16,52.87,0
58.77,0.1795,0.1318,0.2747,299.37,59.91,0
22.72,0.1334,0.1509,0.1549,137.42,52.23,0
60.57,0.1533,0.1548,0.2836,318.66,61.47,0
46.36,0.1734,0.1106,0.228,258.4,53.08,0
58.5,0.1926,0.1656,0.2753,292.68,58.54,0
36.64,0.1459,0.1296,0.2501,193.76,54.24,0
41.54,0.1701,0.1356,0.2371,243.74,53.04,0
30.6,0.1662,0.1154,0.1598,200.7,54.33,0
39.88,0.1351,0.1309,0.1991,243.57,56.14,0
28.87,0.1658,0.057,0.2547,148.2,51.4,0
68.41,0.1718,0.1255,0.2013,349.61,59.01,0
45.48,0.1812,0.1614,0.2557,238.34,57.7,0
26.26,0.1455,0.1191,0.2034,146.84,51.35,0
68.02,0.2053,0.1602,0.2835,339.71,62.88,0
74.01,0.1568,0.156,0.3077,712.61,63.49,1
53.49,0.1855,0.1421,0.2693,280.14,56.39,0
35.39,0.1725,0.1018,0.2538,201.84,53.51,0
64.18,0.1902,0.175,0.3179,350.04,58.8,0
68.62,0.2415,0.1967,0.301,355.28,61.07,0
56.2,0.1667,0.127,0.2095,287.92,59.6,0
50.26,0.1799,0.1293,0.2402,243.99,55.18,0
60.01,0.2043,0.1298,0.3305,309.9,60.47,0
37.3,0.1885,0.0924,0.2176,221.74,51.28,0
65.25,0.1785,0.1937,0.3262,319.98,63.22,0
64.55,0.1958,0.147,0.275,314.58,59.61,0
27.55,0.1529,0.1249,0.1943,130.99,53.05,0
40.56,0.1313,0.1116,0.2597,193.25,53.44,0
74.45,0.184,0.1569,0.3466,409.15,65.08,0
22.22,0.13,0.1351,0.2433,167.74,47.73,0
49.45,0.1624,0.1429,0.2535,289.08,56.9,0
53.05,0.2039,0.1361,0.2393,280.88,57.24,0
50.55,0.1458,0.1571,0.2723,274.87,55.79,0
41.96,0.1611,0.1264,0.2334,229.48,54.57,0
26.26,0.1375,0.1186,0.1967,170.08,51.34,0
59.44,0.1989,0.1301,0.2864,298.99,58.81,0
68.03,0.1811,0.1505,0.2974,340.87,63.68,0
38.88,0.1571,0.097,0.2459,195.22,55.49,0
71.31,0.1903,0.1853,0.2414,343.92,64.94,0
25.89,0.1277,0.1,0.2352,166.87,49.96,0
38.54,0.1288,0.1344,0.2454,219.1,55.11,0
50.14,0.1829,0.1148,0.2553,264.05,58.03,0
22.65,0.1302,0.0943,0.1754,133.55,50.87,0
42.58,0.1678,0.1385,0.2219,248.15,52.43,0
58.97,0.1853,0.1404,0.2808,313.23,59.17,0
77.47,0.229,0.128,0.2759,382.58,61.08,0
38.98,0.1769,0.1373,0.2221,232.44,52.11,0
47.66,0.1667,0.1626,0.2568,250.95,58.61,0
40.63,0.1705,0.1095,0.2364,206.33,54.29,0
75.02,0.1739,0.1449,0.3265,396.9,64.84,0
63.61,0.184,0.1653,0.3047,342.69,60.39,0
59.36,0.162,0.1504,0.2848,290.09,61.42,0
67.97,0.2112,0.1389,0.2707,343.19,63.23,0
67.23,0.1758,0.1657,0.2486,324.58,61.62,0
75.31,0.206,0.1547,0.304,346.61,63.51,0
69.62,0.1832,0.1668,0.3145,348.06,61.87,0
36.83,0.1589,0.166,0.2562,181.9,56.23,0
23.73,0.1721,0.1478,0.2098,157.55,51.91,0
24.67,0.1326,0.1077,0.2519,141.13,51.19,0
20.1,0.1483,0.1088,0.2132,107.84,50.25,0
46.87,0.1645,0.1315,0.2542,256.31,57.41,0
50.26,0.1739,0.1539,0.2104,516.83,55.78,1
36.18,0.1543,0.1311,0.2656,197.42,53.23,0
65.99,0.1919,0.1607,0.2916,340.87,62.67,0
61.53,0.2218,0.132,0.2931,325.74,61.29,0
24.31,0.1189,0.1188,0.2639,170.14,50.9,0
51.38,0.1594,0.1139,0.2351,271.28,56.12,0
23.06,0.1386,0.1221,0.2215,147.31,53.69,0
48.49,0.1889,0.1228,0.2416,274.63,57.19,0
77.07,0.197,0.139,0.304,396.37,66.11,0
61.36,0.166,0.1503,0.2958,324.56,61.48,0
60.33,0.2228,0.1506,0.3365,296.86,60.42,0
51.18,0.1394,0.1306,0.2299,250.36,60.46,0
53.44,0.1578,0.141,0.2702,271.52,58.87,0
27.19,0.1886,0.1067,0.2096,153.63,55.75,0
31.11,0.121,0.1105,0.2398,185.45,53.65,0
23.27,0.1301,0.1035,0.2215,283.31,51.95,1
69.17,0.2216,0.1625,0.2789,345.04,63.18,0
55.65,0.1544,0.147,0.2801,327.37,59.54,0
54.0,0.1383,0.0981,0.2457,293.05,59.87,0
25.76,0.1429,0.1479,0.2394,171.52,52.49,0
40.51,0.1513,0.0891,0.2689,207.34,57.01,0
65.93,0.1969,0.1326,0.293,326.54,60.25,0
24.69,0.1425,0.1398,0.258,130.54,50.66,0
46.83,0.1389,0.1291,0.3182,247.34,56.47,0
20.42,0.1398,0.1294,0.2296,132.59,50.58,0
73.89,0.1892,0.1694,0.2946,366.06,67.09,0
76.57,0.1959,0.1463,0.2762,375.74,64.62,0
42.11,0.1934,0.1507,0.2628,226.78,55.66,0
20.84,0.1356,0.1249,0.2306,104.06,50.4,0
29.35,0.1504,0.1255,0.2137,169.34,54.15,0
29.19,0.151,0.1212,0.245,169.87,53.12,0
34.5,0.1617,0.1738,0.253,220.93,51.48,0
39.46,0.1892,0.1247,0.2567,218.33,52.19,0
65.6,0.1795,0.1707,0.285,282.4,62.2,0
35.83,0.1544,0.7017,0.2419,215.19,77.03,1
58.73,0.1701,0.1703,0.2945,320.89,61.32,0
63.49,0.1877,0.1778,0.263,325.82,61.19,0
63.49,0.1717,0.1518,0.2607,336.06,60.23,0
38.79,0.1176,0.1316,0.2433,220.89,56.66,0
75.9,0.1648,0.1826,0.3104,375.35,66.6,0
63.8,0.178,0.1408,0.2911,345.43,61.5,0
47.12,0.1764,0.123,0.2347,255.72,55.98,0
63.23,0.2016,0.1646,0.2878,332.42,61.38,0
35.27,0.1196,0.1089,0.2289,172.84,53.33,0
48.65,0.2097,0.1331,0.2828,246.68,57.85,0
66.64,0.2063,0.1522,0.2847,334.17,59.66,0
27.45,0.1401,0.1196,0.263,152.2,51.8,0
21.87,0.1439,0.1188,0.2488,126.32,49.68,0
44.63,0.1235,0.1513,0.2595,242.09,56.79,0
53.63,0.1805,0.1727,0.2575,295.99,58.26,0
68.74,0.1809,0.1399,0.2872,356.56,59.85,0
77.38,0.1831,0.1673,0.2913,400.38,65.2,0
59.68,0.1716,0.1467,0.245,314.49,60.59,0
67.73,0.1648,0.1586,0.2911,351.22,61.97,0
41.8,0.1406,0.1291,0.2729,212.97,55.7,0
60.06,0.1833,0.1314,0.3775,306.65,58.0,0
54.22,0.1648,0.1526,0.2797,268.49,59.68,0
29.74,0.1367,0.1097,0.2157,179.81,51.73,0
34.73,0.1499,0.1372,0.2914,215.01,52.47,0
51.37,0.1825,0.1585,0.3111,274.93,57.25,0
76.74,0.1918,0.1342,0.2915,371.1,64.85,0
22.96,0.1197,0.5167,0.1919,140.0,97.83,1
27.5,0.1269,0.1059,0.2293,443.1,53.02,1
35.24,0.1411,0.0815,0.2061,184.62,55.12,0
62.3,0.1426,0.1567,0.2788,315.41,61.2,0
43.84,0.1603,0.1339,0.215,220.58,56.45,0
41.83,0.1236,0.1405,0.2315,222.77,56.1,0
50.72,0.1472,0.1335,0.2613,273.01,59.27,0
21.85,0.1402,0.0847,0.2117,134.89,52.39,0
76.96,0.2055,0.1776,0.3052,380.69,62.9,0
65.83,0.1588,0.1437,0.2918,343.6,64.08,0
48.56,0.1759,0.1618,0.242,276.84,57.24,0
66.89,0.143,0.4267,0.2956,321.28,96.28,1
51.96,0.189,0.1638,0.2955,270.84,59.03,0
22.67,0.128,0.0956,0.2287,137.11,49.0,0
65.19,0.1729,0.1407,0.3068,336.85,62.31,0
72.96,0.1712,0.1528,0.285,394.41,63.68,0
61.18,0.2018,0.1468,0.2789,300.21,60.78,0
26.06,0.1432,0.1126,0.2656,144.12,50.63,0
70.23,0.1865,0.1838,0.2646,368.63,63.08,0
44.22,0.1212,0.1395,0.2695,227.97,57.78,0
63.06,0.1498,0.1601,0.2801,328.3,60.89,0
76.76,0.144,0.1739,0.344,371.72,64.41,0
32.19,0.1848,0.1451,0.2513,162.55,52.39,0
39.79,0.1547,0.1591,0.2622,212.03,55.36,0
23.74,0.1239,0.127,0.2234,158.69,48.53,0
68.78,0.1691,0.1215,0.3145,361.58,62.2,0
66.76,0.2173,0.1639,0.2396,355.96,62.93,0
56.41,0.2318,0.1145,0.2641,260.77,61.37,0
68.6,0.2048,0.1646,0.2863,351.86,63.69,0
32.85,0.1554,0.1042,0.2129,188.38,54.86,0
30.83,0.1514,0.1287,0.2399,152.49,50.71,0
51.51,0.1756,0.1346,0.2385,286.63,58.12,0
33.48,0.2098,0.1467,0.1929,196.19,53.17,0
33.89,0.1537,0.1365,0.2581,190.96,54.03,0
62.3,0.185,0.1087,0.2365,343.76,61.82,0
33.28,0.1519,0.1298,0.2678,206.75,53.33,0
20.55,0.1499,0.1428,0.182,126.58,50.41,0
70.11,0.1807,0.1586,0.2833,376.45,61.8,0
76.3,0.2156,0.1776,0.2791,382.7,63.83,0
23.04,0.1311,0.5916,0.2264,138.23,94.32,1
40.84,0.119,0.1226,0.2682,217.84,57.75,0
60.95,0.1566,0.1671,0.2599,331.5,59.61,0
20.06,0.1065,0.1062,0.2011,124.5,51.25,0
29.94,0.1449,0.124,0.246,154.74,52.06,0
48.43,0.1859,0.0966,0.2807,275.27,56.52,0
35.73,0.1472,0.1284,0.2199,195.29,54.9,0
48.61,0.1783,0.1399,0.2133,253.94,57.7,0
47.05,0.1531,0.1392,0.2883,225.62,57.42,0
23.36,0.1448,0.1162,0.2057,131.18,49.87,0
49.43,0.173,0.1307,0.3066,261.86,54.22,0
47.62,0.1688,0.1183,0.2651,275.55,55.56,0
56.86,0.1763,0.1535,0.2307,313.88,58.77,0
39.54,0.1813,0.1327,0.2464,229.52,55.36,0
49.86,0.1393,0.1421,0.2211,227.98,56.56,0
40.26,0.1589,0.1478,0.1858,214.72,55.22,0
34.77,0.1512,0.1454,0.2074,186.81,50.51,0
65.15,0.2168,0.1235,0.3418,350.65,63.15,0
31.47,0.1359,0.1322,0.1591,173.82,51.32,0
40.84,0.1955,0.1525,0.2679,214.47,55.31,0
77.74,0.2044,0.1692,0.273,376.09,64.1,0
73.61,0.1923,0.1667,0.3269,364.94,62.17,0
22.81,0.1669,0.106,0.2385,89.61,52.76,0
29.61,0.152,0.1376,0.2908,145.95,53.23,0
73.13,0.5936,0.1203,0.9717,381.4,62.47,1
58.97,0.1537,0.1495,0.2806,312.95,61.59,0
61.5,0.1597,0.1221,0.2792,308.84,59.51,0
36.31,0.183,0.1357,0.2187,190.98,57.14,0
51.49,0.1998,0.1228,0.2229,290.84,58.19,0
24.84,0.1168,0.1471,0.2701,335.9,51.83,1
38.83,0.1832,0.1264,0.2472,208.85,55.64,0
54.68,0.1946,0.1327,0.2478,312.0,55.85,0
22.0,0.148,0.1091,0.1588,125.56,48.03,0
22.24,0.1416,0.1477,0.2136,155.92,51.09,0
67.64,0.1592,0.1593,0.3299,346.57,63.5,0
61.4,0.1978,0.1377,0.2491,338.28,61.7,0
67.12,0.1857,0.1681,0.2394,320.03,62.6,0
40.32,0.1514,0.1413,0.2445,229.06,56.47,0
29.83,0.1117,0.1248,0.2215,163.15,51.15,0
25.69,0.1383,0.4875,0.1489,163.05,80.46,1
58.43,0.1818,0.5128,0.2661,314.85,93.0,1
28.89,0.1605,0.1252,0.2374,169.98,47.37,0
36.27,0.1764,0.1323,0.2239,224.93,50.65,0
27.21,0.1512,0.1409,0.232,151.92,53.65,0
65.06,0.1789,0.131,0.2923,608.74,63.18,1
56.98,0.1731,0.1353,0.248,293.78,58.54,0
48.62,0.1441,0.1613,0.2193,258.69,55.11,0
72.9,0.1783,0.1732,0.3062,371.46,63.83,0
39.29,0.1414,0.1262,0.1862,197.78,56.14,0
73.93,0.1971,0.1788,0.2783,375.58,62.23,0
43.66,0.1886,0.1193,0.2429,232.85,55.43,0
36.28,0.1645,0.0947,0.2306,199.84,53.94,0
52.97,0.1433,0.1177,0.2336,285.91,58.01,0
66.33,0.1721,0.1489,0.2869,326.61,62.13,0
48.93,0.1496,0.1289,0.1994,258.15,57.82,0
77.96,0.1976,0.1775,0.2164,401.8,62.06,0
58.53,0.2069,0.1715,0.2492,307.78,61.66,0
56.83,0.1991,0.1549,0.2545,296.94,58.55,0
54.9,0.1661,0.1446,0.3155,306.85,57.72,0
63.13,0.2195,0.1329,0.21,316.24,59.78,0
35.23,0.1499,0.1323,0.2296,203.33,54.02,0
40.06,0.1159,0.1545,0.2705,223.77,53.97,0
76.18,0.1856,0.1671,0.3145,379.62,62.7,0
74.36,0.199,0.1621,0.3074,343.31,64.44,0
56.8,0.1513,0.1398,0.2446,271.67,57.2,0
48.03,0.183,0.0968,0.2404,244.09,58.12,0
51.73,0.1382,0.1641,0.2622,278.11,61.18,0
21.31,0.1141,0.1083,0.2264,137.21,51.3,0
69.58,0.1859,0.1642,0.2697,354.26,64.02,0
77.27,0.1904,0.1209,0.3229,397.16,63.89,0
30.22,0.1833,0.1254,0.2338,167.22,53.95,0
37.54,0.1787,0.1287,0.2421,421.03,56.53,1
52.96,0.1433,0.142,0.2942,271.97,57.65,0
37.51,0.1479,0.1514,0.2055,195.27,55.18,0
21.61,0.1204,0.1207,0.2227,131.87,50.15,0
41.96,0.1892,0.1657,0.2529,222.83,53.53,0
58.0,0.217,0.1371,0.2653,320.56,60.27,0
75.5,0.1946,0.1338,0.2499,364.49,65.08,0
66.03,0.1955,0.1515,0.3479,348.65,62.87,0
30.43,0.179,0.1451,0.2341,169.84,51.5,0
38.29,0.2045,0.0986,0.2706,185.8,56.15,0
45.55,0.1681,0.131,0.2741,233.54,58.12,0
66.72,0.2026,0.1362,0.2718,354.52,62.66,0
35.34,0.1669,0.1539,0.2556,187.4,54.64,0
55.36,0.2065,0.1804,0.3061,253.34,56.39,0
41.7,0.1468,0.1282,0.2119,245.16,54.99,0
37.71,0.1793,0.0827,0.2672,216.92,54.28,0
37.3,0.1633,0.1275,0.2156,187.27,52.89,0
25.54,0.1296,0.1253,0.2281,128.26,52.41,0
37.7,0.1792,0.0984,0.1918,195.36,53.93,0
38.4,0.1615,0.145,0.2487,216.61,54.77,0
39.69,0.1904,0.6846,0.2551,229.92,82.8,1
25.8,0.1372,0.1464,0.1792,126.42,52.48,0
50.88,0.1824,0.1502,0.2651,273.03,56.37,0
69.04,0.1568,0.1761,0.3312,344.99,62.91,0
57.29,0.1872,0.1435,0.2722,312.33,60.33,0
73.7,0.1812,0.1428,0.3178,403.1,60.46,0
32.46,0.1522,0.1399,0.2245,164.99,53.41,0
66.81,0.2068,0.1729,0.2976,360.52,59.18,0
23.03,0.1376,0.0986,0.2268,138.13,50.69,0
77.41,0.1623,0.1534,0.3039,412.63,66.46,0
39.2,0.1572,0.1422,0.2247,221.71,54.67,0
46.52,0.1564,0.177,0.2805,251.36,57.87,0
27.08,0.1491,0.1088,0.2614,136.34,52.15,0
31.16,0.1716,0.1387,0.2964,177.33,54.97,0
40.93,0.1672,0.1055,0.2695,238.34,56.03,0
51.73,0.1578,0.1544,0.2433,265.58,57.79,0
75.22,0.1902,0.1535,0.3551,365.18,64.85,0
34.13,0.121,0.1047,0.3071,191.03,55.98,0
68.04,0.1789,0.1383,0.2409,357.26,60.53,0
37.83,0.2063,0.1609,0.2233,222.43,53.2,0
75.41,0.2171,0.1611,0.2626,403.08,64.02,0
64.76,0.1744,0.1193,0.293,314.92,61.93,0
33.66,0.1643,0.1164,0.2384,190.99,56.32,0
42.24,0.1784,0.1763,0.2407,229.06,54.8,0
55.95,0.1507,0.11,0.2311,297.53,57.13,0
58.69,0.1608,0.1526,0.2211,294.12,61.32,0
63.35,0.1615,0.2097,0.2686,324.5,60.35,0
22.85,0.1409,0.0935,0.2812,121.1,53.82,0
21.59,0.6037,0.1179,0.8156,143.48,51.78,1
53.59,0.1746,0.1356,0.3148,252.05,57.73,0
60.54,0.1685,0.1731,0.1964,308.52,58.61,0
66.51,0.1591,0.1553,0.2915,336.73,59.35,0
53.17,0.175,0.1575,0.3372,266.91,60.02,0
39.27,0.1309,0.121,0.2214,209.44,57.94,0
64.02,0.1584,0.1335,0.2837,310.97,61.48,0
27.07,0.1218,0.1326,0.2224,178.82,52.99,0
69.45,0.1693,0.1487,0.2974,362.34,61.4,0
49.11,0.1445,0.1337,0.263,239.3,56.27,0
68.94,0.1958,0.1241,0.3298,360.49,62.47,0
60.98,0.1726,0.1154,0.262,336.28,60.84,0
21.64,0.1539,0.1014,0.2152,125.6,50.89,0
64.53,0.1835,0.1508,0.2403,325.74,60.15,0
50.21,0.1626,0.1632,0.2381,271.84,57.26,0
22.53,0.1689,0.123,0.2188,148.33,48.8,0
21.79,0.1183,0.13,0.2286,141.34,48.45,0
29.52,0.1434,0.1137,0.2353,173.74,51.56,0
35.5,0.1332,0.0811,0.2391,195.39,52.11,0
25.81,0.1515,0.1452,0.1921,155.18,51.93,0
73.02,0.1783,0.2019,0.2931,396.04,64.82,0
32.31,0.179,0.1181,0.2369,159.2,52.83,0
56.05,0.1535,0.1557,0.2811,300.4,59.45,0
21.3,0.1412,0.1002,0.2379,100.14,50.95,0
57.84,0.165,0.1559,0.2609,293.53,56.28,0
22.92,0.1488,0.08,0.2069,133.75,48.55,0
32.51,0.1726,0.1392,0.2594,180.61,56.22,0
29.61,0.1627,0.1824,0.2299,164.22,52.04,0
67.59,0.1983,0.1445,0.274,341.14,59.49,0
43.4,0.1368,0.1464,0.2266,222.9,56.41,0
47.84,0.1222,0.1663,0.2886,259.97,57.69,0
66.26,0.1686,0.1477,0.3056,353.97,63.38,0
26.89,0.1572,0.1087,0.2121,193.36,52.29,0
44.56,0.1541,0.1201,0.2458,242.49,57.17,0
23.02,0.1356,0.1039,0.2287,126.77,48.99,0
71.24,0.2194,0.1221,0.2526,370.39,61.91,0
47.51,0.1739,0.1091,0.3126,242.75,58.48,0
75.15,0.1764,0.1586,0.2616,370.98,64.04,0
62.58,0.1819,0.1632,0.321,299.33,60.08,0
41.58,0.1578,0.1787,0.2367,209.03,57.37,0
60.55,0.2114,0.1772,0.302,283.36,60.0,0
23.85,0.1173,0.0931,0.2133,136.81,52.32,0
45.55,0.1942,0.1231,0.2213,247.88,57.95,0
42.57,0.176,0.1137,0.2486,239.9,55.51,0
31.98,0.1328,0.1311,0.2526,182.41,52.79,0
59.88,0.1766,0.1426,0.3076,574.15,61.3,1
30.8,0.1707,0.1542,0.2451,171.52,49.43,0
30.61,0.1337,0.1027,0.2167,184.2,51.94,0
60.3,0.1611,0.186,0.2511,293.52,60.53,0
77.65,0.211,0.1751,0.2688,374.02,64.91,0
20.29,0.1094,0.1338,0.1879,122.47,47.94,0
53.32,0.1856,0.1411,0.3123,270.85,56.91,0
26.94,0.1534,0.1122,0.253,176.09,49.83,0
62.38,0.1611,0.1516,0.2423,513.96,62.51,1
67.84,0.2118,0.1296,0.2231,361.65,62.51,0
44.28,0.1734,0.1479,0.2,246.89,54.63,0
61.89,0.2205,0.1235,0.2754,329.51,59.88,0
62.8,0.1682,0.1501,0.3154,314.73,60.03,0
62.54,0.1536,0.1393,0.3043,326.29,61.59,0
45.49,0.1461,0.1332,0.2555,254.75,54.87,0
38.52,0.1675,0.1274,0.2021,212.36,54.4,0
73.2,0.2093,0.1525,0.3025,368.39,61.55,0
64.27,0.2064,0.151,0.2849,339.02,62.62,0
63.14,0.2071,0.1278,0.3019,306.1,59.61,0
63.14,0.2041,0.1333,0.2884,304.17,60.51,0
74.79,0.1813,0.1431,0.2352,387.25,63.04,0
53.13,0.2298,0.1275,0.196,306.79,62.05,0
74.28,0.1999,0.1798,0.3102,392.52,62.58,0
72.09,0.1882,0.149,0.2387,347.67,65.0,0
33.32,0.1831,0.1174,0.234,188.11,53.84,0
36.34,0.1228,0.115,0.1535,202.69,55.09,0
41.41,0.2122,0.1548,0.2655,244.99,56.59,0
30.46,0.1399,0.109,0.2704,150.06,53.56,0
52.97,0.1878,0.1274,0.2924,267.97,57.99,0
40.03,0.1655,0.1396,0.2475,226.96,53.26,0
35.16,0.1775,0.17,0.2509,199.35,52.7,0
52.73,0.168,0.1209,0.2403,560.9,59.83,1
26.8,0.1513,0.1395,0.2257,195.69,52.67,0
47.06,0.1629,0.1352,0.2182,269.79,56.19,0
40.75,0.1605,0.1366,0.2165,254.73,54.08,0
56.14,0.2039,0.1368,0.2963,299.16,60.7,0
21.76,0.1558,0.111,0.2208,133.13,51.02,0
36.34,0.1797,0.1329,0.1768,178.2,55.23,0
51.51,0.1795,0.1489,0.2673,272.25,57.42,0
30.76,0.1604,0.0872,0.2355,184.47,52.31,0
26.98,0.1317,0.1251,0.2425,161.96,51.3,0
46.32,0.2115,0.1301,0.2194,235.99,57.27,0
49.07,0.1552,0.1299,0.2538,268.48,56.69,0
46.06,0.1415,0.1306,0.286,244.77,54.77,0
67.65,0.1926,0.1429,0.3129,332.39,62.1,0
46.28,0.1644,0.1381,0.2247,249.09,54.68,0
66.44,0.2075,0.1534,0.2624,320.06,63.16,0
52.05,0.1805,0.151,0.2679,240.94,56.34,0
63.81,0.2073,0.1589,0.2856,317.81,60.89,0
64.84,0.1952,0.1515,0.2816,312.69,61.31,0
35.6,0.1518,0.1293,0.2887,212.1,53.95,0
37.77,0.134,0.1231,0.2786,191.57,56.75,0
34.36,0.1365,0.1125,0.2707,207.03,55.24,0
44.11,0.143,0.1339,0.2475,245.26,55.94,0
47.47,0.156,0.1213,0.2509,258.76,59.02,0
64.08,0.192,0.158,0.3048,317.74,62.46,0
29.31,0.0956,0.1169,0.2219,169.89,53.44,0
29.87,0.1428,0.1649,0.2246,184.3,53.35,0
23.55,0.1698,0.1282,0.1942,179.76,50.31,0
58.71,0.1728,0.1462,0.2469,295.38,61.1,0
76.64,0.2606,0.1748,0.2966,419.65,64.08,0
41.72,0.1605,0.1214,0.2575,229.8,53.76,0
47.85,0.164,0.1695,0.2976,266.34,56.72,0
30.38,0.1484,0.138,0.2634,157.87,53.26,0
20.62,0.1208,0.1168,0.1831,115.99,51.96,0
58.41,0.1489,0.1647,0.2635,275.06,59.97,0
43.72,0.1839,0.1616,0.2943,253.8,54.19,0
62.19,0.1875,0.1773,0.3068,316.49,59.86,0
43.79,0.1731,0.1552,0.2805,242.34,57.98,0
60.76,0.1865,0.117,0.2461,307.8,57.22,0
70.97,0.1563,0.1474,0.3007,347.97,62.77,0
33.93,0.155,0.1322,0.2445,187.31,53.15,0
35.78,0.1992,0.1108,0.2448,217.98,53.02,0
50.81,0.1576,0.1058,0.2906,275.84,58.27,0
46.91,0.1761,0.0986,0.2164,244.31,57.4,0
69.74,0.1955,0.1724,0.2799,367.57,63.4,0
23.4,0.1189,0.0727,0.2001,132.36,50.17,0
58.79,0.2063,0.1395,0.3137,307.72,59.11,0
23.46,0.1246,0.0854,0.2297,118.61,50.26,0
23.99,0.1357,0.1239,0.2484,168.42,50.36,0
76.16,0.209,0.1627,0.2801,375.59,62.49,0
42.77,0.1662,0.1583,0.2051,262.72,55.27,0
40.71,0.1595,0.1383,0.2111,202.41,55.28,0
72.0,0.2261,0.1702,0.3326,381.69,61.29,0
25.0,0.1818,0.1247,0.2528,143.33,49.91,0
26.2,0.1308,0.0803,0.2369,143.0,51.21,0
71.31,0.1835,0.1325,0.3102,366.27,61.33,0
35.43,0.168,0.1643,0.2347,201.64,55.35,0
63.04,0.1879,0.1476,0.2633,341.81,60.04,0
64.72,0.1682,0.1372,0.2855,342.62,64.06,0
77.4,0.2188,0.1682,0.2559,396.69,66.82,0
42.08,0.1759,0.1742,0.2338,244.42,57.18,0
40.57,0.1469,0.1523,0.3248,205.49,57.4,0
70.33,0.197,0.1817,0.2903,378.49,62.08,0
58.73,0.1651,0.1644,0.2701,328.06,58.66,0
40.52,0.1485,0.1422,0.2578,221.39,56.09,0
59.28,0.2178,0.1473,0.2512,300.55,58.36,0
58.8,0.1489,0.6355,0.2416,292.54,109.1,1
52.08,0.1687,0.1312,0.2748,235.7,59.84,0
51.29,0.2013,0.1052,0.2688,261.94,57.03,0
69.59,0.2058,0.1527,0.2792,343.36,60.64,0
75.22,0.2059,0.1605,0.216,366.58,62.93,0
57.61,0.1585,0.1426,0.3419,289.28,59.95,0
22.1,0.1217,0.1042,0.2768,127.94,51.98,0
60.14,0.1731,0.1243,0.3198,318.08,60.54,0
38.72,0.1822,0.1182,0.2135,200.5,54.23,0
38.75,0.1639,0.1231,0.2131,202.58,53.93,0
72.22,0.1599,0.1716,0.2835,377.29,63.17,0
39.7,0.1462,0.1207,0.22,243.33,55.65,0
51.07,0.4941,0.1512,1.0079,302.02,57.15,1
33.75,0.1474,0.1058,0.2214,202.27,52.7,0
73.38,0.1554,0.1508,0.2964,380.55,61.01,0
56.67,0.1678,0.167,0.2312,324.66,58.11,0
71.5,0.1856,0.1557,0.2996,374.27,60.41,0
35.66,0.1614,0.1384,0.2401,169.35,55.97,0
59.03,0.1547,0.1217,0.3078,300.92,58.2,0
56.74,0.1926,0.1549,0.2618,300.76,58.81,0
60.55,0.186,0.1596,0.3358,275.44,61.45,0
47.25,0.188,0.1338,0.2644,250.58,58.41,0
40.65,0.1676,0.1696,0.2381,217.27,54.41,0
66.86,0.1869,0.1616,0.3327,343.29,58.3,0
21.24,0.1179,0.1108,0.2272,125.0,50.29,0
50.78,0.1424,0.1543,0.2454,269.44,57.55,0
41.87,0.1552,0.1581,0.2477,248.05,55.37,0
41.24,0.1838,0.1613,0.279,205.71,53.55,0
31.37,0.1454,0.1346,0.2436,198.51,51.97,0
49.58,0.2045,0.3995,0.2762,249.41,107.52,1
29.56,0.1316,0.1535,0.2606,166.62,54.23,0
40.46,0.1431,0.1243,0.2156,236.53,53.32,0
48.73,0.1762,0.124,0.2459,273.45,55.67,0
50.35,0.1673,0.1451,0.2803,261.4,55.29,0
55.3,0.1707,0.1513,0.3168,289.65,57.28,0
50.36,0.1584,0.1502,0.2697,574.4,57.4,1
42.14,0.1526,0.1238,0.2854,224.68,54.34,0
53.03,0.1656,0.1311,0.2674,275.31,59.21,0
33.48,0.1844,0.1525,0.2628,165.34,54.63,0
55.59,0.2037,0.1124,0.257,298.06,58.86,0
20.75,0.1556,0.1107,0.2448,131.88,49.67,0
75.72,0.2252,0.1773,0.2862,391.79,64.4,0
45.31,0.1411,0.1037,0.2718,237.45,54.67,0
58.26,0.2172,0.1436,0.2261,313.0,63.78,0
70.16,0.2145,0.15,0.2718,374.07,64.88,0
72.02,0.1673,0.1431,0.3142,345.08,63.29,0
74.1,0.2277,0.139,0.2529,378.91,67.12,0
75.38,0.2182,0.1622,0.2618,394.98,62.41,0
77.05,0.2127,0.2035,0.2804,396.63,66.72,0
47.84,0.134,0.1276,0.2405,238.88,53.19,0
77.87,0.2013,0.1651,0.2842,386.09,64.4,0
43.99,0.1694,0.1183,0.2279,229.11,55.67,0
32.7,0.1539,0.1422,0.229,193.25,53.87,0
63.55,0.206,0.161,0.2947,339.53,60.0,0
31.42,0.1521,0.1232,0.2048,178.01,51.86,0
56.74,0.1622,0.1015,0.3046,301.92,59.82,0
48.89,0.1762,0.1609,0.2408,254.1,57.17,0
39.87,0.1558,0.1338,0.2569,215.25,53.79,0
67.93,0.1901,0.1685,0.2577,354.3,60.72,0
30.06,0.1248,0.1163,0.1953,152.77,52.15,0
62.01,0.1626,0.1453,0.2759,323.9,61.14,0
61.97,0.153,0.1598,0.2292,330.56,61.91,0
21.81,0.1191,0.0973,0.2334,114.76,53.08,0
23.17,0.1723,0.1248,0.2009,130.52,48.71,0
54.68,0.1814,0.153,0.2935,254.39,56.42,0
40.24,0.1384,0.1303,0.229,247.92,55.49,0
40.42,0.1744,0.139,0.2664,256.37,54.57,0
54.45,0.1992,0.1417,0.2494,298.4,59.81,0
66.21,0.1742,0.1235,0.3176,335.09,61.62,0
40.77,0.1505,0.1262,0.2577,227.6,55.24,0
24.7,0.1335,0.1473,0.2275,127.54,50.65,0
57.72,0.1798,0.154,0.3072,285.3,60.09,0
44.66,0.1435,0.096,0.3,254.73,57.3,0
62.7,0.1955,0.1729,0.3227,317.43,57.73,0
66.14,0.185,0.1365,0.3239,357.04,58.58,0
26.58,0.1556,0.1204,0.2419,145.75,53.45,0
76.45,0.2074,0.1812,0.3227,391.47,61.94,0
35.09,0.159,0.1316,0.2484,194.95,52.47,0
24.02,0.1507,0.1248,0.2119,127.06,53.73,0
30.17,0.1328,0.1592,0.2423,169.52,53.09,0
55.48,0.1787,0.1523,0.309,310.28,59.94,0
64.52,0.204,0.1511,0.2909,361.21,58.53,0
73.36,0.1778,0.1271,0.2926,388.78,64.77,0
67.6,0.1576,0.1402,0.3302,350.08,62.9,0
66.51,0.194,0.189,0.2427,352.56,61.44,0
34.16,0.1895,0.1122,0.2262,192.79,53.19,0
34.3,0.1538,0.1569,0.2398,430.82,53.67,1
34.05,0.1624,0.1009,0.2777,194.63,52.11,0
45.85,0.1981,0.1173,0.2153,230.68,57.25,0
21.29,0.1381,0.0797,0.2247,101.11,52.31,0
42.48,0.1263,0.1448,0.2464,222.42,59.15,0
30.42,0.1541,0.1193,0.2101,153.54,55.41,0
39.94,0.17,0.1165,0.1972,221.44,55.09,0
50.5,0.1722,0.1267,0.294,268.77,59.35,0
73.98,0.1747,0.1629,0.2766,390.0,65.69,0
35.02,0.1559,0.1324,0.2884,202.21,53.69,0
50.86,0.1547,0.0587,0.2649,243.97,56.64,0
70.35,0.1882,0.1737,0.2762,348.8,62.04,0
66.98,0.1879,0.1716,0.2798,355.96,62.66,0
72.74,0.1747,0.1684,0.2804,376.29,63.09,0
28.15,0.1626,0.1255,0.2396,164.54,52.11,0
69.08,0.1854,0.6369,0.298,357.85,109.52,1
68.55,0.1736,0.1608,0.2885,336.35,60.77,0
67.45,0.195,0.1787,0.3252,340.15,61.52,0
48.53,0.1534,0.1429,0.2361,262.23,59.58,0
35.56,0.1754,0.0893,0.2195,187.92,49.84,0
41.19,0.1389,0.1153,0.257,437.25,53.72,1
51.87,0.1904,0.1749,0.2689,285.47,56.54,0
56.28,0.1603,0.1281,0.3084,290.38,57.96,0
34.23,0.1231,0.1214,0.2141,207.91,53.0,0
25.57,0.1264,0.1546,0.2318,161.17,51.06,0
59.26,0.181,0.1522,0.3287,312.16,59.57,0
20.2,0.1111,0.1434,0.1963,141.25,49.08,0
25.39,0.1434,0.0858,0.1669,140.48,51.64,0
33.87,0.1515,0.1402,0.2454,197.72,53.97,0
25.18,0.1251,0.1233,0.2042,164.76,49.64,0
47.99,0.17,0.1452,0.3025,244.78,57.94,0
59.64,0.1835,0.1477,0.2662,327.07,58.09,0
33.47,0.1611,0.1474,0.2245,200.98,55.18,0
76.66,0.1806,0.1785,0.3391,388.44,64.57,0
29.77,0.1886,0.1211,0.2435,144.19,55.97,0
74.7,0.1908,0.1549,0.2541,401.3,63.57,0
24.57,0.1141,0.1448,0.2522,155.14,51.53,0
63.59,0.2029,0.1263,0.3099,318.25,60.05,0
49.74,0.1788,0.1328,0.2657,260.81,59.92,0
71.96,0.1756,0.1658,0.282,362.31,63.74,0
36.42,0.1467,0.1487,0.202,161.78,57.0,0
42.87,0.1596,0.1237,0.2703,216.32,53.64,0
75.05,0.1748,0.4681,0.272,364.62,99.36,1
33.17,0.1598,0.1357,0.23,184.24,51.13,0
24.81,0.1541,0.1292,0.1644,141.64,52.0,0
75.99,0.2142,0.1512,0.2831,353.07,63.01,0
52.3,0.1395,0.1453,0.3037,266.07,57.3,0
68.08,0.1856,0.1719,0.3058,352.03,60.41,0
53.05,0.1648,0.1443,0.2983,285.2,58.28,0
47.21,0.1535,0.1216,0.2438,232.01,60.83,0
46.29,0.1832,0.153,0.2733,252.94,55.83,0
48.33,0.1802,0.1299,0.2687,263.93,57.42,0
63.78,0.1843,0.1454,0.2124,339.44,61.98,0
21.07,0.1401,0.1086,0.1773,130.39,48.4,0
47.35,0.1491,0.1649,0.2305,245.97,54.86,0
26.34,0.1338,0.1278,0.2078,164.46,51.93,0
52.61,0.2088,0.1435,0.2721,271.93,58.39,0
40.56,0.1723,0.0938,0.2355,233.8,55.44,0
34.58,0.1586,0.1708,0.2278,211.12,52.12,0
56.43,0.1876,0.1197,0.2572,317.05,59.59,0
27.84,0.1427,0.1245,0.156,140.2,53.3,0
69.11,0.1877,0.1224,0.3107,348.96,59.15,0
45.16,0.1648,0.1252,0.2246,244.59,56.47,0
22.57,0.145,0.1011,0.1989,127.63,49.95,0
40.8,0.2013,0.1963,0.2978,241.93,55.09,0
45.36,0.127,0.1484,0.2546,277.89,57.05,0
22.32,0.1509,0.1079,0.2248,149.91,49.17,0
44.89,0.1495,0.1499,0.2065,227.43,55.87,0
48.29,0.17,0.1498,0.2391,246.6,54.91,0
49.61,0.172,0.1215,0.2098,270.11,55.42,0
65.56,0.1606,0.156,0.2982,323.26,63.66,0
62.91,0.1675,0.1583,0.3071,311.31,60.85,0
41.54,0.1687,0.1346,0.2537,220.9,52.87,0
65.28,0.1896,0.152,0.2905,360.16,63.47,0
24.83,0.1303,0.1292,0.2649,159.76,46.88,0
67.39,0.1902,0.1726,0.2626,335.3,61.92,0
69.8,0.1943,0.1698,0.3081,345.29,59.75,0
66.55,0.2025,0.1718,0.2679,357.62,60.29,0
74.66,0.1977,0.1452,0.3551,342.54,62.97,0
35.01,0.144,0.1151,0.2347,202.74,56.81,0
23.63,0.1603,0.1453,0.1844,156.24,50.92,0
67.02,0.1263,0.1267,0.3103,346.98,59.03,0
66.63,0.1975,0.1167,0.3304,349.37,61.67,0
38.24,0.1535,0.1547,0.2544,208.46,54.07,0
45.88,0.1319,0.1529,0.248,232.41,56.32,0
51.52,0.1492,0.1132,0.2845,274.36,57.97,0
21.32,0.1232,0.0926,0.2551,140.36,49.36,0
72.29,0.1979,0.1694,0.262,403.17,61.33,0
69.73,0.1914,0.1293,0.2879,341.65,62.01,0
66.61,0.1798,0.1693,0.2261,350.86,62.27,0
44.65,0.1687,0.0996,0.2827,245.82,56.35,0
34.78,0.1729,0.0939,0.1804,170.14,55.73,0
69.39,0.2088,0.1458,0.2818,361.95,63.45,0
35.78,0.4063,0.1113,0.7028,187.12,53.4,1
46.71,0.1806,0.1644,0.2951,262.99,57.05,0
31.38,0.1766,0.1179,0.267,200.8,51.73,0
46.28,0.1363,0.154,0.2335,238.25,58.46,0
57.55,0.1757,0.1235,0.2839,316.77,59.36,0
23.05,0.1624,0.1392,0.225,146.21,49.82,0
35.29,0.1882,0.1366,0.2228,160.45,55.55,0
25.61,0.1354,0.1293,0.2036,143.13,53.17,0
44.69,0.1283,0.1216,0.2543,241.77,54.66,0
21.37,0.1379,0.1246,0.1971,139.64,52.41,0
36.21,0.1412,0.1138,0.2136,206.91,52.74,0
28.72,0.1305,0.1208,0.2183,169.01,50.68,0
30.94,0.1422,0.154,0.2269,165.75,52.1,0
47.95,0.144,0.1586,0.2948,247.89,55.18,0
73.9,0.1792,0.1236,0.3474,370.68,63.8,0
56.5,0.1872,0.1376,0.2411,342.79,57.75,0
77.98,0.1617,0.1522,0.3011,388.46,64.7,0
56.74,0.1599,0.163,0.2467,297.79,60.02,0
59.05,0.1948,0.1743,0.1816,320.4,62.6,0
76.22,0.1885,0.172,0.2712,373.59,62.64,0
34.33,0.1655,0.1416,0.1953,193.06,56.2,0
66.17,0.1634,0.17,0.2425,323.73,61.15,0
51.14,0.1669,0.1334,0.2402,296.78,57.19,0
25.87,0.1305,0.1744,0.1789,152.3,53.92,0
22.99,0.1476,0.1334,0.2075,139.21,51.65,0
35.7,0.1471,0.1217,0.2421,196.92,56.47,0
42.88,0.1445,0.0943,0.2291,221.5,55.7,0
36.46,0.1537,0.5979,0.198,203.3,104.4,1
46.5,0.1739,0.1493,0.2616,237.97,54.59,0
59.75,0.1995,0.7048,0.313,303.46,107.06,1
55.88,0.1965,0.1129,0.2582,290.87,58.39,0
37.66,0.1884,0.1029,0.217,198.29,55.9,0
75.72,0.1585,0.203,0.3264,410.3,63.06,0
46.29,0.1875,0.1333,0.2529,225.06,55.89,0
41.26,0.1635,0.1261,0.2746,208.31,57.6,0
37.49,0.1625,0.1353,0.2358,203.34,54.01,0
42.44,0.1628,0.137,0.2042,229.79,55.04,0
27.02,0.1432,0.0878,0.2573,154.98,53.01,0
41.25,0.1889,0.1584,0.2069,215.25,54.07,0
25.65,0.1675,0.1244,0.2449,142.42,50.47,0
58.22,0.2177,0.1873,0.2696,303.16,59.36,0
40.93,0.1756,0.1453,0.3137,219.25,57.85,0
52.46,0.1573,0.1442,0.2485,300.66,58.45,0
44.57,0.1809,0.1299,0.2259,229.23,58.46,0
68.96,0.1846,0.1846,0.2848,342.44,60.77,0
37.16,0.1686,0.1201,0.2496,230.45,55.57,0
58.6,0.1981,0.1431,0.2743,297.93,59.15,0
26.64,0.1474,0.1065,0.1707,148.66,51.25,0
72.91,0.1722,0.137,0.3455,370.42,63.21,0
56.75,0.1951,0.1452,0.2942,316.97,62.07,0
34.62,0.1589,0.0694,0.2419,200.09,52.21,0
41.9,0.1367,0.125,0.2412,232.73,52.77,0
21.67,0.1836,0.1151,0.2306,122.5,49.77,0
72.69,0.5036,0.1472,0.646,357.44,63.89,1
50.24,0.1741,0.1532,0.2544,245.11,57.67,0
62.17,0.1678,0.1204,0.3134,303.25,60.74,0
55.49,0.1765,0.1592,0.2804,316.86,58.76,0
64.31,0.1942,0.1729,0.253,329.67,62.37,0
22.61,0.1499,0.1524,0.2452,133.66,52.44,0
69.14,0.2068,0.1795,0.2679,345.73,64.59,0
55.84,0.1784,0.1468,0.275,290.83,58.16,0
24.48,0.0681,0.1267,0.2236,117.19,48.5,0
31.07,0.1448,0.1222,0.2391,189.26,50.52,0
34.72,0.1481,0.1035,0.2646,185.79,51.97,0
36.18,0.1301,0.1322,0.1904,214.96,53.31,0
75.95,0.1811,0.1405,0.2772,365.06,62.75,0
20.12,0.1201,0.1235,0.1808,125.63,49.79,0
22.96,0.1247,0.1287,0.1841,148.97,53.17,0
68.37,0.1915,0.1471,0.2315,361.3,63.18,0
37.82,0.1406,0.1579,0.25,206.64,52.73,0
48.77,0.1958,0.1301,0.1815,258.68,56.55,0
26.52,0.1455,0.1542,0.197,165.84,47.16,0
48.59,0.1522,0.14,0.2821,267.49,56.92,0
49.21,0.2008,0.1354,0.313,268.23,56.63,0
30.31,0.1432,0.138,0.2856,173.23,54.04,0
54.67,0.1872,0.1173,0.2964,277.75,60.25,0
72.05,0.1903,0.1449,0.2525,333.72,61.89,0
32.82,0.1644,0.1441,0.2383,172.5,53.37,0
48.61,0.1598,0.1088,0.2642,255.3,56.82,0
47.7,0.1855,0.1192,0.1905,249.36,58.96,0
69.58,0.185,0.1428,0.2439,330.37,61.93,0
43.48,0.1824,0.1528,0.3203,218.54,56.32,0
46.54,0.1756,0.4889,0.199,260.41,106.01,1
43.63,0.1542,0.1308,0.2513,191.98,56.69,0
68.0,0.1517,0.1483,0.3626,355.42,61.52,0
69.06,0.1579,0.1556,0.2755,353.84,61.33,0
26.93,0.1571,0.0692,0.2737,137.99,51.64,0
20.33,0.1424,0.1435,0.2067,143.79,50.6,0
70.2,0.2155,0.1916,0.2561,366.8,61.65,0
28.52,0.1375,0.1196,0.2308,191.32,53.08,0
38.44,0.185,0.1384,0.2081,201.97,54.28,0
54.56,0.1712,0.1249,0.2625,278.82,60.33,0
43.91,0.1792,0.1341,0.2403,222.74,55.21,0
61.19,0.1616,0.147,0.3105,329.39,61.85,0
59.74,0.2153,0.1527,0.2776,294.45,60.53,0
48.89,0.1641,0.1315,0.2839,259.19,59.79,0
24.67,0.1615,0.0933,0.2224,164.01,52.59,0
25.21,0.1661,0.1002,0.2359,156.19,52.48,0
51.22,0.1735,0.1339,0.2579,273.66,54.94,0
42.99,0.1907,0.0955,0.2282,226.5,52.89,0
28.49,0.1461,0.1205,0.2375,158.94,49.67,0
52.59,0.1795,0.1362,0.2633,270.75,58.51,0
31.66,0.1691,0.1013,0.2301,178.9,53.98,0
53.03,0.1528,0.1592,0.2846,259.27,57.26,0
43.01,0.1716,0.1297,0.2237,215.94,57.28,0
29.94,0.1324,0.1684,0.1924,161.31,52.72,0
39.96,0.1539,0.1474,0.1971,213.88,54.28,0
33.61,0.1042,0.141,0.2154,192.38,56.72,0
71.66,0.1512,0.1713,0.2675,344.09,62.42,0
22.22,0.1514,0.1645,0.2043,153.57,51.75,0
55.78,0.1382,0.1615,0.223,297.02,58.64,0
53.71,0.1883,0.1212,0.2681,290.04,60.07,0
33.4,0.174,0.1054,0.2268,177.22,50.93,0
61.53,0.1541,0.1168,0.3033,509.38,60.14,1
56.88,0.184,0.1104,0.3271,280.21,60.75,0
72.06,0.1978,0.1396,0.3359,354.81,62.1,0
66.57,0.2043,0.1543,0.2437,319.87,58.96,0
31.87,0.1835,0.0753,0.1767,198.47,53.34,0
35.28,0.1786,0.1397,0.2161,211.7,51.78,0
48.78,0.1813,0.1282,0.254,243.07,56.4,0
54.37,0.1786,0.1677,0.2765,305.37,55.55,0
76.06,0.2026,0.2102,0.2996,391.57,62.04,0
25.72,0.1462,0.1546,0.2104,147.53,50.96,0
69.77,0.2102,0.1297,0.2782,368.58,62.2,0
22.35,0.1177,0.1267,0.2282,125.37,50.92,0
52.69,0.2187,0.1538,0.247,257.45,58.95,0
34.5,0.1365,0.1816,0.2055,193.87,53.39,0
64.05,0.1906,0.1861,0.2787,310.53,61.11,0
25.52,0.1518,0.1308,0.2526,165.03,52.53,0
28.36,0.1785,0.1212,0.2308,117.27,51.72,0
45.56,0.144,0.114,0.2688,263.29,56.02,0
37.85,0.1582,0.1182,0.2346,202.08,55.37,0
64.22,0.2044,0.1758,0.2716,334.17,59.97,0
50.89,0.1861,0.1316,0.2543,279.36,57.08,0
75.54,0.1953,0.1608,0.365,398.64,63.57,0
33.19,0.1535,0.1147,0.2543,173.29,53.72,0
71.17,0.1604,0.1683,0.3618,366.17,63.07,0
71.33,0.2125,0.1589,0.3366,347.73,63.19,0
33.15,0.1602,0.1302,0.2799,187.68,51.53,0
63.68,0.1641,0.1781,0.3097,327.21,63.67,0
72.14,0.1647,0.1619,0.2987,362.4,60.96,0
72.67,0.2004,0.1741,0.3059,361.56,63.76,0
22.62,0.1575,0.1009,0.2388,161.76,52.12,0
25.55,0.126,0.0896,0.1829,151.81,52.56,0
53.91,0.1595,0.1214,0.2527,298.85,58.38,0
20.26,0.1247,0.1254,0.1558,84.1,49.36,0
62.06,0.171,0.1498,0.2666,333.98,60.25,0
51.24,0.1857,0.1524,0.2831,261.82,58.7,0
32.01,0.1673,0.1296,0.2522,162.46,53.87,0
35.86,0.1484,0.0931,0.2147,176.07,53.05,0
30.59,0.1495,0.1135,0.1979,180.96,53.03,0
35.11,0.1354,0.1664,0.2312,191.38,54.04,0
31.24,0.1584,0.1004,0.2407,186.6,51.26,0
46.87,0.1686,0.0765,0.2973,250.28,60.61,0
65.24,0.1703,0.1591,0.3026,339.81,62.09,0
51.91,0.2014,0.1258,0.2345,258.58,57.07,0
77.57,0.2184,0.152,0.2575,433.9,67.95,0
22.39,0.1301,0.1442,0.2291,158.28,48.51,0
39.99,0.1702,0.1587,0.2586,223.66,55.11,0
35.29,0.1905,0.1246,0.253,206.24,54.35,0
66.24,0.2057,0.1401,0.2778,366.91,62.11,0
48.16,0.1722,0.4866,0.277,245.76,109.61,1
60.33,0.188,0.1481,0.2627,290.44,60.29,0
25.0,0.151,0.1208,0.2017,111.73,52.59,0
64.58,0.1993,0.5099,0.3067,348.99,114.33,1
20.01,0.1523,0.0842,0.2303,135.2,51.12,0
24.01,0.115,0.1441,0.1927,132.55,49.03,0
77.81,0.2296,0.1807,0.325,371.58,65.85,0
68.47,0.1736,0.1623,0.2441,353.85,62.15,0
31.32,0.1297,0.1306,0.2269,181.08,54.38,0
48.81,0.1794,0.1616,0.3289,262.95,57.49,0
36.78,0.1401,0.125,0.1926,229.95,55.17,0
22.84,0.1428,0.1459,0.1731,118.93,52.03,0
73.15,0.1832,0.1246,0.2507,385.75,63.36,0
30.04,0.1766,0.1155,0.2635,163.84,54.43,0
29.08,0.1277,0.1524,0.2535,148.85,51.29,0
42.31,0.1706,0.1461,0.2123,242.98,52.14,0
60.17,0.1754,0.1702,0.2565,332.27,59.71,0
59.92,0.1666,0.1602,0.2581,305.55,60.38,0
30.52,0.1915,0.0993,0.2946,200.38,53.73,0
40.15,0.1471,0.1115,0.2663,213.06,54.42,0
61.31,0.6261,0.1431,0.7167,317.47,61.16,1
53.83,0.1781,0.1787,0.2579,267.56,58.93,0
62.84,0.1679,0.1522,0.3154,303.49,61.61,0
23.03,0.1553,0.169,0.237,166.72,48.62,0
36.14,0.1495,0.0921,0.2204,226.33,54.79,0
77.53,0.2005,0.1759,0.3054,395.86,62.73,0
54.86,0.1529,0.1463,0.2695,271.69,58.64,0
40.99,0.1474,0.1033,0.257,229.34,55.44,0
49.99,0.1682,0.1216,0.3086,244.86,57.26,0
61.24,0.5315,0.146,0.6486,300.28,60.87,1
41.28,0.157,0.1573,0.2195,236.8,54.04,0
64.39,0.1461,0.1096,0.2849,334.57,62.52,0
71.79,0.1942,0.1606,0.2961,378.88,61.98,0
44.19,0.1645,0.107,0.2423,230.77,57.48,0
72.8,0.1932,0.1569,0.2872,352.9,64.48,0
72.29,0.2051,0.1793,0.319,339.25,65.0,0
66.73,0.1923,0.1284,0.3007,351.35,60.69,0
58.21,0.1746,0.1462,0.2388,274.38,60.48,0
63.57,0.2075,0.155,0.2809,323.54,60.85,0
23.01,0.1337,0.0822,0.2487,118.79,49.93,0
51.09,0.1529,0.1203,0.2982,260.05,58.56,0
25.48,0.1452,0.1252,0.2215,163.13,49.34,0
72.67,0.209,0.1388,0.2485,379.72,61.79,0
71.01,0.2158,0.191,0.2961,342.83,59.63,0
50.05,0.1582,0.1266,0.2826,278.05,60.16,0
40.56,0.1602,0.1503,0.2405,204.74,53.66,0
64.8,0.1961,0.1933,0.3117,331.78,60.16,0
36.65,0.1615,0.1256,0.2215,200.75,55.43,0
52.55,0.1625,0.1742,0.2687,261.01,57.38,0
59.25,0.175,0.5619,0.3003,291.02,107.55,1
64.26,0.168,0.1525,0.292,314.66,59.89,0
41.19,0.1443,0.1443,0.269,239.23,57.72,0
51.74,0.1672,0.1636,0.2016,226.22,57.73,0
74.13,0.2033,0.167,0.2559,369.96,63.74,0
38.43,0.1659,0.1036,0.2622,202.29,54.93,0
60.47,0.1646,0.1381,0.2834,306.81,59.3,0
58.97,0.1597,0.1191,0.2218,309.57,59.69,0
34.83,0.1411,0.1288,0.2508,170.59,54.53,0
22.83,0.0995,0.1142,0.2113,106.66,48.38,0
56.01,0.1938,0.151,0.247,286.16,58.62,0
30.04,0.1362,0.1403,0.2296,159.12,50.74,0
66.22,0.214,0.1183,0.2859,359.04,63.23,0
61.16,0.1938,0.1691,0.2457,322.45,60.48,0
44.98,0.4702,0.1036,0.9568,246.18,53.7,1
71.2,0.2216,0.1732,0.3015,370.25,61.9,0
26.55,0.1213,0.0937,0.1682,128.18,51.73,0
46.39,0.1254,0.1297,0.2712,240.26,55.36,0
26.13,0.1517,0.1699,0.1535,117.74,51.77,0
42.63,0.1552,0.1327,0.2394,208.1,59.38,0
45.53,0.1599,0.1309,0.247,256.73,56.81,0
43.09,0.1647,0.1048,0.2232,278.79,54.23,0
38.32,0.137,0.1159,0.2423,242.4,53.01,0
71.47,0.1696,0.166,0.2762,362.19,63.95,0
62.49,0.1628,0.1162,0.2521,285.38,60.33,0
63.12,0.1885,0.1575,0.2725,319.65,59.07,0
58.13,0.1882,0.1254,0.3118,307.45,59.06,0
63.65,0.1631,0.1518,0.2772,333.61,63.17,0
61.31,0.1823,0.1639,0.2605,306.09,62.85,0
32.74,0.1522,0.1237,0.2352,195.35,52.38,0
65.87,0.1772,0.1519,0.2824,355.38,60.3,0
28.77,0.1541,0.1425,0.2158,160.03,52.48,0
44.12,0.1499,0.0902,0.2856,502.62,55.11,1
55.11,0.1957,0.168,0.3406,266.8,58.53,0
47.72,0.1651,0.102,0.2983,258.86,57.96,0
70.99,0.226,0.1513,0.3498,364.36,61.97,0
59.12,0.1774,0.1318,0.241,307.87,57.37,0
30.53,0.1447,0.1157,0.2042,176.57,52.45,0
59.74,0.1773,0.1558,0.3209,313.83,61.31,0
20.44,0.1307,0.1147,0.2002,134.51,49.83,0
73.29,0.1734,0.1585,0.316,516.03,66.4,1
48.86,0.1283,0.1084,0.2479,268.56,57.12,0
67.54,0.162,0.1383,0.306,362.44,64.04,0
42.16,0.1761,0.1424,0.25,193.89,55.84,0
66.25,0.2175,0.1712,0.2497,335.64,60.8,0
35.7,0.1708,0.1534,0.2361,216.18,55.46,0
73.12,0.192,0.2015,0.2552,385.81,57.88,0
29.69,0.1283,0.1222,0.2564,165.43,54.5,0
44.4,0.1576,0.1461,0.2636,237.96,56.0,0
64.33,0.2106,0.1644,0.2788,345.74,61.5,0
29.08,0.1343,0.146,0.2291,149.87,53.57,0
60.68,0.1673,0.1539,0.2801,500.48,58.32,1
20.75,0.1742,0.1689,0.2191,145.84,51.16,0
29.3,0.119,0.1206,0.17,173.08,53.87,0
70.73,0.1918,0.1473,0.2822,365.98,61.09,0
57.61,0.2098,0.1234,0.2375,309.39,56.94,0
45.64,0.1439,0.1314,0.2341,233.39,58.77,0
21.81,0.1337,0.112,0.2354,122.24,50.69,0
75.57,0.1934,0.1555,0.3644,370.07,62.85,0
77.36,0.2052,0.1695,0.2919,398.72,66.45,0
36.67,0.1606,0.1114,0.2427,170.67,53.6,0
62.7,0.1869,0.1251,0.3093,316.57,60.95,0
35.01,0.1499,0.1164,0.2697,171.89,53.91,0
66.77,0.204,0.1313,0.2769,326.28,62.28,0
31.19,0.1874,0.1438,0.2597,195.83,54.95,0
32.63,0.1688,0.1275,0.2693,160.95,53.65,0
72.46,0.1685,0.1442,0.3257,370.41,65.45,0
61.4,0.1872,0.1747,0.2455,315.55,59.96,0
29.24,0.1827,0.1099,0.2217,163.93,51.54,0
44.59,0.1481,0.1462,0.2545,227.95,58.36,0
50.0,0.1692,0.1895,0.2793,252.44,57.3,0
36.56,0.4858,0.1288,0.8137,189.07,54.31,1
40.03,0.1604,0.1543,0.2625,221.05,54.92,0
26.42,0.1476,0.1051,0.2101,154.11,51.4,0
72.08,0.181,0.1583,0.231,353.16,64.4,0
62.4,0.1729,0.1556,0.2715,347.86,59.85,0
77.71,0.1943,0.1652,0.3136,382.04,67.7,0
22.34,0.1531,0.0966,0.2825,120.19,50.83,0
52.97,0.1504,0.1277,0.2704,280.23,60.56,0
65.24,0.1868,0.1308,0.2618,320.76,60.76,0
45.71,0.1888,0.1451,0.3027,246.12,56.76,0
44.79,0.1469,0.1201,0.262,247.47,54.86,0
37.49,0.1672,0.1236,0.2911,213.81,54.45,0
24.12,0.1415,0.0945,0.2182,123.18,50.01,0
57.19,0.1878,0.1339,0.3007,297.43,58.63,0
56.5,0.1511,0.1735,0.2723,304.44,56.8,0
76.72,0.1885,0.1513,0.3258,392.18,66.15,0
39.28,0.1651,0.097,0.2475,230.37,56.2,0
59.88,0.1449,0.1705,0.2341,324.08,59.98,0
74.71,0.1899,0.1768,0.3277,373.29,64.8,0
71.57,0.2292,0.1754,0.2789,355.51,60.35,0
64.44,0.1463,0.1634,0.2928,327.25,61.61,0
36.95,0.1333,0.1459,0.2712,218.84,53.24,0
58.97,0.1763,0.1221,0.2294,354.57,62.61,0
33.66,0.1425,0.1246,0.2589,189.44,54.93,0
76.98,0.2514,0.1634,0.3266,391.84,62.46,0
43.09,0.1867,0.1634,0.2602,228.46,54.25,0
35.71,0.1273,0.4283,0.2538,193.69,98.78,1
36.67,0.1254,0.1005,0.2437,201.79,51.62,0
67.02,0.1833,0.1581,0.2697,358.73,59.67,0
52.19,0.1732,0.1415,0.2292,287.72,54.9,0
51.75,0.1996,0.1654,0.3092,249.36,59.69,0
54.3,0.1478,0.5983,0.2779,302.53,97.16,1
53.64,0.1883,0.1272,0.2454,273.06,58.24,0
58.21,0.1859,0.1582,0.3018,293.54,59.4,0
54.75,0.1843,0.133,0.2697,284.51,61.27,0
44.78,0.1376,0.1229,0.275,236.42,55.05,0
76.81,0.1996,0.1501,0.2945,369.74,63.34,0
62.97,0.1619,0.1785,0.2796,319.4,62.54,0
69.69,0.2477,0.1686,0.2353,372.8,62.87,0
39.84,0.1581,0.1225,0.2126,171.42,56.48,0
67.02,0.1926,0.1826,0.2946,349.56,59.37,0
21.97,0.1311,0.1257,0.1859,131.07,49.29,0
21.63,0.1345,0.1039,0.1972,158.42,51.11,0
63.1,0.1805,0.1528,0.2785,333.01,60.09,0
55.59,0.1825,0.1628,0.2586,269.95,58.1,0
60.15,0.1969,0.1299,0.2832,306.9,62.14,0
49.52,0.1942,0.1448,0.2679,270.6,58.15,0
29.81,0.149,0.0983,0.2493,169.22,51.92,0
58.55,0.1703,0.1736,0.309,321.89,58.55,0
28.52,0.1508,0.1129,0.2341,145.26,50.92,0
60.7,0.1921,0.1564,0.2877,300.3,60.78,0
44.22,0.1523,0.139,0.2768,243.68,56.72,0
65.7,0.1551,0.1803,0.2714,353.59,61.16,0
52.83,0.6281,0.1358,0.879,273.84,59.0,1
46.6,0.1939,0.1368,0.2506,275.34,58.92,0
51.43,0.1698,0.159,0.2763,506.37,59.12,1
54.25,0.1721,0.1866,0.2451,258.05,57.14,0
44.38,0.1508,0.1538,0.2051,223.1,57.93,0
53.8,0.1823,0.1535,0.2182,292.95,55.73,0
22.86,0.1198,0.122,0.236,143.94,48.05,0
67.23,0.1652,0.121,0.3242,356.12,62.43,0
74.78,0.1896,0.1429,0.367,361.01,62.55,0
60.08,0.1768,0.1465,0.3027,279.53,60.77,0
28.53,0.1447,0.1521,0.2326,176.33,51.94,0
21.15,0.1647,0.0878,0.2128,154.2,51.08,0
67.06,0.1828,0.1524,0.2664,334.05,62.74,0
61.61,0.1679,0.1105,0.2979,309.88,56.11,0
40.54,0.1504,0.1298,0.2518,197.0,54.32,0
39.23,0.197,0.108,0.2763,237.42,56.0,0
31.78,0.1608,0.1213,0.1944,170.38,52.61,0
72.24,0.177,0.1167,0.2925,355.51,64.33,0
29.53,0.1688,0.1002,0.2043,155.93,51.97,0
71.46,0.1937,0.1718,0.3657,374.64,60.1,0
27.05,0.164,0.1151,0.2502,152.59,52.37,0
28.36,0.172,0.121,0.2169,149.06,51.52,0
46.67,0.1521,0.1383,0.2448,238.2,54.18,0
35.33,0.1162,0.1289,0.2295,185.01,55.08,0
59.84,0.1335,0.1338,0.3127,309.0,60.72,0
49.55,0.1648,0.1653,0.2639,268.76,55.82,0
48.24,0.1663,0.1834,0.2416,260.25,54.52,0
61.33,0.1843,0.1346,0.2809,319.96,62.13,0
47.67,0.1852,0.1457,0.2329,260.19,58.25,0
37.89,0.1992,0.1464,0.2113,218.02,54.12,0
63.65,0.1947,0.1618,0.2689,338.76,59.97,0
52.39,0.1418,0.1507,0.2611,286.88,57.63,0
21.69,0.1578,0.1191,0.1709,132.57,50.13,0
21.29,0.1431,0.119,0.2069,126.66,52.52,0
26.88,0.1672,0.1193,0.2252,180.52,53.3,0
49.6,0.1965,0.1618,0.2928,267.06,56.69,0
51.42,0.1599,0.1301,0.3358,286.22,54.6,0
49.46,0.1548,0.1159,0.2423,274.97,59.93,0
39.12,0.1779,0.117,0.2808,233.77,52.58,0
26.98,0.4938,0.1426,0.8199,149.77,48.88,1
76.6,0.1837,0.1428,0.3409,380.21,64.52,0
20.97,0.1351,0.1369,0.209,127.36,51.22,0
59.57,0.1625,0.152,0.2931,304.26,60.63,0
24.9,0.1622,0.1169,0.2488,118.69,49.5,0
47.45,0.1624,0.1327,0.2332,238.68,57.99,0
62.52,0.2124,0.1517,0.2517,347.92,61.99,0
30.51,0.171,0.1387,0.1987,172.88,51.68,0
76.61,0.2088,0.1523,0.2599,368.75,61.7,0
56.8,0.1275,0.1221,0.3524,260.43,58.37,0
35.71,0.155,0.1571,0.2375,212.94,54.09,0
26.18,0.1194,0.1555,0.2032,142.68,51.47,0
53.66,0.1933,0.1604,0.2801,262.87,55.24,0
52.88,0.1858,0.1505,0.2496,283.75,54.62,0
33.98,0.1217,0.1397,0.1675,190.83,52.27,0
41.74,0.1694,0.1184,0.2305,246.2,55.33,0
49.56,0.1686,0.133,0.2794,267.96,59.35,0
66.67,0.1888,0.1981,0.2688,381.1,58.82,0
73.87,0.2179,0.1382,0.2697,385.14,60.91,0
70.98,0.1769,0.1622,0.2802,356.66,62.9,0
39.24,0.1698,0.125,0.2485,208.16,56.12,0
74.05,0.1928,0.6775,0.357,392.79,112.81,1
41.13,0.1533,0.1233,0.261,475.28,53.43,1
27.36,0.1236,0.1123,0.2104,152.67,52.33,0
34.34,0.1439,0.0987,0.2358,377.86,52.99,1
52.1,0.1824,0.1517,0.2412,293.18,60.45,0
57.36,0.1902,0.1381,0.3034,307.73,61.4,0
44.81,0.1539,0.1378,0.2567,248.31,54.64,0
64.72,0.2381,0.4581,0.275,339.05,113.57,1
25.76,0.1724,0.0976,0.228,145.24,50.56,0
70.97,0.1659,0.1493,0.3096,360.3,60.54,0
65.03,0.1906,0.1353,0.2453,348.78,60.67,0
50.78,0.138,0.1406,0.2364,277.48,55.21,0
30.69,0.1595,0.1245,0.2065,166.2,53.75,0
66.71,0.2084,0.15,0.3114,349.61,60.94,0
67.68,0.1759,0.1876,0.3113,336.86,63.61,0
34.34,0.1563,0.1407,0.2493,182.96,52.68,0
21.12,0.1383,0.0891,0.1749,136.5,48.83,0
25.34,0.1404,0.1243,0.2645,132.02,49.01,0
37.62,0.139,0.0995,0.2515,218.31,55.91,0
27.21,0.1447,0.1298,0.1979,159.09,51.24,0
77.82,0.2208,0.1418,0.2868,405.3,65.12,0
21.83,0.1506,0.1047,0.186,176.86,50.17,0
29.24,0.1597,0.1289,0.2501,166.15,52.41,0
63.34,0.1723,0.1231,0.2371,322.69,60.15,0
76.78,0.2206,0.1736,0.3144,395.8,64.32,0
63.93,0.1938,0.1426,0.2992,332.42,61.68,0
40.36,0.1599,0.1155,0.2354,236.25,55.56,0
63.12,0.2023,0.1396,0.2983,313.76,62.54,0
70.03,0.177,0.1388,0.3615,363.83,60.24,0
51.17,0.1869,0.1234,0.2118,268.04,59.59,0
76.01,0.1885,0.1629,0.305,378.69,62.19,0
64.89,0.1677,0.1877,0.2205,625.99,61.46,1
54.68,0.1811,0.1562,0.1924,279.24,58.57,0
55.65,0.2258,0.131,0.2468,246.7,61.22,0
21.34,0.1183,0.1073,0.1959,140.7,50.58,0
65.9,0.1906,0.1234,0.3193,314.85,60.16,0
48.98,0.1849,0.1346,0.2837,256.01,61.12,0
36.35,0.1348,0.1205,0.2018,169.98,52.27,0
61.09,0.1749,0.1365,0.2977,302.01,62.17,0
45.19,0.1672,0.1474,0.2679,244.17,57.22,0
43.67,0.1599,0.1298,0.2918,225.96,55.65,0
56.0,0.1787,0.1513,0.3165,275.06,59.46,0
36.32,0.195,0.1384,0.2606,221.02,54.19,0
44.64,0.1696,0.137,0.2312,262.33,56.73,0
40.36,0.1804,0.1372,0.2078,207.06,54.12,0
75.27,0.1636,0.158,0.2763,395.54,66.35,0
72.25,0.1894,0.1749,0.3163,365.48,65.61,0
50.87,0.1755,0.1543,0.2871,284.69,56.65,0
51.09,0.1859,0.126,0.2509,272.07,59.2,0
56.1,0.1419,0.171,0.2367,290.03,56.75,0
33.85,0.1525,0.1223,0.2412,193.01,54.07,0
41.49,0.1252,0.1347,0.261,214.16,54.92,0
76.97,0.1788,0.1699,0.2808,390.78,65.14,0
51.76,0.1868,0.1621,0.2439,250.53,58.41,0
31.02,0.1574,0.1366,0.2471,154.09,53.57,0
58.8,0.2095,0.1523,0.2632,285.3,57.97,0
65.57,0.1973,0.1477,0.2409,340.37,62.4,0
54.5,0.1474,0.119,0.2973,288.33,58.96,0
69.73,0.1735,0.1804,0.3034,355.89,66.1,0
57.54,0.1827,0.1633,0.2344,299.92,58.52,0
67.96,0.1766,0.147,0.2588,331.77,60.81,0
25.63,0.16,0.1318,0.2313,177.64,52.4,0
71.54,0.1904,0.145,0.2416,358.1,63.63,0
73.47,0.2314,0.1796,0.3103,344.26,61.59,0
21.7,0.0868,0.145,0.2272,115.67,51.45,0
26.31,0.1781,0.148,0.2464,154.76,50.29,0
39.62,0.1299,0.1525,0.2631,217.58,56.35,0
50.9,0.1587,0.1485,0.2284,284.88,56.1,0
58.4,0.1721,0.1726,0.3036,306.22,61.93,0
25.78,0.1074,0.125,0.1922,449.59,51.85,1
56.32,0.1913,0.0984,0.1973,297.42,56.8,0
50.95,0.1752,0.1223,0.2512,292.88,56.67,0
58.7,0.1699,0.1252,0.2478,314.18,59.39,0
56.43,0.2046,0.1483,0.2609,297.76,58.16,0
36.6,0.1278,0.1475,0.2332,181.84,54.24,0
46.41,0.1608,0.1307,0.2305,245.44,57.6,0
47.96,0.1937,0.1453,0.2212,260.97,55.98,0
48.62,0.1651,0.1331,0.2448,242.66,58.17,0
27.88,0.1404,0.1494,0.2262,190.88,53.31,0
24.27,0.154,0.1212,0.1953,156.14,52.76,0
56.76,0.1667,0.1188,0.3035,282.18,57.5,0
62.42,0.2281,0.1456,0.2887,531.89,61.15,1
67.21,0.1821,0.1501,0.3151,332.35,60.96,0
61.65,0.1626,0.1479,0.3117,305.13,59.79,0
55.68,0.1847,0.1327,0.2508,275.75,59.32,0
64.56,0.1989,0.1665,0.2171,304.21,61.54,0
63.11,0.1775,0.1783,0.3208,309.74,58.47,0
42.95,0.1769,0.1253,0.3064,227.71,55.24,0
56.7,0.1702,0.1315,0.2884,279.52,58.46,0
50.95,0.163,0.1384,0.2544,257.04,57.97,0
34.39,0.1935,0.1424,0.2022,178.36,54.62,0
58.27,0.1705,0.126,0.3,302.7,60.25,0
27.04,0.1376,0.148,0.1802,167.29,51.41,0
23.03,0.1802,0.1095,0.2047,114.46,49.26,0
73.94,0.2182,0.149,0.2526,397.65,63.94,0
35.49,0.4773,0.1378,0.6801,176.4,54.35,1
53.94,0.1985,0.101,0.3345,306.22,57.84,0
36.64,0.1633,0.1492,0.2102,213.21,50.97,0
75.58,0.1937,0.2098,0.3293,368.16,63.4,0
34.18,0.1513,0.1633,0.2478,158.45,50.81,0
44.58,0.1625,0.1516,0.2279,242.46,54.31,0
32.29,0.184,0.1445,0.2471,197.98,54.47,0
70.57,0.1969,0.1552,0.3061,372.8,61.6,0
23.32,0.1178,0.1183,0.2211,170.92,49.94,0
67.98,0.1612,0.1324,0.2938,352.49,61.13,0
75.99,0.1697,0.1496,0.2614,374.39,66.34,0
56.47,0.1907,0.1279,0.2652,324.64,59.48,0
64.39,0.1924,0.1644,0.2705,341.73,59.76,0
37.0,0.1685,0.1259,0.2174,220.81,55.02,0
42.32,0.1443,0.1277,0.1761,231.88,54.52,0
21.11,0.126,0.1203,0.1823,150.18,53.33,0
61.66,0.1878,0.1558,0.2612,324.08,59.02,0
48.81,0.211,0.1585,0.2437,262.14,58.56,0
63.69,0.1607,0.1241,0.2512,302.88,62.41,0
74.55,0.2024,0.1624,0.2771,392.46,63.47,0
38.47,0.1339,0.1524,0.2201,220.78,55.93,0
20.6,0.1083,0.1353,0.2729,120.01,50.48,0
29.64,0.1653,0.1656,0.2074,192.76,52.28,0
27.47,0.1621,0.1193,0.2252,137.98,51.34,0
29.33,0.113,0.1405,0.2221,138.99,50.83,0
23.91,0.1565,0.0778,0.21,158.95,50.99,0
20.02,0.1378,0.1152,0.2537,138.01,52.8,0
69.6,0.1957,0.1507,0.3352,340.25,63.97,0
46.56,0.187,0.1604,0.2532,219.76,58.62,0
60.84,0.1771,0.1627,0.2798,320.36,60.48,0
41.63,0.163,0.1198,0.2411,226.78,55.05,0
75.68,0.221,0.1526,0.3099,368.64,61.1,0
25.29,0.1008,0.1026,0.2087,148.08,51.73,0
28.01,0.1132,0.1402,0.2158,167.23,52.71,0
53.4,0.1579,0.155,0.2626,263.99,57.73,0
33.9,0.1458,0.0853,0.2434,207.55,52.19,0
39.1,0.1824,0.1053,0.2369,220.63,53.32,0
55.61,0.1471,0.1407,0.3074,309.58,58.91,0
70.96,0.1733,0.1748,0.307,365.34,63.16,0
23.62,0.137,0.0857,0.2117,116.93,50.11,0
51.1,0.1503,0.149,0.3529,245.02,58.54,0
25.29,0.1651,0.1055,0.2563,93.15,51.74,0
60.97,0.1453,0.148,0.2877,291.75,60.78,0
49.08,0.1408,0.1428,0.272,247.41,62.3,0
73.01,0.1831,0.1599,0.315,342.53,63.56,0
66.83,0.1723,0.1081,0.3224,344.49,62.83,0
26.77,0.1374,0.183,0.2681,159.35,51.8,0
33.17,0.1569,0.1513,0.2188,189.5,53.46,0
57.21,0.185,0.1492,0.2116,269.67,57.75,0
44.42,0.173,0.123,0.2271,232.19,56.4,0
46.47,0.1512,0.1408,0.2412,237.28,57.28,0
71.87,0.2038,0.1435,0.3009,384.58,61.69,0
46.11,0.1616,0.1351,0.2636,235.75,55.87,0
45.7,0.5174,0.1592,0.9285,255.73,56.77,1
23.53,0.1576,0.108,0.2613,138.37,51.09,0
64.95,0.1984,0.1598,0.2642,320.9,61.2,0
48.1,0.1839,0.1593,0.2958,254.38,57.56,0
66.66,0.1738,0.1709,0.2863,321.81,64.81,0
77.12,0.1804,0.1646,0.3263,395.36,66.0,0
59.27,0.1755,0.1356,0.3028,309.36,56.27,0
42.46,0.1892,0.5109,0.2414,241.36,90.43,1
40.89,0.1399,0.1624,0.2565,236.77,55.63,0
72.41,0.2115,0.1472,0.274,391.71,64.98,0
59.63,0.1702,0.1581,0.2422,291.62,56.19,0
21.68,0.1398,0.1001,0.203,131.56,49.87,0
45.21,0.1655,0.126,0.2143,259.86,54.05,0
30.41,0.1202,0.1586,0.2179,169.72,53.28,0
28.86,0.1273,0.5692,0.2508,144.54,82.9,1
59.94,0.1951,0.1447,0.2558,304.31,61.02,0
32.41,0.161,0.1358,0.2425,177.3,51.35,0
43.53,0.1542,0.1367,0.2426,237.73,55.01,0
26.51,0.1419,0.1278,0.2269,147.0,51.07,0
23.49,0.1588,0.1304,0.2645,151.55,49.65,0
48.9,0.2023,0.0968,0.317,249.1,56.88,0
36.62,0.1754,0.1399,0.2011,183.66,54.13,0
47.37,0.1667,0.1389,0.2678,272.53,56.73,0
58.4,0.2066,0.0944,0.2209,287.96,58.1,0
62.92,0.1986,0.1394,0.3143,321.52,60.7,0
38.38,0.1512,0.1472,0.2469,208.91,57.31,0
38.04,0.1357,0.1435,0.2489,202.87,53.87,0
25.27,0.1004,0.1239,0.134,441.73,53.71,1
26.49,0.1482,0.1072,0.2167,150.85,51.86,0
68.56,0.1683,0.611,0.3434,343.49,115.28,1
66.63,0.1775,0.1448,0.3018,330.26,60.18,0
33.66,0.1293,0.1226,0.2379,168.86,53.76,0
51.57,0.1561,0.1091,0.3021,283.41,57.27,0
26.39,0.1685,0.1045,0.2382,161.57,51.23,0
25.15,0.1581,0.139,0.1808,141.16,49.84,0
71.58,0.2386,0.6502,0.2695,357.3,98.25,1
51.44,0.131,0.1335,0.3356,263.96,57.85,0
52.28,0.1711,0.1184,0.2861,261.96,55.56,0
28.98,0.1581,0.1446,0.2212,196.08,51.73,0
44.4,0.1859,0.1259,0.2306,237.17,58.92,0
45.26,0.162,0.1618,0.2672,240.09,57.62,0
63.1,0.1807,0.1525,0.2751,315.8,61.35,0
61.84,0.194,0.1302,0.3426,319.44,62.49,0
44.81,0.1542,0.1478,0.253,222.22,54.6,0
66.62,0.1737,0.1461,0.3446,349.81,59.0,0
33.92,0.1628,0.1161,0.2375,203.37,54.12,0
31.84,0.4732,0.124,0.9728,163.25,51.7,1
32.77,0.1668,0.1005,0.1902,196.58,52.95,0
64.03,0.1569,0.1608,0.3354,326.71,60.38,0
29.27,0.1397,0.1116,0.2289,413.88,52.17,1
61.11,0.1741,0.1091,0.3075,311.7,56.76,0
51.53,0.1891,0.1201,0.2869,257.12,56.83,0
70.54,0.1986,0.2321,0.2921,373.37,60.84,0
49.64,0.1991,0.1343,0.3187,273.09,58.02,0
41.97,0.1929,0.1565,0.2457,205.35,56.15,0
35.97,0.1883,0.0854,0.1825,193.27,53.96,0
53.13,0.172,0.1399,0.2445,299.16,59.75,0
25.76,0.1436,0.0892,0.3075,134.27,52.03,0
30.04,0.4679,0.1013,0.6269,155.99,56.26,1
64.11,0.1718,0.1405,0.3101,348.46,60.8,0
75.54,0.1773,0.1945,0.3292,382.14,64.94,0
41.48,0.1324,0.1556,0.209,215.69,55.86,0
68.28,0.1921,0.1369,0.2881,351.99,62.33,0
50.6,0.2107,0.1485,0.2915,262.56,58.64,0
59.96,0.2034,0.1499,0.3116,316.45,59.71,0
49.43,0.19,0.1218,0.2314,253.28,60.78,0
73.52,0.3688,0.1178,0.6721,368.84,62.88,1
34.85,0.1904,0.155,0.2034,197.27,55.76,0
46.4,0.1326,0.1582,0.2218,231.74,58.89,0
77.98,0.1803,0.1639,0.253,403.12,62.57,0
47.89,0.1406,0.1261,0.297,268.32,56.66,0
70.66,0.2205,0.1515,0.2965,640.81,61.69,1
37.31,0.1761,0.1315,0.2091,194.52,54.24,0
73.51,0.1803,0.1815,0.3516,367.15,65.24,0
70.15,0.213,0.151,0.2641,380.86,61.65,0
73.17,0.1858,0.1442,0.268,377.05,62.05,0
58.5,0.1657,0.1525,0.2382,291.19,58.92,0
75.24,0.2064,0.1624,0.3044,385.41,65.5,0
39.0,0.1151,0.1457,0.2669,204.44,56.67,0
56.39,0.1841,0.0896,0.2392,307.52,57.77,0
61.47,0.1716,0.1347,0.2724,326.68,60.35,0
64.85,0.1828,0.151,0.2823,322.98,63.65,0
58.34,0.1913,0.1176,0.249,285.38,58.79,0
71.59,0.1961,0.1634,0.3116,357.34,61.45,0
54.74,0.1628,0.1218,0.2069,266.72,59.23,0
33.98,0.1518,0.1166,0.2035,197.96,50.53,0
35.55,0.1501,0.1186,0.2112,199.25,52.28,0
31.8,0.1403,0.1627,0.2151,172.32,55.18,0
21.47,0.1104,0.108,0.2634,161.27,46.35,0
52.61,0.1791,0.154,0.2846,260.69,60.39,0
55.75,0.2036,0.1132,0.2431,306.14,58.96,0
39.37,0.19,0.1633,0.2229,212.9,54.89,0
59.66,0.1819,0.1328,0.2889,320.51,58.42,0
21.09,0.1323,0.103,0.201,146.99,48.69,0
33.25,0.1161,0.1165,0.1955,188.74,50.66,0
57.05,0.1244,0.1288,0.3051,308.67,59.42,0
42.63,0.19,0.1134,0.2455,199.56,57.51,0
46.31,0.1832,0.1595,0.2434,230.84,56.96,0
38.64,0.4889,0.1263,0.9384,237.74,53.54,1
26.38,0.1345,0.1069,0.2402,138.6,50.69,0
62.04,0.1447,0.1838,0.2849,317.9,61.78,0
54.97,0.1851,0.1223,0.3091,262.67,60.12,0
55.74,0.184,0.1477,0.2777,301.78,56.91,0
29.55,0.1645,0.0833,0.2699,179.91,51.23,0
55.25,0.1867,0.1192,0.2361,285.89,60.05,0
55.34,0.1381,0.1466,0.2527,262.78,57.96,0
58.09,0.1668,0.1579,0.2904,287.26,55.7,0
39.62,0.1728,0.1222,0.2489,415.38,54.36,1
33.33,0.1455,0.1628,0.2017,187.46,53.26,0
26.48,0.1374,0.0986,0.2147,165.33,50.13,0
52.19,0.178,0.1274,0.2583,280.72,58.48,0
61.48,0.1907,0.1332,0.2832,342.97,63.65,0
26.87,0.138,0.1201,0.2115,161.88,50.74,0
37.76,0.1767,0.1617,0.1907,201.24,54.08,0
60.92,0.1906,0.1821,0.2455,301.64,59.88,0
28.68,0.1538,0.1002,0.1801,160.68,50.74,0
26.08,0.1584,0.0986,0.2495,156.04,50.1,0
30.11,0.1407,0.0841,0.1849,151.19,54.68,0
50.73,0.1637,0.154,0.3148,289.19,56.9,0
31.47,0.1347,0.1524,0.2123,179.61,51.47,0
72.52,0.1934,0.1541,0.3192,372.5,63.94,0
45.58,0.137,0.1392,0.2838,262.28,58.0,0
25.19,0.1508,0.1312,0.2623,151.5,50.17,0
72.32,0.1882,0.1336,0.3176,343.14,64.87,0
74.8,0.1995,0.1572,0.3014,380.69,63.57,0
26.61,0.3365,0.094,0.5686,180.09,53.27,1
42.77,0.1744,0.1488,0.2733,499.82,57.11,1
61.34,0.1763,0.1472,0.2558,296.64,59.65,0
29.75,0.1555,0.1166,0.2331,161.85,50.66,0
55.63,0.2043,0.1433,0.245,296.96,58.12,0
64.02,0.2191,0.1394,0.2872,346.6,59.0,0
58.37,0.1587,0.1476,0.2907,348.38,61.33,0
36.22,0.1548,0.1173,0.2293,198.29,54.63,0
30.74,0.1535,0.1483,0.2414,184.99,50.81,0
77.59,0.203,0.1336,0.2864,416.7,65.01,0
46.68,0.1424,0.1694,0.1967,262.32,54.17,0
61.91,0.1895,0.1567,0.2994,330.68,59.11,0
73.3,0.6069,0.1723,0.9342,369.13,64.01,1
66.39,0.1953,0.0981,0.2697,322.51,61.11,0
30.11,0.1266,0.1211,0.2533,176.51,53.26,0
73.15,0.2233,0.1283,0.2448,357.01,59.97,0
69.35,0.2044,0.1572,0.2931,355.54,65.18,0
68.32,0.186,0.122,0.2269,374.54,61.49,0
34.1,0.1682,0.1491,0.1458,228.12,52.44,0
22.57,0.1489,0.1369,0.2296,176.24,51.66,0
60.93,0.1766,0.1527,0.2964,339.19,57.63,0
57.03,0.1685,0.1259,0.2438,307.33,56.93,0
23.44,0.1377,0.1225,0.2101,126.87,52.48,0
22.61,0.1598,0.1165,0.1658,109.66,52.75,0
36.64,0.1854,0.0957,0.2245,208.55,54.48,0
56.25,0.157,0.1478,0.3096,285.82,59.81,0
52.72,0.1382,0.1253,0.3081,270.79,56.23,0
56.76,0.2015,0.1542,0.2601,290.1,56.33,0
57.18,0.1713,0.1636,0.2515,302.49,59.45,0
32.83,0.1494,0.1051,0.2191,178.16,55.09,0
77.26,0.1652,0.1389,0.275,409.29,63.52,0
72.51,0.1981,0.1649,0.2821,384.11,62.81,0
51.45,0.1341,0.1156,0.2653,284.24,60.15,0
21.55,0.1726,0.1278,0.2246,122.45,51.37,0
38.41,0.142,0.1325,0.2213,207.63,53.84,0
23.68,0.1549,0.1132,0.1824,120.62,52.61,0
59.54,0.1812,0.1544,0.3141,296.38,58.35,0
46.7,0.1863,0.1305,0.2276,245.57,57.52,0
21.84,0.1301,0.0853,0.1821,135.01,49.39,0
38.57,0.1399,0.1115,0.2768,191.73,54.38,0
20.83,0.1818,0.1371,0.2688,133.26,49.21,0
52.41,0.1445,0.1451,0.2192,281.15,59.45,0
43.26,0.1748,0.1487,0.2426,221.6,55.8,0
65.53,0.1691,0.152,0.2683,336.4,59.66,0
75.15,0.1663,0.1468,0.3259,637.44,61.16,1
54.86,0.174,0.1562,0.2688,282.01,55.59,0
40.03,0.1701,0.1369,0.2574,227.48,54.63,0
69.83,0.1669,0.1327,0.2877,359.8,62.43,0
38.4,0.1608,0.1556,0.2704,196.32,53.79,0
51.1,0.157,0.1639,0.2438,275.2,58.91,0
74.73,0.1961,0.1402,0.2631,410.5,61.58,0
75.16,0.2301,0.1653,0.3308,348.12,63.43,0
49.19,0.1676,0.1547,0.2569,296.14,61.31,0
24.26,0.1726,0.1175,0.2519,153.27,47.36,0
34.38,0.1297,0.1673,0.2373,182.86,52.03,0
44.2,0.1626,0.1276,0.2686,427.84,53.43,1
49.72,0.1683,0.1391,0.3054,257.26,59.15,0
76.16,0.2242,0.208,0.31,378.92,62.5,0
76.82,0.2162,0.1408,0.2442,406.73,66.11,0
61.57,0.1762,0.1505,0.2925,314.79,59.25,0
50.92,0.1876,0.1513,0.2518,285.52,58.25,0
55.39,0.186,0.158,0.3351,601.55,60.28,1
71.29,0.1783,0.1416,0.2449,384.38,62.58,0
29.32,0.1376,0.1467,0.2572,161.82,51.87,0
20.03,0.1299,0.1143,0.2182,109.38,51.43,0
21.05,0.1626,0.1052,0.2086,131.04,48.92,0
44.07,0.1756,0.1542,0.2595,230.65,56.16,0
43.2,0.1724,0.1105,0.23,206.58,60.35,0
37.26,0.1894,0.1301,0.2523,169.48,53.84,0
44.83,0.1589,0.1311,0.2162,239.65,55.61,0
64.88,0.1597,0.1482,0.3119,325.46,60.43,0
36.06,0.1827,0.1463,0.2915,186.73,53.38,0
59.05,0.1939,0.1385,0.2589,292.88,58.52,0
56.61,0.1422,0.1292,0.2776,302.56,63.1,0
76.61,0.2111,0.1385,0.3498,371.67,64.39,0
54.42,0.4149,0.1731,0.7746,236.88,57.86,1
46.6,0.1423,0.1019,0.2922,244.72,55.98,0
24.06,0.1569,0.1194,0.2217,111.54,49.18,0
70.57,0.2232,0.1653,0.2876,351.23,61.67,0
41.19,0.1968,0.1315,0.2571,224.52,53.54,0
65.59,0.173,0.1529,0.2238,336.17,60.82,0
59.19,0.1834,0.147,0.2986,300.84,58.28,0
48.42,0.1812,0.1298,0.246,240.62,55.07,0
36.86,0.5897,0.1422,1.0993,204.57,52.32,1
32.35,0.1324,0.0772,0.2379,199.42,53.42,0
44.03,0.1304,0.1471,0.2608,266.1,55.17,0
65.36,0.1745,0.1825,0.2791,347.86,60.37,0
34.8,0.1603,0.1234,0.3289,195.56,53.63,0
32.43,0.1427,0.137,0.2305,173.64,50.87,0
31.15,0.191,0.1154,0.271,198.51,52.52,0
39.25,0.1686,0.1351,0.3212,191.31,51.74,0
28.09,0.1637,0.1022,0.1993,159.58,54.08,0
75.13,0.1903,0.159,0.259,388.43,67.43,0
61.43,0.201,0.1662,0.2928,319.29,61.73,0
61.88,0.1959,0.11,0.2532,339.97,61.86,0
47.65,0.1641,0.1261,0.2606,249.28,56.55,0
37.04,0.1248,0.1163,0.248,178.32,53.88,0
69.32,0.202,0.2041,0.2712,346.21,62.03,0
52.18,0.1875,0.1536,0.2851,292.98,61.6,0
37.16,0.1027,0.1234,0.2365,220.83,51.08,0
21.32,0.1641,0.1543,0.2408,111.95,50.62,0
59.19,0.1567,0.169,0.2973,296.54,61.79,0
62.14,0.1813,0.1379,0.3171,307.43,60.8,0
67.68,0.2234,0.1554,0.3299,327.75,61.28,0
50.1,0.1887,0.1678,0.2849,251.36,58.76,0
28.27,0.1695,0.1429,0.237,173.62,49.67,0
34.47,0.4765,0.1272,0.8444,197.62,57.25,1
45.82,0.1908,0.149,0.2049,256.23,56.13,0
53.56,0.157,0.1515,0.2127,269.93,58.84,0
41.22,0.1517,0.1505,0.175,223.18,56.6,0
37.83,0.1379,0.1168,0.2507,211.81,51.92,0
44.35,0.1442,0.1173,0.2423,254.63,56.96,0
64.53,0.2154,0.1514,0.2578,324.5,58.05,0
58.95,0.1871,0.1155,0.253,304.62,57.99,0
64.97,0.1974,0.1859,0.2957,318.79,62.39,0
44.76,0.4743,0.1414,0.5588,227.23,54.47,1
66.7,0.2384,0.1367,0.2831,341.15,63.03,0
40.35,0.1326,0.6249,0.2657,225.27,88.81,1
72.85,0.1656,0.1231,0.2863,402.28,62.75,0
68.1,0.1781,0.146,0.286,344.74,61.27,0
76.43,0.2119,0.1866,0.3501,363.68,66.96,0
71.08,0.1777,0.1204,0.266,369.8,63.28,0
49.74,0.2322,0.4002,0.3,261.65,99.67,1
65.7,0.195,0.1498,0.2414,353.55,61.42,0
29.92,0.151,0.1529,0.1962,182.54,52.15,0
62.17,0.1747,0.1541,0.2417,328.77,62.17,0
65.05,0.188,0.1298,0.3194,315.09,59.79,0
44.7,0.171,0.1339,0.2469,227.48,57.71,0
40.01,0.1574,0.1252,0.2337,214.18,57.13,0
30.49,0.1549,0.1096,0.2653,181.19,54.01,0
52.38,0.2083,0.1167,0.2714,280.22,56.37,0
74.93,0.1839,0.1565,0.2999,386.64,62.07,0
28.78,0.1657,0.1115,0.2224,150.05,53.49,0
67.64,0.1916,0.1371,0.2888,356.87,59.85,0
43.82,0.1354,0.1325,0.2776,243.49,53.66,0
43.97,0.1571,0.1392,0.2765,254.15,56.71,0
69.99,0.1726,0.1571,0.3487,365.5,62.11,0
62.85,0.1912,0.1506,0.3083,300.8,62.5,0
64.3,0.1945,0.1793,0.2757,304.56,60.52,0
35.48,0.1659,0.1569,0.2126,183.21,54.56,0
44.57,0.1683,0.1503,0.2713,265.58,57.53,0
66.49,0.1834,0.1811,0.2847,371.09,63.28,0
54.36,0.1657,0.1963,0.2412,269.88,57.16,0
58.1,0.1897,0.1399,0.3019,298.97,59.87,0
55.06,0.2057,0.1727,0.2564,283.48,60.59,0
38.33,0.1722,0.1242,0.2228,205.27,59.08,0
58.51,0.1839,0.1689,0.2925,297.47,61.94,0
32.42,0.1688,0.1454,0.2343,202.45,51.89,0
64.44,0.1694,0.1589,0.3145,319.02,57.59,0
30.87,0.1649,0.1384,0.2046,166.84,51.88,0
26.96,0.1413,0.1447,0.1921,155.12,51.01,0
37.61,0.1461,0.1398,0.2104,210.05,52.55,0
33.15,0.1255,0.1462,0.298,170.34,51.15,0
28.21,0.1709,0.1142,0.2807,149.23,53.57,0
70.96,0.1889,0.1632,0.2383,362.64,65.32,0
47.99,0.1754,0.1289,0.2279,256.6,57.44,0
64.93,0.1987,0.1237,0.28,348.7,61.55,0
63.46,0.1804,0.1564,0.2778,329.98,57.75,0
28.58,0.1437,0.137,0.2425,196.64,51.28,0
41.12,0.1658,0.1284,0.2601,212.09,55.25,0
73.52,0.1851,0.164,0.2862,382.64,65.94,0
71.07,0.1775,0.2121,0.3029,365.5,63.34,0
54.6,0.1996,0.1478,0.2506,262.33,57.66,0
73.34,0.1854,0.1851,0.3347,371.62,65.13,0
36.16,0.1382,0.1384,0.2774,201.54,57.3,0
22.54,0.1674,0.1186,0.1477,106.33,50.43,0
30.85,0.147,0.1122,0.1946,185.58,52.31,0
31.68,0.1158,0.1122,0.2615,192.14,53.72,0
64.69,0.1749,0.1134,0.2643,338.42,60.78,0
68.17,0.19,0.1449,0.2829,330.57,63.0,0
66.1,0.2093,0.1118,0.2666,347.33,60.49,0
44.36,0.154,0.4437,0.1938,248.88,102.67,1
33.43,0.1415,0.1352,0.2356,199.16,52.69,0
37.35,0.1786,0.1391,0.2464,213.42,55.25,0
48.23,0.1583,0.1358,0.2848,254.15,56.14,0
57.87,0.1636,0.149,0.2794,311.85,59.95,0
43.88,0.1369,0.1342,0.2601,225.69,54.8,0
42.54,0.1452,0.1436,0.2772,211.06,53.18,0
54.06,0.1947,0.1533,0.2417,283.02,59.3,0
28.12,0.1433,0.1071,0.208,149.72,51.79,0
54.02,0.1739,0.1743,0.2822,273.39,60.85,0
62.43,0.2061,0.1622,0.2904,291.11,59.67,0
23.6,0.1373,0.0978,0.2841,124.44,52.33,0
69.94,0.1694,0.1659,0.2796,356.51,60.63,0
52.08,0.2003,0.1679,0.3009,270.38,55.9,0
37.47,0.1397,0.1079,0.2533,216.67,54.07,0
73.96,0.2192,0.1108,0.3135,382.16,62.51,0
77.93,0.1839,0.1398,0.3703,377.64,66.73,0
59.69,0.1779,0.1845,0.2227,313.74,58.12,0
34.51,0.1575,0.1056,0.2147,176.19,53.81,0
23.04,0.1152,0.1309,0.1727,108.67,49.93,0
41.69,0.4754,0.1313,0.6646,214.72,56.56,1
36.24,0.1576,0.1747,0.2351,193.48,52.93,0
23.18,0.1265,0.1439,0.2357,124.48,49.38,0
62.79,0.1849,0.1581,0.268,346.44,57.9,0
64.31,0.181,0.1437,0.302,340.44,62.26,0
66.61,0.172,0.1742,0.2509,340.46,61.42,0
28.18,0.1419,0.0853,0.2514,159.22,52.19,0
41.13,0.1823,0.1183,0.1631,242.12,56.1,0
35.12,0.1479,0.1336,0.2803,207.05,52.18,0
29.03,0.1347,0.0896,0.2294,173.0,49.58,0
31.09,0.1693,0.1249,0.2213,194.9,51.12,0
70.85,0.2032,0.1237,0.3052,340.69,62.46,0
35.66,0.1636,0.1332,0.2413,201.53,52.92,0
63.55,0.1649,0.1465,0.2453,603.61,60.08,1
48.41,0.1613,0.1348,0.2748,254.29,55.3,0
49.27,0.1588,0.1453,0.2324,264.63,58.44,0
74.66,0.178,0.1575,0.2826,371.93,63.81,0
54.11,0.1522,0.1583,0.2686,295.77,57.67,0
57.13,0.1517,0.1245,0.2646,278.04,56.98,0
73.5,0.2193,0.1274,0.2711,379.52,61.36,0
50.69,0.197,0.1717,0.2884,259.74,55.38,0
40.66,0.1732,0.1155,0.1716,224.83,53.2,0
33.5,0.1375,0.1211,0.1743,193.58,50.28,0
73.23,0.1391,0.1723,0.2465,383.75,64.69,0
42.54,0.1675,0.1191,0.2442,236.51,55.06,0
55.17,0.1596,0.1144,0.2556,268.76,62.27,0
23.15,0.1374,0.1185,0.2228,133.13,49.29,0
37.55,0.1979,0.1105,0.2188,222.82,55.97,0
70.04,0.1538,0.1927,0.3639,372.74,61.66,0
55.71,0.165,0.1503,0.2282,306.44,59.22,0
49.5,0.1471,0.1683,0.2742,256.97,57.38,0
50.58,0.17,0.1353,0.2553,276.1,55.62,0
53.11,0.1914,0.1544,0.2657,248.77,58.73,0
37.56,0.1492,0.1219,0.2516,220.95,56.01,0
62.46,0.1667,0.1364,0.25,334.84,59.36,0
47.06,0.1552,0.1129,0.2669,257.47,59.59,0
45.19,0.1618,0.1487,0.2221,237.52,54.31,0
62.83,0.1945,0.1618,0.2956,329.82,60.51,0
42.09,0.1516,0.1211,0.2201,235.12,57.28,0
61.12,0.1876,0.1374,0.2906,309.24,59.75,0
43.46,0.1872,0.1498,0.2359,214.49,55.21,0
30.05,0.1488,0.1147,0.2218,170.6,49.53,0
58.88,0.1648,0.1407,0.2634,308.72,61.17,0
77.27,0.1959,0.2021,0.2675,422.05,64.06,0
29.48,0.1278,0.6658,0.2328,178.81,102.4,1
52.23,0.1984,0.1269,0.2334,277.76,56.54,0
32.94,0.1508,0.1151,0.2162,174.57,53.58,0
40.22,0.1492,0.1611,0.2515,211.31,58.2,0
20.34,0.1171,0.1179,0.1953,100.46,47.47,0
72.02,0.2418,0.1535,0.3266,375.23,64.83,0
40.56,0.1651,0.1024,0.2641,208.49,56.48,0
73.98,0.1764,0.1136,0.3265,368.18,65.68,0
50.24,0.151,0.1548,0.2527,260.91,57.37,0
54.66,0.1997,0.1089,0.2884,271.26,57.55,0
20.56,0.1494,0.1111,0.2217,124.52,49.47,0
59.54,0.1843,0.1297,0.3373,296.03,57.37,0
68.8,0.2006,0.1687,0.2297,351.5,61.67,0
39.78,0.1541,0.1274,0.2361,211.91,55.33,0
22.66,0.1436,0.1358,0.2271,121.31,49.68,0
64.68,0.2001,0.1567,0.2495,327.84,59.57,0
25.69,0.1667,0.1312,0.2008,126.98,54.03,0
41.8,0.1571,0.1472,0.2658,207.64,58.07,0
42.35,0.1602,0.1508,0.2217,230.49,55.49,0
23.7,0.1537,0.1473,0.2245,122.85,50.97,0
74.45,0.2125,0.1586,0.314,361.33,63.77,0
29.87,0.1408,0.0947,0.2424,167.48,50.94,0
60.67,0.1744,0.1496,0.2994,319.21,59.3,0
33.14,0.162,0.1276,0.2306,366.46,53.71,1
21.5,0.1312,0.1211,0.2215,131.75,49.82,0
31.13,0.1727,0.1076,0.2922,197.97,53.57,0
48.87,0.1675,0.1495,0.2442,257.65,57.51,0
64.1,0.1824,0.1331,0.3177,310.98,61.86,0
63.58,0.1856,0.1741,0.2941,313.13,61.06,0
68.62,0.2086,0.1753,0.3125,347.09,63.42,0
22.49,0.1187,0.1462,0.216,137.24,53.06,0
36.4,0.1506,0.1253,0.244,213.9,53.37,0
22.82,0.1533,0.093,0.2136,158.33,48.38,0
77.32,0.1861,0.1662,0.2922,429.64,63.91,0
36.96,0.1594,0.1438,0.2721,182.42,55.99,0
64.45,0.1804,0.1234,0.3155,318.74,61.4,0
32.02,0.1814,0.1052,0.223,200.29,53.43,0
46.96,0.1755,0.1645,0.2697,249.37,57.28,0
43.75,0.1508,0.1667,0.2268,206.52,57.08,0
51.61,0.2052,0.1537,0.2501,275.23,57.52,0
53.12,0.1497,0.1442,0.196,265.16,58.28,0
31.94,0.1379,0.1035,0.2748,183.94,52.63,0
27.81,0.138,0.1357,0.2334,159.33,52.88,0
31.8,0.0993,0.1078,0.2216,171.01,56.26,0
34.02,0.1209,0.1728,0.2446,179.36,53.78,0
76.77,0.1958,0.1899,0.2316,390.27,65.03,0
34.4,0.1655,0.113,0.2321,192.37,53.83,0
67.83,0.1887,0.1629,0.2282,342.21,62.2,0
27.62,0.1642,0.1076,0.2542,151.05,52.85,0
58.67,0.1838,0.1526,0.3108,309.09,58.24,0
29.39,0.1428,0.1439,0.182,144.49,49.63,0
62.9,0.1849,0.1538,0.2943,320.95,58.98,0
35.06,0.1679,0.1262,0.2246,366.18,52.55,1
47.02,0.1701,0.1515,0.2064,244.26,57.5,0
33.08,0.1591,0.142,0.3084,161.38,51.77,0
57.17,0.2004,0.1231,0.2337,313.83,60.43,0
72.68,0.2152,0.1513,0.3286,362.72,62.15,0
54.87,0.1524,0.1437,0.2451,274.1,59.14,0
29.26,0.1067,0.1254,0.174,191.85,51.4,0
42.29,0.14,0.1693,0.2455,230.54,57.1,0
55.84,0.1671,0.1379,0.3016,298.58,60.72,0
30.92,0.1606,0.1182,0.1934,162.38,53.69,0
31.54,0.141,0.1112,0.24,192.12,52.24,0
64.0,0.1488,0.1579,0.2908,334.11,61.41,0
34.98,0.1592,0.0944,0.2384,194.91,55.39,0
45.32,0.17,0.1322,0.3272,248.56,55.97,0
72.71,0.183,0.1681,0.2767,379.3,62.14,0
50.51,0.2088,0.1539,0.2953,266.83,54.38,0
29.24,0.1481,0.1351,0.2016,191.9,52.68,0
21.57,0.1228,0.1098,0.1849,147.34,50.9,0
66.37,0.2002,0.1468,0.2982,327.05,61.52,0
21.23,0.1495,0.1201,0.2262,138.5,49.76,0
58.59,0.1821,0.1455,0.3026,302.66,59.07,0
46.27,0.1833,0.135,0.2548,245.23,56.38,0
70.0,0.1842,0.1407,0.2462,357.54,63.61,0
31.28,0.1549,0.1226,0.2084,147.76,52.5,0
72.81,0.1984,0.123,0.3145,369.57,65.52,0
30.4,0.1589,0.1291,0.2102,147.33,54.74,0
36.34,0.1879,0.1159,0.1757,217.88,52.8,0
57.81,0.2073,0.1504,0.2877,305.85,61.5,0
52.8,0.1464,0.1464,0.2563,297.44,59.67,0
46.42,0.177,0.1419,0.3002,252.27,57.49,0
63.49,0.1666,0.64,0.3225,346.06,108.13,1
31.48,0.1464,0.1504,0.1544,172.05,53.42,0
43.52,0.1539,0.1025,0.2468,232.33,58.35,0
73.68,0.2183,0.1816,0.3266,385.24,62.69,0
60.05,0.2015,0.1504,0.2917,321.48,61.43,0
38.92,0.1504,0.1168,0.2044,216.07,54.51,0
76.14,0.1786,0.1825,0.2992,379.49,62.52,0
20.22,0.14,0.138,0.175,105.48,50.25,0
24.43,0.1227,0.1071,0.2365,137.94,52.08,0
48.51,0.1722,0.1864,0.2552,257.35,57.65,0
22.49,0.123,0.1151,0.2737,127.65,51.14,0
58.85,0.1796,0.1324,0.2687,297.34,60.74,0
58.38,0.1722,0.1392,0.2706,280.64,60.48,0
23.67,0.1322,0.0909,0.1365,134.08,50.56,0
41.97,0.166,0.1138,0.2752,229.32,54.71,0
46.26,0.1568,0.106,0.2297,240.03,55.45,0
31.04,0.1214,0.1457,0.1819,183.32,53.22,0
31.41,0.1508,0.1247,0.2105,189.98,51.92,0
63.36,0.1914,0.1476,0.2793,308.2,61.97,0
29.36,0.1366,0.0991,0.2812,164.75,50.75,0
71.53,0.1968,0.1465,0.306,378.01,62.53,0
75.93,0.2217,0.1293,0.3257,396.86,64.8,0
54.67,0.166,0.1257,0.2486,298.09,58.75,0
26.57,0.1723,0.1051,0.3016,170.03,49.41,0
75.5,0.1981,0.1793,0.2803,379.56,63.24,0
55.1,0.1921,0.1331,0.2549,273.07,61.69,0
34.05,0.1247,0.1534,0.1767,199.78,52.35,0
65.07,0.1822,0.1267,0.2701,334.72,63.01,0
59.94,0.1544,0.1338,0.2792,294.98,60.58,0
67.26,0.2061,0.1613,0.3066,333.02,62.78,0
71.2,0.164,0.1538,0.3009,329.39,62.12,0
73.89,0.1882,0.1526,0.3218,373.29,64.04,0
46.44,0.1583,0.1406,0.2214,240.13,57.02,0
72.29,0.2038,0.1508,0.2669,373.98,64.27,0
31.92,0.1582,0.0848,0.2706,161.14,51.75,0
36.6,0.1511,0.0875,0.2811,208.64,51.98,0
44.71,0.1851,0.1773,0.2766,244.06,56.87,0
25.56,0.153,0.1494,0.2411,151.93,49.2,0
64.14,0.1792,0.1673,0.2612,336.39,59.13,0
41.07,0.1642,0.1399,0.2883,214.16,55.21,0
44.55,0.1725,0.1356,0.2447,265.33,58.81,0
56.48,0.1759,0.157,0.2981,303.9,58.24,0
71.56,0.2066,0.143,0.2787,339.94,63.93,0
76.67,0.1747,0.155,0.3261,406.25,61.96,0
68.89,0.1805,0.1751,0.306,371.64,63.77,0
52.91,0.1521,0.1603,0.2835,281.33,59.13,0
35.31,0.1919,0.1308,0.274,182.38,52.89,0
74.04,0.1914,0.1502,0.2833,381.64,61.57,0
40.57,0.1665,0.1573,0.2006,245.51,55.0,0
31.08,0.159,0.1108,0.2072,187.93,52.32,0
57.1,0.1599,0.1525,0.2831,277.46,59.33,0
42.18,0.155,0.173,0.2721,241.58,55.5,0
68.46,0.1887,0.1626,0.312,350.43,60.62,0
76.67,0.1784,0.6242,0.3236,360.81,115.63,1
67.23,0.1899,0.1308,0.2811,354.41,61.32,0
35.65,0.167,0.1386,0.1996,213.71,52.09,0
63.93,0.6794,0.132,1.0391,304.61,57.99,1
24.47,0.1476,0.0897,0.1893,130.3,52.73,0
35.03,0.166,0.1223,0.275,185.18,52.79,0
72.61,0.1834,0.1508,0.2965,374.55,64.58,0
71.47,0.1721,0.145,0.2608,341.25,64.63,0
59.62,0.1884,0.1483,0.3036,318.35,59.45,0
75.79,0.2033,0.1649,0.3136,390.82,65.46,0
35.4,0.1492,0.1394,0.2138,194.77,53.05,0
51.92,0.1461,0.1553,0.2507,273.68,61.49,0
74.91,0.1957,0.184,0.2813,364.49,64.7,0
22.02,0.1513,0.1121,0.2026,150.94,50.11,0
33.19,0.1509,0.1357,0.2575,200.02,54.34,0
62.67,0.2097,0.1134,0.3113,318.95,60.33,0
62.04,0.1604,0.1533,0.3019,300.01,60.21,0
63.89,0.1582,0.1468,0.2624,339.22,57.88,0
27.59,0.1532,0.5882,0.1941,147.76,97.54,1
40.42,0.1532,0.1239,0.2508,205.54,57.96,0
40.6,0.1517,0.1265,0.2393,219.46,53.12,0
48.42,0.152,0.1475,0.221,255.49,57.75,0
29.38,0.148,0.1231,0.2315,161.2,50.5,0
65.55,0.2201,0.1474,0.2496,330.24,61.78,0
41.89,0.1571,0.1156,0.2681,220.49,53.2,0
66.03,0.1816,0.1745,0.2634,321.8,61.7,0
52.8,0.1819,0.192,0.2398,293.5,57.98,0
53.77,0.1572,0.1415,0.2352,282.78,58.61,0
52.89,0.1574,0.1408,0.2593,273.58,56.17,0
47.24,0.1796,0.1471,0.2559,272.95,56.47,0
74.61,0.204,0.1332,0.3009,402.11,63.76,0
61.82,0.1831,0.1289,0.2608,325.99,59.87,0
45.03,0.1557,0.1464,0.2841,232.9,55.8,0
72.37,0.1808,0.175,0.3248,382.68,62.35,0
33.94,0.1328,0.125,0.2291,209.37,52.83,0
52.15,0.162,0.146,0.2676,272.12,59.33,0
32.01,0.1428,0.1176,0.2177,194.12,55.35,0
61.16,0.1979,0.1593,0.2929,296.34,60.44,0
42.65,0.1231,0.1255,0.2545,231.81,53.68,0
66.35,0.1619,0.1479,0.2929,350.26,61.45,0
39.8,0.1789,0.1873,0.2716,197.39,54.1,0
36.78,0.1696,0.1336,0.2568,191.03,52.26,0
66.29,0.6526,0.1449,0.9531,330.58,62.74,1
65.81,0.1732,0.1657,0.2843,339.34,61.02,0
26.15,0.1191,0.0957,0.2439,126.09,50.35,0
20.94,0.1202,0.0915,0.1762,156.62,53.11,0
20.68,0.1132,0.099,0.2704,121.26,48.37,0
65.3,0.1875,0.1862,0.2916,341.15,61.24,0
65.53,0.6732,0.1458,0.7399,330.89,64.13,1
46.31,0.1615,0.1419,0.2489,274.29,56.94,0
77.38,0.2174,0.1556,0.3119,376.86,65.54,0
73.07,0.2098,0.1797,0.3027,702.26,61.51,1
41.27,0.1394,0.1222,0.2438,231.0,58.26,0
67.42,0.1573,0.1346,0.3062,358.41,61.78,0
67.37,0.1897,0.1629,0.287,374.25,63.2,0
53.33,0.1993,0.1289,0.2539,303.22,59.26,0
69.43,0.1978,0.5942,0.2696,377.77,91.6,1
64.47,0.1988,0.1498,0.329,345.54,59.17,0
28.51,0.1402,0.1265,0.1811,148.37,52.39,0
46.22,0.1904,0.1398,0.2187,236.93,54.4,0
53.23,0.1279,0.1045,0.2592,268.58,57.2,0
59.7,0.1607,0.123,0.2485,296.16,61.57,0
63.9,0.1948,0.132,0.2791,328.76,60.08,0
35.14,0.1601,0.1382,0.2158,203.17,55.74,0
22.63,0.1541,0.1313,0.2315,166.34,50.41,0
70.59,0.1875,0.1565,0.2788,359.85,62.43,0
76.08,0.1905,0.1326,0.3239,385.57,62.46,0
23.24,0.1258,0.129,0.1977,133.96,53.37,0
47.15,0.1372,0.1611,0.2998,265.44,57.98,0
54.29,0.1466,0.1577,0.2741,311.7,57.9,0
22.16,0.1467,0.1375,0.2138,131.65,50.2,0
28.97,0.1612,0.1004,0.3084,188.0,49.0,0
72.87,0.1834,0.1515,0.314,333.61,63.04,0
32.72,0.1409,0.1604,0.2454,201.95,55.67,0
62.32,0.1641,0.1345,0.3185,312.49,60.21,0
67.26,0.2009,0.1555,0.3014,328.52,62.82,0
30.73,0.1622,0.093,0.2033,156.0,54.11,0
32.3,0.1157,0.1119,0.2084,183.65,53.56,0
63.23,0.2041,0.1255,0.3154,330.83,61.76,0
25.09,0.1184,0.0992,0.2614,169.72,53.27,0
69.13,0.2014,0.1626,0.2306,340.09,59.38,0
28.31,0.12,0.1369,0.2337,157.85,55.44,0
47.08,0.1267,0.1572,0.2222,254.28,57.19,0
38.41,0.1799,0.1223,0.2267,196.51,54.43,0
37.88,0.2104,0.1267,0.2265,181.82,54.82,0
37.72,0.1722,0.1261,0.2092,216.65,53.52,0
52.54,0.1707,0.1691,0.2538,315.22,60.56,0
46.28,0.1669,0.1625,0.2903,265.13,57.82,0
46.88,0.1789,0.1486,0.2947,251.24,57.3,0
68.2,0.1878,0.1562,0.297,344.21,63.13,0
24.4,0.1538,0.1203,0.1955,153.26,49.68,0
76.81,0.1869,0.1638,0.3244,402.11,62.88,0
41.28,0.1568,0.4059,0.2193,204.87,82.96,1
56.83,0.1438,0.1475,0.2632,288.74,61.24,0
43.85,0.1635,0.101,0.2785,226.21,54.84,0
44.54,0.1649,0.1324,0.2562,219.96,56.15,0
53.47,0.2075,0.1367,0.2739,270.63,58.87,0
61.08,0.2148,0.4125,0.2213,328.9,114.25,1
68.05,0.1943,0.1498,0.3209,349.94,62.55,0
25.49,0.1337,0.1549,0.2382,152.41,52.62,0
25.84,0.1592,0.1047,0.2047,175.34,53.19,0
61.95,0.1883,0.1553,0.2814,311.31,62.35,0
45.78,0.1701,0.1494,0.2678,261.51,57.29,0
55.95,0.1489,0.1055,0.2385,288.46,57.4,0
24.26,0.1575,0.3897,0.1728,152.88,82.81,1
74.64,0.2252,0.1459,0.2512,371.41,63.85,0
47.02,0.1649,0.1198,0.2656,259.12,58.71,0
22.25,0.1452,0.1249,0.2058,148.68,52.61,0
60.65,0.1821,0.1564,0.2673,322.36,59.86,0
25.47,0.1281,0.144,0.1969,120.07,48.94,0
21.12,0.1474,0.0972,0.1638,136.55,51.6,0
73.78,0.2127,0.138,0.2971,383.09,64.02,0
49.54,0.1875,0.1295,0.2461,263.52,55.83,0
65.15,0.1872,0.1684,0.2658,311.26,63.27,0
66.72,0.1703,0.1477,0.299,339.61,60.15,0
24.77,0.1236,0.07,0.2553,140.05,50.36,0
35.73,0.1621,0.1238,0.2199,227.64,54.08,0
37.54,0.1518,0.1242,0.1828,245.89,54.15,0
26.99,0.1244,0.1042,0.2142,149.96,52.97,0
33.41,0.1544,0.1367,0.1798,201.05,52.02,0
66.67,0.2231,0.1581,0.2482,344.79,62.92,0
35.93,0.1359,0.1336,0.2643,198.76,52.51,0
41.22,0.1445,0.1223,0.2593,205.3,56.63,0
51.72,0.1798,0.1278,0.2898,258.38,56.79,0
59.9,0.1553,0.1251,0.3184,316.6,62.73,0
30.01,0.1485,0.1311,0.1895,160.2,49.63,0
26.38,0.1388,0.1408,0.2036,154.51,50.36,0
39.33,0.5781,0.1411,0.795,221.22,57.11,1
39.04,0.1711,0.1245,0.2756,192.65,55.03,0
42.34,0.1509,0.1312,0.2883,228.98,56.54,0
54.06,0.1803,0.137,0.2728,284.93,58.04,0
61.02,0.188,0.1556,0.2396,330.12,57.21,0
64.47,0.1816,0.1548,0.2957,332.96,63.41,0
26.59,0.1917,0.1333,0.2304,148.93,50.52,0
26.57,0.15,0.1425,0.2027,157.81,52.01,0
66.01,0.2318,0.1493,0.2804,370.39,58.98,0
21.95,0.1522,0.1043,0.2195,129.18,51.93,0
69.77,0.2018,0.1105,0.2921,376.8,63.16,0
68.92,0.2433,0.1705,0.3393,337.05,62.6,0
76.6,0.2291,0.1411,0.2678,360.23,63.58,0
42.51,0.1479,0.1313,0.2839,238.72,55.2,0
52.02,0.1767,0.1373,0.2757,256.16,62.26,0
20.63,0.1276,0.0629,0.2567,135.43,50.01,0
57.66,0.166,0.1652,0.2584,299.92,60.22,0
73.8,0.2066,0.18,0.3167,385.36,62.54,0
28.5,0.1356,0.1263,0.1808,180.93,53.67,0
46.64,0.1466,0.1124,0.278,250.89,56.1,0
37.61,0.1528,0.1277,0.2557,190.41,55.34,0
23.22,0.1514,0.1289,0.2432,155.77,51.86,0
20.3,0.1964,0.105,0.2033,92.71,51.57,0
26.82,0.1678,0.1544,0.229,142.62,54.64,0
41.41,0.1326,0.1343,0.2993,228.25,57.31,0
58.89,0.1642,0.1748,0.2992,585.3,59.78,1
45.84,0.1628,0.1186,0.2755,227.0,56.46,0
26.6,0.1654,0.1437,0.1928,159.42,52.97,0
61.67,0.1937,0.1626,0.2623,302.38,61.09,0
76.61,0.1823,0.1484,0.3245,394.19,62.9,0
62.49,0.2025,0.1517,0.2769,316.54,60.99,0
69.3,0.1956,0.1694,0.2435,328.22,62.98,0
43.14,0.1261,0.1108,0.2521,231.08,58.13,0
68.62,0.4706,0.1158,0.8137,380.2,63.55,1
66.58,0.2264,0.1255,0.3069,364.96,61.9,0
37.61,0.164,0.1217,0.2231,248.51,55.45,0
48.12,0.1802,0.1339,0.2473,261.91,59.87,0
55.05,0.1961,0.136,0.2632,283.43,60.06,0
64.11,0.1817,0.1259,0.3235,336.15,60.83,0
76.64,0.1949,0.1821,0.3211,409.43,64.88,0
54.79,0.1913,0.1582,0.2676,282.97,55.26,0
24.47,0.1293,0.1311,0.2443,137.22,49.72,0
60.05,0.1568,0.145,0.199,302.67,57.92,0
29.59,0.1327,0.1528,0.2281,165.9,52.06,0
75.57,0.1955,0.1691,0.3178,387.8,62.96,0
75.94,0.1714,0.1354,0.3112,408.72,62.44,0
69.66,0.1897,0.1711,0.2676,363.42,64.43,0
24.57,0.1532,0.105,0.226,141.54,50.65,0
77.29,0.2151,0.1276,0.2987,368.11,65.98,0
41.33,0.1765,0.1656,0.2798,242.98,59.16,0
62.27,0.2305,0.1417,0.2622,328.41,60.46,0
44.37,0.1459,0.1123,0.3097,258.73,53.88,0
49.72,0.1645,0.1454,0.2472,293.71,57.2,0
31.65,0.1683,0.134,0.2301,168.02,53.87,0
72.21,0.206,0.1485,0.2766,373.0,63.39,0
60.16,0.1587,0.1152,0.247,314.06,61.84,0
53.35,0.1796,0.1283,0.2388,257.35,59.35,0
31.17,0.1695,0.1367,0.2515,156.21,52.39,0
43.79,0.1992,0.1578,0.2837,230.97,55.55,0
43.04,0.1925,0.1889,0.1915,226.64,57.18,0
24.76,0.161,0.0822,0.201,131.72,52.45,0
55.17,0.1971,0.1449,0.2538,314.8,60.37,0
53.53,0.1629,0.1316,0.2688,270.6,56.26,0
52.99,0.1964,0.1439,0.236,297.14,59.1,0
46.19,0.2032,0.1043,0.2828,245.21,56.13,0
32.24,0.1503,0.1356,0.2194,182.73,54.72,0
55.19,0.1675,0.1391,0.3131,303.35,59.0,0
48.81,0.1624,0.1484,0.2016,252.55,58.05,0
55.5,0.1726,0.0872,0.2801,271.5,60.9,0
34.07,0.1271,0.1393,0.2724,151.83,54.53,0
45.14,0.1417,0.1028,0.2281,238.39,57.0,0
67.72,0.1593,0.1577,0.2777,327.15,63.07,0
56.12,0.2007,0.185,0.1892,304.9,57.31,0
21.51,0.1532,0.0837,0.2104,120.12,50.42,0
60.27,0.1579,0.1438,0.2814,294.04,57.48,0
65.41,0.2,0.1471,0.276,346.46,60.11,0
32.89,0.1562,0.1262,0.2099,168.35,51.1,0
52.15,0.6175,0.1129,0.872,270.48,57.94,1
72.74,0.2176,0.1526,0.2801,387.59,62.62,0
22.07,0.1279,0.1266,0.1921,116.25,51.0,0
65.66,0.199,0.1601,0.2624,342.41,63.78,0
66.41,0.1841,0.1338,0.3189,341.61,63.22,0
71.5,0.1676,0.129,0.2795,357.93,65.74,0
75.18,0.2046,0.1626,0.2568,406.38,63.26,0
35.34,0.1456,0.1319,0.2075,184.17,53.69,0
35.59,0.1411,0.1507,0.2818,174.64,52.87,0
64.44,0.2007,0.1668,0.3015,325.19,61.92,0
56.07,0.4959,0.1786,0.6723,303.44,59.26,1
31.6,0.1302,0.1173,0.2518,156.7,55.24,0
37.64,0.1296,0.1256,0.2389,215.74,53.48,0
58.12,0.1655,0.1415,0.256,312.9,59.02,0
55.83,0.1589,0.1261,0.3111,281.77,62.73,0
68.24,0.2154,0.175,0.3189,355.9,59.65,0
43.21,0.151,0.1533,0.2384,247.56,55.29,0
56.81,0.1761,0.1421,0.2874,305.02,63.12,0
70.24,0.1948,0.1797,0.3132,379.29,61.71,0
62.58,0.197,0.1399,0.3009,318.34,61.13,0
74.95,0.1714,0.1439,0.2889,375.91,61.68,0
21.48,0.1814,0.1471,0.1858,101.36,49.19,0
69.43,0.2147,0.1665,0.3158,320.93,60.96,0
50.24,0.1805,0.1615,0.2861,257.86,59.22,0
76.25,0.2073,0.1646,0.3207,371.59,62.68,0
69.18,0.1575,0.1586,0.2758,362.68,61.36,0
34.91,0.1581,0.1449,0.2477,178.93,52.68,0
62.57,0.1838,0.143,0.2916,307.95,61.28,0
60.18,0.2099,0.1552,0.2307,318.77,62.09,0
72.27,0.1644,0.1962,0.2842,344.44,61.87,0
45.68,0.1421,0.1446,0.2599,249.98,56.09,0
62.8,0.1882,0.1173,0.2929,326.63,62.34,0
49.8,0.1594,0.1356,0.2649,274.1,56.57,0
41.29,0.2107,0.126,0.1986,219.65,55.18,0
56.52,0.1605,0.1417,0.3053,332.82,58.01,0
60.75,0.2116,0.1417,0.2654,287.57,60.44,0
70.99,0.1474,0.1676,0.2681,367.3,61.54,0
43.35,0.177,0.1162,0.2853,249.57,56.44,0
37.89,0.1833,0.129,0.2114,215.24,50.35,0
47.36,0.1358,0.1413,0.2319,270.82,56.29,0
58.27,0.1329,0.198,0.2838,281.52,61.33,0
58.08,0.1272,0.1515,0.2543,313.05,62.99,0
77.42,0.2005,0.1399,0.3624,388.85,64.85,0
22.82,0.1358,0.0929,0.2024,118.2,50.56,0
42.99,0.1636,0.1514,0.2367,266.35,55.29,0
47.46,0.1965,0.1721,0.2718,254.93,57.32,0
24.41,0.1443,0.091,0.1609,145.07,51.14,0
27.6,0.1431,0.1341,0.2249,151.8,50.52,0
63.31,0.167,0.1295,0.3036,332.32,60.21,0
26.81,0.1695,0.1198,0.1937,156.64,53.05,0
50.38,0.1761,0.166,0.2586,278.78,57.54,0
72.5,0.1832,0.1551,0.2813,380.44,64.72,0
68.23,0.2031,0.1444,0.2635,361.02,64.57,0
44.43,0.1497,0.1927,0.2627,239.55,53.8,0
77.6,0.185,0.2008,0.3564,376.19,67.51,0
27.2,0.1532,0.1214,0.2109,165.77,50.39,0
51.9,0.147,0.1449,0.308,291.36,56.48,0
27.97,0.1224,0.1144,0.2265,164.66,52.4,0
35.28,0.1523,0.1376,0.2589,233.04,53.8,0
41.95,0.1651,0.1059,0.1995,215.26,55.55,0
68.54,0.1801,0.1711,0.3255,323.35,63.64,0
56.67,0.172,0.1006,0.2379,278.99,59.19,0
41.24,0.1725,0.1516,0.2277,233.17,57.05,0
34.87,0.3893,0.1342,0.6534,198.94,53.25,1
73.57,0.1482,0.1336,0.2334,371.18,63.74,0
65.8,0.2047,0.178,0.3027,341.87,61.65,0
43.8,0.1345,0.1238,0.2126,212.44,57.35,0
27.78,0.1293,0.1454,0.2826,168.52,51.08,0
72.29,0.159,0.1181,0.3052,374.17,62.58,0
51.75,0.1768,0.1165,0.2508,264.85,57.01,0
54.1,0.1853,0.1247,0.2696,277.91,58.32,0
25.48,0.1752,0.1189,0.1657,129.12,51.27,0
72.98,0.2239,0.1633,0.2694,393.44,61.92,0
37.12,0.1813,0.1349,0.269,209.63,54.64,0
30.54,0.1521,0.0937,0.24,158.47,52.19,0
42.65,0.1688,0.1152,0.2646,240.69,56.57,0
51.01,0.175,0.1266,0.2758,279.8,59.77,0
65.03,0.1787,0.1175,0.233,330.95,62.89,0
22.4,0.1561,0.1125,0.1782,335.24,51.85,1
69.05,0.1936,0.1298,0.3028,350.32,59.71,0
49.94,0.1612,0.1291,0.2827,270.78,55.92,0
45.82,0.1814,0.1344,0.2274,266.12,56.67,0
25.32,0.147,0.1247,0.2288,135.94,50.25,0
33.93,0.1621,0.12,0.254,196.41,51.88,0
48.91,0.1542,0.1358,0.2963,245.63,57.92,0
72.12,0.1323,0.1571,0.3263,358.09,65.23,0
48.61,0.1722,0.143,0.2428,262.62,59.94,0
47.65,0.1381,0.0687,0.3349,267.69,56.17,0
59.12,0.5757,0.134,0.8605,322.37,62.21,1
46.0,0.1578,0.1501,0.2695,237.54,55.33,0
74.61,0.1686,0.1231,0.3538,412.24,66.79,0
28.45,0.1355,0.1447,0.1855,156.57,51.11,0
56.76,0.1743,0.1475,0.2909,273.62,59.28,0
29.12,0.1706,0.128,0.2098,178.34,51.6,0
68.56,0.2134,0.1665,0.2857,338.28,62.72,0
25.17,0.1459,0.1289,0.2042,142.14,50.07,0
39.88,0.1471,0.1503,0.2514,243.82,55.21,0
31.4,0.1606,0.1385,0.1827,182.63,53.1,0
69.67,0.1803,0.1413,0.3012,356.36,60.66,0
20.8,0.1651,0.105,0.1787,166.96,50.22,0
31.41,0.1325,0.1505,0.2996,152.3,53.16,0
77.73,0.237,0.1775,0.3197,384.16,66.73,0
38.54,0.1652,0.1521,0.191,207.54,54.04,0
55.98,0.1683,0.1324,0.2094,276.87,56.35,0
70.53,0.2094,0.1409,0.2633,360.37,59.38,0
35.02,0.1662,0.136,0.2391,179.73,55.0,0
34.27,0.1681,0.1323,0.214,193.94,52.47,0
39.89,0.1682,0.1492,0.2375,221.87,54.91,0
57.44,0.184,0.1604,0.2945,326.36,59.32,0
32.87,0.176,0.1218,0.2048,175.41,52.66,0
73.05,0.1814,0.1995,0.2991,377.3,66.73,0
42.75,0.1841,0.1406,0.219,262.19,57.2,0
38.13,0.1495,0.1372,0.2571,202.95,56.38,0
37.71,0.1709,0.0796,0.2272,226.39,54.21,0
61.79,0.2124,0.142,0.2709,283.54,58.25,0
27.72,0.1718,0.0828,0.1906,162.89,52.92,0
43.39,0.1608,0.0976,0.2907,251.56,55.23,0
34.42,0.1214,0.1357,0.2531,196.36,53.81,0
26.88,0.1645,0.1241,0.1719,163.51,53.55,0
75.08,0.1746,0.177,0.3309,386.27,63.51,0
72.51,0.1971,0.1801,0.2679,359.67,60.93,0
29.0,0.1412,0.1277,0.1965,173.75,52.08,0
38.76,0.1753,0.1482,0.2896,203.43,55.9,0
34.12,0.139,0.127,0.2736,208.77,52.72,0
38.36,0.1347,0.1606,0.214,196.23,54.59,0
66.63,0.1446,0.1571,0.2495,341.69,60.94,0
28.47,0.1534,0.1425,0.2054,170.42,52.34,0
50.04,0.1626,0.1558,0.2223,257.16,58.01,0
23.92,0.1295,0.1164,0.2007,134.04,50.94,0
43.07,0.1607,0.1491,0.2654,217.54,57.59,0
26.15,0.1524,0.1201,0.1678,142.37,47.84,0
41.14,0.1715,0.1526,0.2071,209.47,56.06,0
48.73,0.1411,0.1406,0.2239,252.45,56.69,0
53.02,0.187,0.1206,0.2724,292.53,61.2,0
45.6,0.1815,0.1386,0.2713,247.6,60.9,0
63.23,0.1303,0.1534,0.2492,309.15,60.2,0
69.75,0.2004,0.1684,0.2756,367.15,62.5,0
75.75,0.2102,0.1664,0.3387,369.73,63.17,0
58.11,0.1677,0.1518,0.3138,317.25,58.84,0
34.75,0.1311,0.175,0.263,189.84,52.57,0
70.07,0.1932,0.1582,0.2395,357.51,64.39,0
25.96,0.12,0.066,0.2444,166.27,52.09,0
41.08,0.1816,0.1254,0.2095,238.6,54.53,0
26.1,0.1468,0.1214,0.1909,109.93,49.46,0
61.82,0.2128,0.1623,0.2644,311.98,61.04,0
30.45,0.1383,0.1314,0.2735,171.26,52.65,0
73.08,0.2071,0.1616,0.3135,392.38,62.94,0
33.92,0.1569,0.131,0.2611,191.79,54.05,0
66.18,0.172,0.1341,0.2628,334.15,63.9,0
36.96,0.1399,0.114,0.2224,204.6,52.94,0
34.17,0.1681,0.16,0.2367,172.74,53.63,0
30.53,0.1684,0.119,0.265,149.94,52.53,0
29.12,0.1656,0.1325,0.1855,182.67,52.8,0
67.78,0.1778,0.1671,0.2756,358.7,63.3,0
74.61,0.1844,0.1635,0.2914,379.74,67.76,0
37.34,0.2129,0.133,0.1965,188.51,56.43,0
71.05,0.2012,0.1564,0.3201,361.63,61.96,0
42.21,0.175,0.1002,0.188,209.8,52.73,0
75.61,0.2034,0.1776,0.3319,375.72,61.37,0
52.32,0.1902,0.1373,0.2586,249.97,56.92,0
40.65,0.1638,0.1336,0.254,225.23,56.01,0
37.0,0.1501,0.127,0.2643,224.46,55.29,0
27.93,0.1198,0.1511,0.1944,153.03,53.44,0
38.82,0.1188,0.112,0.244,214.32,53.89,0
29.26,0.1326,0.1169,0.2475,185.25,50.48,0
58.44,0.1383,0.1527,0.2274,290.53,59.43,0
49.97,0.1494,0.16,0.2746,247.41,56.19,0
44.14,0.1652,0.13,0.2819,261.18,56.14,0
51.12,0.1582,0.1352,0.2443,246.49,57.71,0
45.32,0.1761,0.1501,0.2701,229.81,57.25,0
29.81,0.1352,0.1321,0.2123,187.02,50.86,0
31.79,0.1598,0.1417,0.2007,199.64,52.47,0
72.45,0.183,0.1447,0.2721,387.96,62.07,0
69.07,0.1275,0.1527,0.3044,357.79,65.29,0
74.6,0.2313,0.1577,0.2648,378.37,63.4,0
67.98,0.1805,0.1869,0.2489,317.39,61.7,0
49.46,0.1568,0.1714,0.2506,253.16,57.65,0
45.46,0.1343,0.1305,0.2964,224.61,56.32,0
66.46,0.1969,0.1164,0.3002,335.72,62.61,0
41.7,0.1815,0.6675,0.2687,243.59,101.42,1
54.49,0.1625,0.1413,0.292,300.68,58.28,0
34.67,0.146,0.1155,0.2382,179.09,53.47,0
48.02,0.1825,0.1671,0.2403,270.84,57.36,0
59.56,0.1644,0.1721,0.2446,315.98,63.35,0
43.15,0.1916,0.1713,0.1737,220.58,57.63,0
50.9,0.1869,0.1497,0.2211,283.72,55.87,0
74.94,0.1997,0.1118,0.2285,357.38,64.12,0
70.54,0.1688,0.1475,0.2979,375.24,65.36,0
53.95,0.1848,0.1184,0.2151,270.95,59.17,0
72.81,0.1657,0.1742,0.2971,335.74,61.94,0
52.21,0.1778,0.1231,0.2608,280.96,58.44,0
30.79,0.1135,0.1336,0.2133,174.57,56.39,0
29.49,0.1697,0.1163,0.2457,183.46,50.9,0
48.92,0.1975,0.1278,0.2451,263.84,56.42,0
73.3,0.1786,0.2011,0.3247,379.15,62.51,0
29.55,0.1722,0.1271,0.2617,165.45,51.56,0
68.35,0.1611,0.1467,0.222,320.47,61.74,0
30.09,0.1447,0.115,0.1855,188.78,51.96,0
50.97,0.179,0.1444,0.1863,253.68,58.53,0
68.87,0.192,0.179,0.3247,378.86,61.06,0
50.73,0.1665,0.1822,0.2771,299.2,56.08,0
51.73,0.1833,0.1337,0.2835,265.62,61.28,0
26.07,0.1618,0.1085,0.2215,146.29,52.39,0
35.54,0.1555,0.1452,0.2632,180.88,56.35,0
60.3,0.1752,0.1541,0.2392,281.79,60.15,0
77.79,0.1777,0.1423,0.2751,375.75,65.84,0
60.34,0.1752,0.1153,0.2804,306.82,60.82,0
67.26,0.1765,0.1288,0.2919,353.21,63.69,0
36.41,0.1736,0.1201,0.2425,187.27,55.03,0
35.78,0.1563,0.1569,0.2288,194.93,56.15,0
37.53,0.1803,0.0998,0.2656,206.7,55.89,0
71.23,0.1563,0.1617,0.2504,363.31,63.23,0
35.61,0.1835,0.1356,0.1884,488.66,51.55,1
64.81,0.1734,0.1728,0.2929,323.38,60.84,0
37.48,0.1753,0.1071,0.1982,215.22,54.66,0
32.65,0.1452,0.1126,0.2232,178.41,52.94,0
75.28,0.2058,0.1696,0.2886,365.4,62.9,0
72.47,0.1904,0.1764,0.3218,358.97,64.09,0
51.99,0.1799,0.1432,0.3257,273.73,60.1,0
35.34,0.1571,0.1334,0.2612,206.03,56.7,0
27.48,0.1799,0.1363,0.2147,170.57,54.49,0
41.06,0.1571,0.098,0.2106,214.04,54.5,0
50.49,0.1873,0.1295,0.2288,285.46,54.83,0
43.21,0.1694,0.1184,0.2415,212.85,53.16,0
57.56,0.3865,0.1474,0.6948,289.77,59.06,1
26.29,0.1592,0.0943,0.2176,161.02,52.28,0
24.5,0.1539,0.1088,0.2203,172.77,49.76,0
54.22,0.1533,0.1376,0.2996,275.77,59.1,0
31.25,0.1152,0.1268,0.2905,179.17,54.79,0
44.52,0.1771,0.1543,0.2819,266.09,53.91,0
30.45,0.1526,0.1722,0.2572,162.02,50.46,0
63.41,0.1746,0.1542,0.3021,317.91,63.24,0
75.13,0.1923,0.138,0.3186,375.88,64.65,0
56.18,0.1927,0.1523,0.2202,285.32,59.34,0
55.59,0.1582,0.1428,0.2796,298.66,58.45,0
54.39,0.1641,0.1519,0.2635,439.03,58.76,1
30.77,0.1549,0.1273,0.2254,180.39,52.31,0
58.32,0.1886,0.1276,0.3093,316.23,60.55,0
33.46,0.161,0.1374,0.2884,178.88,54.17,0
73.96,0.2403,0.1798,0.2711,367.29,64.02,0
37.83,0.167,0.1367,0.2098,205.92,55.91,0
77.08,0.2172,0.1815,0.2851,393.93,64.75,0
41.07,0.1075,0.1353,0.2406,235.96,55.11,0
42.56,0.2013,0.1136,0.259,245.89,55.52,0
41.15,0.1853,0.1392,0.2245,232.36,57.04,0
51.99,0.1385,0.1416,0.2259,263.18,59.55,0
52.96,0.1465,0.1461,0.236,281.0,58.49,0
40.79,0.1575,0.1281,0.2736,204.83,53.91,0
64.87,0.1907,0.1475,0.2676,326.43,58.64,0
34.43,0.1697,0.1378,0.2276,175.38,55.14,0
33.02,0.1643,0.1468,0.2079,167.17,51.85,0
71.52,0.1672,0.1255,0.3257,378.49,61.51,0
32.2,0.1564,0.1347,0.2373,165.25,52.55,0
20.72,0.1568,0.1468,0.2115,108.39,46.88,0
67.66,0.1832,0.1707,0.3027,349.04,61.45,0
21.86,0.1377,0.1184,0.208,145.56,51.85,0
41.15,0.1809,0.1334,0.2058,215.59,56.02,0
53.43,0.1598,0.1416,0.2521,608.18,58.98,1
59.98,0.166,0.1799,0.2959,310.92,59.31,0
42.94,0.1774,0.1327,0.2755,236.28,57.22,0
58.48,0.1717,0.1297,0.3697,287.17,60.73,0
54.9,0.1929,0.1445,0.2841,299.82,56.36,0
77.78,0.1767,0.1449,0.2667,387.85,65.39,0
68.74,0.183,0.1689,0.317,353.9,58.8,0
53.78,0.166,0.1248,0.2728,282.45,57.85,0
52.28,0.2015,0.7499,0.1896,277.74,100.65,1
34.16,0.1408,0.1456,0.19,220.53,54.91,0
22.47,0.1509,0.0943,0.1851,133.4,48.58,0
77.42,0.1971,0.1626,0.3398,391.75,63.56,0
20.97,0.1336,0.0897,0.2364,120.35,52.03,0
42.65,0.1857,0.1273,0.2491,240.25,56.68,0
75.72,0.2097,0.1898,0.3061,371.76,64.97,0
23.44,0.1574,0.0884,0.2474,125.2,54.42,0
48.46,0.1662,0.1151,0.2835,265.02,56.32,0
61.72,0.1799,0.1429,0.2532,320.93,62.41,0
60.94,0.2021,0.1487,0.2996,304.18,60.01,0
21.59,0.1695,0.1147,0.2571,140.74,50.51,0
26.08,0.1407,0.0954,0.2463,148.33,53.02,0
56.26,0.1681,0.0959,0.2387,289.06,60.08,0
24.15,0.1182,0.1411,0.229,133.07,49.7,0
60.39,0.1598,0.1525,0.2413,350.87,59.47,0
28.16,0.1607,0.0961,0.194,176.21,52.19,0
30.32,0.116,0.1189,0.1958,198.76,52.41,0
45.33,0.1776,0.1274,0.2941,248.51,58.77,0
33.03,0.1472,0.0998,0.2099,192.45,55.72,0
21.8,0.1237,0.1029,0.1667,121.58,50.3,0
67.61,0.1851,0.1188,0.2604,373.37,65.07,0
31.26,0.1336,0.1152,0.2412,175.98,51.72,0
68.53,0.1607,0.1506,0.3259,334.09,57.76,0
63.43,0.1793,0.1072,0.2662,319.35,62.13,0
58.11,0.194,0.1365,0.3178,275.51,59.6,0
77.36,0.1911,0.1574,0.3097,390.1,63.48,0
31.74,0.1237,0.085,0.2165,163.84,51.32,0
51.68,0.1938,0.1674,0.2474,284.99,58.6,0
24.17,0.1236,0.1383,0.2066,143.73,52.93,0
21.45,0.1503,0.1385,0.2096,137.38,47.99,0
71.72,0.2257,0.1331,0.2927,377.81,65.74,0
64.29,0.1432,0.1757,0.3036,328.75,62.1,0
60.15,0.1403,0.1361,0.251,328.79,59.18,0
39.85,0.1788,0.1586,0.2411,236.36,54.82,0
39.36,0.1916,0.1276,0.2296,208.66,56.32,0
73.57,0.2105,0.1419,0.3264,370.05,61.81,0
30.28,0.1563,0.1077,0.2229,177.22,51.33,0
35.41,0.1922,0.1535,0.276,186.47,51.74,0
23.19,0.1562,0.1355,0.2489,120.3,52.87,0
20.39,0.126,0.0905,0.1574,126.36,49.89,0
65.88,0.2285,0.1482,0.253,321.46,63.49,0
66.97,0.1953,0.1278,0.2701,336.21,60.61,0
22.05,0.1447,0.1256,0.2414,146.25,50.61,0
40.83,0.1295,0.1119,0.2861,208.65,57.38,0
28.55,0.5413,0.1148,0.9007,160.06,51.7,1
34.94,0.1392,0.1219,0.1841,194.49,55.96,0
27.32,0.1283,0.1515,0.1843,173.9,51.53,0
69.97,0.1612,0.1264,0.2904,364.52,63.35,0
21.55,0.1429,0.1076,0.204,96.32,48.63,0
42.21,0.1472,0.148,0.2579,224.83,55.11,0
31.98,0.1351,0.14,0.2284,170.16,57.34,0
43.41,0.1447,0.1168,0.2236,231.63,55.12,0
58.0,0.1709,0.1553,0.2583,314.01,60.66,0
38.42,0.132,0.1523,0.2314,206.06,52.98,0
63.16,0.192,0.1642,0.2689,353.32,60.78,0
56.94,0.1608,0.1311,0.2701,310.46,61.29,0
53.52,0.1552,0.1344,0.3146,290.23,58.35,0
68.29,0.157,0.129,0.3021,331.97,62.39,0
38.56,0.1948,0.1215,0.2637,202.25,53.9,0
25.22,0.1406,0.1142,0.1784,417.18,48.57,1
49.64,0.1603,0.1358,0.253,246.02,57.46,0
24.59,0.1259,0.1247,0.3124,126.13,50.71,0
33.15,0.1803,0.1259,0.2407,194.35,53.85,0
40.27,0.1668,0.1243,0.2521,219.51,50.97,0
59.98,0.1971,0.1116,0.2628,315.5,59.88,0
30.03,0.1613,0.1206,0.2378,151.41,51.45,0
23.54,0.1574,0.1401,0.2279,131.42,49.73,0
49.75,0.1619,0.1547,0.3166,267.2,57.71,0
72.45,0.2056,0.1265,0.3169,375.04,63.97,0
57.17,0.196,0.1393,0.2963,305.39,59.53,0
25.06,0.1607,0.1141,0.1954,135.09,49.39,0
46.64,0.1814,0.1425,0.2393,247.35,56.47,0
24.62,0.1444,0.112,0.1994,144.81,53.93,0
25.84,0.1419,0.1549,0.183,126.52,53.09,0
41.26,0.1727,0.1298,0.2259,244.72,53.22,0
53.84,0.1829,0.1039,0.2368,272.52,58.87,0
70.41,0.1925,0.1703,0.3144,366.4,62.31,0
76.74,0.2154,0.1699,0.2921,396.29,64.0,0
52.86,0.1782,0.1282,0.2503,276.76,57.35,0
64.02,0.1656,0.1491,0.2567,336.23,60.37,0
44.15,0.1443,0.1423,0.2354,221.63,55.88,0
46.66,0.1763,0.1135,0.305,247.24,56.88,0
70.61,0.1797,0.1669,0.3543,355.37,61.85,0
56.35,0.2107,0.1376,0.2967,313.79,60.08,0
76.14,0.1994,0.1388,0.3092,376.58,66.26,0
48.81,0.1542,0.1412,0.24,242.42,57.66,0
41.44,0.1373,0.1142,0.2492,225.15,56.82,0
30.0,0.1766,0.1514,0.2625,169.29,50.28,0
22.06,0.1103,0.1231,0.1743,129.06,51.77,0
32.62,0.1541,0.1414,0.1944,193.78,54.37,0
26.27,0.1565,0.0643,0.2347,149.84,50.75,0
24.97,0.1107,0.1197,0.2372,144.87,50.49,0
40.41,0.1371,0.158,0.2661,213.6,55.39,0
64.96,0.1681,0.1266,0.2377,345.03,58.32,0
46.87,0.2088,0.159,0.2458,236.53,56.32,0
40.72,0.16,0.1177,0.2475,221.0,54.71,0
27.73,0.1548,0.1178,0.2124,149.33,52.33,0
46.21,0.1998,0.1188,0.2369,256.67,57.05,0
55.51,0.169,0.1546,0.25,320.23,59.45,0
22.04,0.0972,0.1227,0.2376,138.65,47.48,0
46.94,0.1172,0.1494,0.2041,237.66,56.33,0
56.82,0.1564,0.1194,0.3017,286.75,58.54,0
58.12,0.191,0.1651,0.2567,328.77,61.15,0
77.15,0.2296,0.1401,0.2957,390.32,64.06,0
31.29,0.1628,0.1377,0.2281,183.18,54.96,0
44.25,0.1514,0.1579,0.2798,211.68,56.71,0
27.59,0.1294,0.1106,0.2775,147.61,50.76,0
21.04,0.1795,0.12,0.2549,117.94,51.59,0
44.03,0.218,0.1299,0.2281,237.08,56.84,0
54.21,0.1761,0.093,0.2346,262.47,57.53,0
30.51,0.1637,0.1409,0.1948,178.59,49.53,0
50.46,0.1738,0.1319,0.2026,250.64,56.72,0
43.57,0.1582,0.1313,0.2538,246.2,59.36,0
56.4,0.1765,0.1663,0.2961,329.17,57.03,0
76.57,0.1675,0.157,0.3415,386.87,62.68,0
63.92,0.1672,0.1536,0.3156,297.94,60.95,0
32.48,0.1589,0.167,0.2211,180.62,52.38,0
27.92,0.1744,0.1375,0.2122,134.41,50.73,0
24.76,0.1457,0.131,0.175,137.9,53.08,0
66.78,0.2418,0.1513,0.2702,336.25,61.4,0
69.06,0.1718,0.168,0.2794,351.34,61.39,0
30.52,0.1556,0.1455,0.2216,161.78,50.67,0
53.63,0.1924,0.1426,0.2728,292.18,55.96,0
29.99,0.1405,0.0995,0.2914,160.06,50.6,0
69.28,0.2131,0.1642,0.2777,339.71,61.03,0
46.02,0.2102,0.1541,0.2764,237.37,55.37,0
66.0,0.1618,0.1447,0.2591,346.06,61.6,0
76.01,0.1898,0.1548,0.287,388.32,63.28,0
39.84,0.1319,0.116,0.2151,211.21,51.72,0
53.59,0.145,0.16,0.2679,275.92,58.78,0
75.14,0.2207,0.153,0.2775,354.0,63.34,0
71.65,0.2076,0.149,0.3181,362.21,63.54,0
76.87,0.1811,0.155,0.2189,386.98,61.94,0
51.14,0.1869,0.1543,0.2992,251.1,58.22,0
52.46,0.1393,0.1581,0.2767,259.44,58.62,0
39.72,0.1619,0.1391,0.2787,224.54,53.93,0
30.44,0.1436,0.1225,0.1868,179.25,53.78,0
31.56,0.1542,0.1137,0.1929,159.27,51.54,0
77.87,0.1899,0.1652,0.2814,392.2,65.84,0
43.9,0.1518,0.1333,0.2211,246.32,55.15,0
69.31,0.2088,0.1728,0.3181,361.6,63.59,0
58.91,0.1772,0.1625,0.2312,316.29,59.56,0
48.61,0.1773,0.1522,0.2684,236.39,58.96,0
59.39,0.1636,0.1839,0.2528,288.39,59.37,0
41.1,0.125,0.1801,0.2454,244.89,56.47,0
47.75,0.1608,0.1467,0.2649,256.35,54.19,0
62.14,0.1556,0.1575,0.3507,311.03,59.73,0
33.07,0.148,0.1421,0.2095,197.23,52.04,0
36.98,0.1759,0.1638,0.2473,220.14,52.82,0
53.46,0.1586,0.1326,0.2566,288.68,60.14,0
51.09,0.1996,0.1304,0.2816,290.36,58.62,0
76.79,0.2012,0.1531,0.2985,398.55,65.6,0
43.05,0.2084,0.1599,0.2365,222.7,56.61,0
21.88,0.1432,0.1491,0.2215,129.6,50.2,0
54.22,0.1839,0.1327,0.3039,275.15,57.98,0
71.63,0.1488,0.1607,0.3191,382.2,62.27,0
45.35,0.1513,0.1738,0.2929,250.57,54.94,0
39.95,0.1506,0.1396,0.2783,194.67,56.63,0
44.09,0.1979,0.1368,0.284,213.25,57.72,0
42.09,0.1465,0.1572,0.2087,220.83,56.04,0
35.59,0.1794,0.1188,0.2139,166.28,54.37,0
76.62,0.2241,0.2079,0.305,410.29,64.74,0
50.47,0.1497,0.1749,0.2786,271.59,56.71,0
45.07,0.1775,0.1012,0.2333,250.85,54.5,0
68.63,0.1893,0.1375,0.242,324.01,63.38,0
52.08,0.1844,0.1367,0.2721,273.64,58.31,0
30.34,0.1526,0.1099,0.2471,156.87,51.37,0
35.0,0.1478,0.102,0.2039,220.49,52.37,0
40.81,0.1377,0.1096,0.2326,243.28,56.47,0
48.34,0.1878,0.1314,0.215,231.42,57.13,0
48.36,0.142,0.1288,0.2757,260.71,58.77,0
68.63,0.2073,0.179,0.275,348.92,61.04,0
75.89,0.185,0.1814,0.3225,366.47,64.81,0
63.19,0.6126,0.1527,1.0657,337.2,61.68,1
66.56,0.2069,0.1545,0.3087,367.55,63.43,0
52.69,0.1911,0.1276,0.2254,278.34,55.49,0
32.57,0.1543,0.1441,0.2121,190.76,51.79,0
66.19,0.1983,0.1275,0.2092,325.66,60.4,0
66.49,0.1883,0.1488,0.275,366.42,62.42,0
55.61,0.1757,0.1308,0.2916,297.02,57.21,0
31.53,0.1733,0.1778,0.2018,201.32,53.5,0
69.65,0.1913,0.1612,0.3284,363.3,60.62,0
22.95,0.1473,0.152,0.2466,154.52,49.13,0
53.1,0.2058,0.149,0.2706,264.0,58.47,0
33.9,0.1868,0.148,0.2451,168.49,49.21,0
34.01,0.1182,0.1286,0.2119,214.39,54.93,0
67.51,0.138,0.1429,0.2493,384.76,59.49,0
23.88,0.1653,0.0962,0.1913,133.73,48.48,0
68.14,0.2135,0.1248,0.3316,313.88,62.71,0
41.69,0.1515,0.1421,0.2161,226.86,53.91,0
30.46,0.1787,0.17,0.258,150.2,53.51,0
39.12,0.1456,0.1054,0.2908,218.33,54.53,0
41.55,0.1527,0.1257,0.2662,213.54,56.86,0
45.66,0.196,0.1543,0.209,249.54,58.56,0
74.09,0.1775,0.157,0.3632,354.03,62.27,0
29.41,0.145,0.1555,0.2276,154.37,52.47,0
49.0,0.1686,0.1537,0.2536,283.2,56.86,0
58.94,0.1986,0.0978,0.2502,309.35,58.32,0
47.64,0.1489,0.1394,0.2703,247.25,58.25,0
56.88,0.1565,0.1623,0.3058,301.39,61.51,0
44.26,0.1561,0.1368,0.2681,239.94,55.58,0
31.53,0.1441,0.1363,0.2324,171.1,52.51,0
73.54,0.2005,0.1485,0.3096,333.48,63.96,0
70.86,0.172,0.1776,0.273,352.32,62.9,0
63.69,0.1843,0.1402,0.2898,336.51,56.83,0
61.32,0.1718,0.0982,0.3154,285.09,57.8,0
29.26,0.1478,0.105,0.2411,164.17,50.82,0
74.68,0.2126,0.1537,0.3245,376.83,63.3,0
70.87,0.2178,0.1588,0.2457,356.4,63.55,0
20.45,0.143,0.0908,0.233,134.65,48.32,0
62.21,0.2105,0.1485,0.2616,301.45,62.18,0
62.95,0.1539,0.1608,0.28,348.26,61.29,0
39.94,0.1679,0.7411,0.2358,217.98,85.58,1
48.16,0.1992,0.0931,0.2622,255.15,58.53,0
36.84,0.1537,0.11,0.2418,205.4,53.59,0
39.49,0.1826,0.1636,0.2246,208.76,54.54,0
61.38,0.1799,0.1499,0.2936,324.31,60.14,0
59.42,0.1865,0.1279,0.3011,339.42,56.02,0
33.23,0.1501,0.1385,0.2422,159.7,52.1,0
67.88,0.1584,0.165,0.3012,321.13,60.73,0
35.13,0.1583,0.0755,0.2025,217.15,50.69,0
67.26,0.1984,0.1583,0.2563,334.96,62.2,0
36.39,0.1416,0.1152,0.3044,218.07,54.23,0
22.6,0.1388,0.119,0.1799,339.98,49.26,1
58.22,0.1696,0.1506,0.2706,302.32,62.03,0
28.44,0.1628,0.1427,0.2316,176.34,54.58,0
60.64,0.1974,0.1691,0.2452,310.28,60.69,0
25.67,0.1398,0.1495,0.1916,136.89,53.23,0
76.99,0.1823,0.1756,0.3134,379.84,65.71,0
43.34,0.1853,0.1584,0.3014,226.96,57.52,0
29.22,0.147,0.0984,0.1824,185.08,54.86,0
46.23,0.1935,0.1634,0.2026,255.24,53.39,0
71.73,0.1731,0.1712,0.2437,376.28,61.51,0
62.49,0.19,0.1906,0.2859,323.27,61.45,0
38.66,0.1413,0.7236,0.239,218.6,93.42,1
61.12,0.167,0.1331,0.2333,344.32,58.77,0
77.99,0.2157,0.1767,0.2959,396.12,61.64,0
22.92,0.1182,0.1317,0.2672,144.01,47.46,0
42.37,0.1713,0.1437,0.2512,251.03,57.88,0
37.45,0.1755,0.168,0.1881,181.74,56.25,0
27.37,0.1495,0.1376,0.2466,142.83,51.41,0
33.03,0.1516,0.1233,0.2903,195.45,54.07,0
28.55,0.1636,0.1212,0.2158,159.39,51.54,0
39.54,0.1211,0.1368,0.3348,222.61,54.22,0
57.59,0.207,0.1528,0.2491,288.75,61.38,0
52.08,0.1812,0.1286,0.2596,267.43,57.01,0
32.3,0.1564,0.1316,0.2397,170.06,55.66,0
61.33,0.1747,0.1358,0.222,282.38,60.59,0
20.75,0.1464,0.0908,0.2011,120.31,47.86,0
39.71,0.1936,0.1339,0.2574,239.75,52.66,0
68.32,0.2075,0.1294,0.2723,381.59,63.88,0
47.15,0.1435,0.1426,0.2958,286.52,58.77,0
39.57,0.1403,0.1118,0.2677,204.3,52.84,0
74.8,0.1985,0.1546,0.2532,374.6,62.16,0
49.95,0.1492,0.1218,0.2897,226.72,57.52,0
58.75,0.1594,0.144,0.2981,280.39,60.89,0
67.74,0.1916,0.174,0.2857,367.0,63.36,0
32.38,0.155,0.1074,0.2292,191.05,53.33,0
73.47,0.1973,0.1664,0.3404,378.31,62.89,0
51.24,0.1796,0.1532,0.2013,265.91,57.64,0
49.2,0.1549,0.1162,0.2909,272.13,58.35,0
31.46,0.1373,0.1455,0.2589,143.93,52.93,0
32.94,0.1404,0.1381,0.2736,145.72,54.34,0
60.75,0.2178,0.163,0.2911,312.72,60.24,0
75.18,0.1789,0.1691,0.3466,370.5,64.4,0
48.68,0.1522,0.1389,0.252,275.89,59.78,0
40.09,0.1081,0.1482,0.2764,246.36,53.33,0
57.15,0.1767,0.1501,0.2782,305.0,58.66,0
68.85,0.1763,0.149,0.2709,366.7,64.04,0
44.87,0.1832,0.1223,0.2553,219.97,57.82,0
29.88,0.1461,0.1048,0.2206,155.19,50.37,0
61.69,0.175,0.1217,0.3242,300.31,60.4,0
69.9,0.19,0.1691,0.3199,355.39,65.37,0
45.41,0.144,0.1663,0.2183,215.35,56.86,0
32.01,0.1325,0.1265,0.2313,154.88,53.04,0
64.28,0.1979,0.1699,0.2581,340.63,61.0,0
67.55,0.1731,0.1359,0.257,332.34,62.11,0
72.98,0.1787,0.1982,0.3037,369.75,62.19,0
38.88,0.1694,0.168,0.256,228.1,55.84,0
76.88,0.2235,0.1343,0.3467,386.5,62.88,0
68.74,0.1856,0.1457,0.28,328.84,62.4,0
68.2,0.2064,0.143,0.3201,326.25,62.98,0
40.86,0.1293,0.1397,0.2713,231.61,55.52,0
75.24,0.1995,0.1793,0.3123,389.47,64.28,0
55.21,0.2191,0.1553,0.2664,280.9,59.92,0
20.58,0.1414,0.0937,0.1804,117.73,49.77,0
63.83,0.1892,0.1442,0.3465,316.11,60.88,0
45.1,0.1372,0.1423,0.2682,256.98,55.38,0
37.04,0.1392,0.1639,0.2751,182.57,53.32,0
72.45,0.1933,0.1274,0.3015,378.63,62.42,0
44.32,0.1357,0.1316,0.2648,234.13,56.19,0
73.45,0.1959,0.1349,0.2968,353.27,63.63,0
66.4,0.2011,0.1575,0.2632,354.74,62.64,0
38.89,0.1364,0.119,0.2491,208.1,55.12,0
70.33,0.1816,0.1481,0.2981,499.37,61.61,1
31.74,0.1409,0.0871,0.1965,160.18,53.26,0
65.87,0.1649,0.1596,0.3307,347.01,62.97,0
56.92,0.1732,0.1533,0.2191,273.15,57.12,0
40.94,0.1558,0.1379,0.258,214.05,54.74,0
71.72,0.248,0.1635,0.3177,369.81,63.13,0
42.06,0.13,0.1412,0.2403,234.05,53.53,0
24.89,0.1259,0.0704,0.218,152.45,53.23,0
22.41,0.1083,0.1112,0.2263,141.23,52.54,0
24.15,0.144,0.111,0.2999,144.48,50.34,0
58.86,0.1766,0.1436,0.2704,294.78,56.98,0
35.12,0.575,0.1241,0.6792,190.23,51.74,1
69.42,0.1833,0.1313,0.2893,369.48,63.4,0
20.28,0.1662,0.1226,0.1923,132.73,49.63,0
47.15,0.1731,0.1173,0.1797,262.62,59.44,0
25.67,0.1747,0.1166,0.1892,136.27,51.74,0
51.62,0.1959,0.109,0.2708,282.64,54.48,0
64.77,0.1732,0.118,0.3329,313.39,62.7,0
24.55,0.1154,0.1366,0.219,126.16,52.02,0
77.23,0.2115,0.1468,0.2948,373.04,62.09,0
51.02,0.1658,0.1644,0.2497,250.29,58.09,0
77.24,0.2058,0.1222,0.349,400.61,66.21,0
65.26,0.1806,0.1394,0.3277,350.33,60.53,0
47.14,0.18,0.1189,0.2094,242.66,56.1,0
32.55,0.1234,0.1045,0.2059,186.43,54.39,0
37.21,0.1775,0.1918,0.2114,218.18,53.69,0
26.43,0.1487,0.1111,0.223,174.09,50.51,0
70.47,0.1871,0.2011,0.2628,338.52,60.77,0
26.39,0.1707,0.1712,0.2137,145.24,51.26,0
54.36,0.1498,0.1485,0.2418,270.23,59.81,0
52.98,0.1243,0.179,0.2372,290.75,58.25,0
25.15,0.1318,0.1045,0.2785,143.81,53.44,0
25.73,0.1488,0.108,0.1464,114.82,52.22,0
71.07,0.202,0.1545,0.3212,383.06,65.67,0
27.71,0.1717,0.142,0.2206,177.45,50.11,0
43.63,0.1898,0.1478,0.2566,252.68,52.85,0
42.22,0.1695,0.1229,0.2417,232.99,56.57,0
59.94,0.1926,0.1699,0.3287,283.87,59.71,0
74.16,0.1687,0.1506,0.3241,367.03,62.82,0
28.47,0.1603,0.1429,0.2415,154.11,52.13,0
59.42,0.1918,0.1834,0.3414,295.64,60.7,0
44.38,0.1781,0.1221,0.2424,259.81,57.26,0
76.53,0.1634,0.1546,0.3094,406.27,64.49,0
52.55,0.17,0.1388,0.2703,285.05,59.37,0
25.31,0.1597,0.0976,0.185,141.67,52.27,0
41.38,0.1184,0.1503,0.2681,214.45,57.04,0
37.04,0.1528,0.1303,0.2607,195.59,54.21,0
24.51,0.1329,0.1246,0.251,139.97,50.8,0
26.35,0.1526,0.0991,0.2497,152.45,52.47,0
75.12,0.194,0.1527,0.2927,403.29,61.84,0
61.77,0.1698,0.1323,0.2783,311.76,63.37,0
51.94,0.1569,0.1615,0.2509,287.46,57.15,0
24.95,0.1495,0.1223,0.2806,169.98,51.26,0
71.45,0.1692,0.1732,0.2811,383.33,60.6,0
21.91,0.138,0.0927,0.227,152.76,48.66,0
76.09,0.1819,0.1589,0.3118,394.75,65.92,0
54.96,0.1755,0.1357,0.2023,289.35,59.85,0
33.41,0.1294,0.1167,0.1703,174.44,54.91,0
31.0,0.1456,0.1612,0.284,174.04,50.74,0
48.72,0.1647,0.1385,0.237,276.58,56.19,0
34.77,0.1751,0.0938,0.2585,194.75,56.16,0
35.12,0.1671,0.0559,0.2361,209.42,53.74,0
20.98,0.1787,0.1345,0.1878,114.57,48.75,0
32.5,0.154,0.1275,0.2229,182.75,53.83,0
27.61,0.1588,0.5644,0.2571,146.72,95.72,1
36.2,0.1358,0.167,0.2399,185.65,51.81,0
39.94,0.1913,0.1477,0.3469,222.38,54.96,0
23.11,0.1746,0.1226,0.1955,153.03,50.45,0
37.0,0.1576,0.1245,0.2655,192.18,53.69,0
48.86,0.1863,0.1508,0.2774,278.49,56.91,0
77.85,0.1933,0.1543,0.2805,396.06,63.14,0
56.09,0.161,0.1366,0.25,263.01,59.44,0
62.53,0.182,0.1577,0.2462,340.21,63.28,0
51.41,0.1886,0.1686,0.2266,242.44,56.86,0
44.44,0.1725,0.131,0.2194,252.58,56.31,0
44.45,0.1679,0.1074,0.2506,229.28,55.49,0
21.4,0.176,0.1036,0.144,129.8,50.32,0
32.37,0.1598,0.1328,0.2049,171.64,52.73,0
74.63,0.2342,0.1476,0.3001,416.65,65.27,0
29.31,0.1657,0.1311,0.2241,195.37,51.93,0
21.49,0.1539,0.1035,0.2059,134.71,50.95,0
26.94,0.1625,0.1233,0.2254,171.08,52.49,0
26.26,0.1353,0.1286,0.1892,155.76,51.29,0
74.82,0.1846,0.1322,0.2942,377.33,63.28,0
51.73,0.1707,0.1674,0.3192,579.9,57.47,1
33.43,0.1953,0.1622,0.2497,204.15,51.14,0
47.1,0.172,0.1281,0.2287,246.58,55.16,0
24.03,0.135,0.1363,0.2033,141.54,54.12,0
26.49,0.1649,0.1356,0.2486,165.11,49.07,0
33.61,0.1588,0.1362,0.2324,186.53,52.48,0
56.36,0.1757,0.125,0.2519,277.08,60.0,0
77.47,0.1831,0.1793,0.3013,428.67,63.61,0
22.02,0.1178,0.1319,0.2126,106.5,51.16,0
44.83,0.1802,0.1161,0.246,224.6,55.74,0
49.45,0.1584,0.1032,0.2417,237.52,59.64,0
36.91,0.1268,0.1279,0.2015,185.2,51.39,0
30.47,0.1722,0.105,0.2246,161.9,52.37,0
72.49,0.1801,0.1707,0.3055,381.53,64.09,0
67.44,0.1894,0.5413,0.2929,313.03,89.82,1
68.19,0.1787,0.1495,0.2796,351.13,62.63,0
40.43,0.1946,0.1311,0.2876,206.16,56.22,0
32.37,0.144,0.0882,0.1987,217.46,53.17,0
36.51,0.182,0.1279,0.1905,209.19,55.24,0
65.96,0.2171,0.1202,0.2259,349.33,64.38,0
75.46,0.1994,0.1711,0.2561,365.74,62.94,0
31.7,0.1359,0.1731,0.2537,165.86,53.77,0
43.83,0.1262,0.1769,0.2398,222.32,55.11,0
60.17,0.1849,0.1441,0.2668,298.56,58.98,0
38.5,0.1907,0.1532,0.238,212.58,53.09,0
50.19,0.1558,0.1411,0.2397,255.87,58.26,0
31.78,0.1752,0.1489,0.2086,178.2,53.25,0
66.87,0.1788,0.1323,0.3022,341.96,61.8,0
27.4,0.1661,0.1193,0.2149,163.31,54.15,0
58.7,0.2026,0.5953,0.2401,294.9,97.22,1
37.39,0.1562,0.4981,0.2267,219.42,80.02,1
38.97,0.1744,0.128,0.2635,209.73,50.18,0
76.08,0.1971,0.1568,0.3035,359.43,62.37,0
33.16,0.1402,0.1171,0.2695,202.04,53.12,0
59.24,0.1423,0.1212,0.2882,539.02,60.39,1
22.58,0.1101,0.1278,0.211,124.44,50.62,0
75.37,0.1735,0.1528,0.3088,381.89,64.76,0
69.43,0.2247,0.1572,0.2755,363.8,65.42,0
31.35,0.1563,0.0727,0.2344,180.54,54.68,0
50.89,0.1743,0.1387,0.272,255.08,56.95,0
21.01,0.1401,0.1084,0.1933,155.27,48.38,0
40.1,0.1407,0.1474,0.2474,213.67,54.31,0
63.57,0.1832,0.1393,0.3206,345.03,58.31,0
46.66,0.1444,0.1288,0.2577,253.59,54.54,0
37.71,0.1678,0.1079,0.2256,196.64,54.95,0
21.94,0.1116,0.1093,0.2642,140.52,50.21,0
41.64,0.1559,0.1229,0.2439,243.57,54.62,0
69.74,0.205,0.1604,0.3533,383.53,63.9,0
36.13,0.1686,0.1184,0.2479,221.73,56.09,0
37.7,0.1602,0.0939,0.2429,196.5,56.02,0
28.57,0.149,0.1082,0.2391,180.94,52.69,0
25.62,0.173,0.1252,0.2662,132.99,50.97,0
27.25,0.1501,0.1013,0.179,167.91,54.34,0
24.79,0.1306,0.155,0.1466,159.45,50.83,0
47.48,0.1754,0.1822,0.2065,257.73,58.97,0
73.97,0.1918,0.1475,0.2769,387.5,64.54,0
71.6,0.1874,0.179,0.2902,331.11,62.84,0
27.44,0.1535,0.1116,0.2386,360.55,55.76,1
67.9,0.1694,0.1499,0.2602,343.3,63.48,0
36.7,0.132,0.1673,0.2344,211.74,51.9,0
28.95,0.1361,0.1321,0.2338,156.54,48.32,0
52.88,0.1322,0.1353,0.2569,290.33,59.95,0
69.31,0.2205,0.1667,0.2849,369.97,63.39,0
71.47,0.2271,0.1531,0.2855,375.22,64.67,0
58.13,0.5999,0.1264,0.8774,309.92,61.86,1
65.44,0.1665,0.1503,0.2759,348.04,58.95,0
52.43,0.187,0.1321,0.3348,294.7,57.33,0
56.08,0.185,0.1589,0.3004,289.13,56.6,0
57.69,0.2118,0.1415,0.2895,295.93,60.65,0
30.48,0.125,0.1442,0.2196,163.1,53.45,0
70.31,0.1667,0.1388,0.3109,357.63,63.5,0
60.93,0.154,0.1193,0.2356,305.01,58.99,0
61.6,0.1749,0.1675,0.2599,331.59,59.75,0
44.72,0.1426,0.1347,0.2188,268.66,54.77,0
28.61,0.156,0.164,0.2656,169.31,51.43,0
28.33,0.1902,0.1206,0.2618,159.4,54.23,0
49.72,0.1976,0.139,0.2671,266.9,58.22,0
64.85,0.1545,0.1603,0.265,325.77,61.28,0
66.49,0.1955,0.1358,0.2502,345.33,62.61,0
68.32,0.1934,0.1695,0.3179,332.74,63.94,0
56.23,0.1948,0.1543,0.264,315.38,56.87,0
28.82,0.1497,0.1008,0.2396,157.89,50.24,0
40.57,0.1527,0.1586,0.2491,236.98,55.94,0
56.25,0.1693,0.1038,0.248,287.36,61.2,0
36.33,0.1138,0.1175,0.2255,220.05,54.8,0
23.26,0.1361,0.1473,0.2605,136.24,52.21,0
62.79,0.1794,0.139,0.2399,318.07,61.3,0
58.93,0.1948,0.1563,0.2272,307.39,58.35,0
71.88,0.1969,0.1676,0.2805,365.36,65.74,0
58.83,0.1693,0.1366,0.2966,299.96,60.95,0
28.12,0.169,0.1003,0.2188,168.71,49.65,0
47.53,0.1716,0.1094,0.2761,238.76,55.52,0
21.34,0.1155,0.1208,0.2307,126.09,49.62,0
67.92,0.1743,0.1451,0.2679,369.34,62.94,0
43.2,0.1491,0.1219,0.2177,239.99,56.13,0
70.27,0.1924,0.1473,0.2745,348.59,61.79,0
31.18,0.1321,0.1637,0.2972,179.12,54.19,0
22.84,0.1609,0.1325,0.248,139.27,50.92,0
53.65,0.1802,0.1255,0.24,292.61,56.87,0
36.03,0.149,0.1029,0.2495,197.02,56.97,0
24.96,0.1439,0.1268,0.2521,153.81,51.18,0
64.29,0.1749,0.1282,0.2579,327.89,62.47,0
64.76,0.1878,0.1532,0.3183,325.49,61.16,0
37.51,0.1528,0.1536,0.2531,216.55,53.18,0
77.67,0.2206,0.1903,0.326,404.16,62.32,0
73.69,0.1638,0.1261,0.3133,363.75,63.72,0
24.63,0.1345,0.1289,0.2269,162.6,48.95,0
29.14,0.1531,0.0527,0.232,166.49,51.76,0
75.7,0.1543,0.1404,0.3269,349.32,65.03,0
42.67,0.1797,0.1248,0.3003,233.15,55.67,0
41.73,0.4211,0.1403,0.7431,219.88,55.92,1
41.13,0.1765,0.144,0.2189,223.06,54.14,0
62.08,0.1291,0.1439,0.324,339.86,59.86,0
31.96,0.1726,0.1386,0.2506,191.81,53.25,0
33.54,0.1847,0.1457,0.2289,165.13,53.73,0
33.41,0.1658,0.1032,0.248,195.54,54.23,0
68.62,0.2117,0.1614,0.2968,343.43,62.0,0
76.25,0.1996,0.1463,0.2715,403.28,61.19,0
65.97,0.1934,0.1663,0.2994,371.03,63.13,0
60.4,0.1861,0.6485,0.2609,309.45,97.5,1
51.04,0.2301,0.1458,0.2434,547.14,60.72,1
48.32,0.1684,0.1591,0.3244,273.4,56.73,0
63.4,0.1757,0.1393,0.3026,344.82,59.62,0
66.26,0.1762,0.1814,0.2958,351.92,62.24,0
50.93,0.2003,0.1218,0.2303,247.35,59.07,0
51.19,0.163,0.518,0.2467,247.62,101.3,1
47.28,0.1822,0.1405,0.2885,259.41,55.79,0
58.48,0.1696,0.1567,0.2419,282.63,61.47,0
66.92,0.2137,0.1391,0.3069,307.54,61.39,0
40.84,0.1774,0.154,0.2344,231.62,57.16,0
65.88,0.198,0.1841,0.3301,295.38,61.11,0
25.15,0.1815,0.1383,0.2328,138.28,48.99,0
55.71,0.1505,0.1576,0.3288,278.49,60.84,0
50.83,0.2119,0.1329,0.1985,241.13,56.16,0
55.21,0.2058,0.2034,0.2981,255.85,56.21,0
29.17,0.1721,0.1392,0.2221,163.69,52.84,0
76.86,0.2005,0.1601,0.3203,387.74,62.67,0
20.29,0.5016,0.0606,0.651,124.37,49.02,1
69.9,0.1973,0.1431,0.2767,366.65,63.77,0
29.31,0.16,0.1438,0.2399,178.78,53.09,0
22.7,0.1951,0.1129,0.2289,117.25,52.06,0
41.41,0.1512,0.1218,0.1766,223.82,55.74,0
34.68,0.1386,0.141,0.2324,211.84,55.38,0
21.58,0.1429,0.1021,0.2593,150.71,49.76,0
32.26,0.1329,0.1292,0.2628,147.82,51.31,0
23.36,0.1286,0.1397,0.2229,137.67,50.5,0
38.35,0.1613,0.1183,0.2802,200.49,55.96,0
70.93,0.1971,0.1433,0.2333,375.69,62.32,0
26.88,0.1832,0.1328,0.1992,151.74,54.98,0
36.35,0.6365,0.1448,0.6873,197.08,51.96,1
28.54,0.1576,0.1021,0.2146,157.6,53.71,0
50.2,0.1382,0.1339,0.2479,262.3,57.81,0
72.99,0.209,0.1889,0.2874,398.94,63.68,0
70.0,0.1996,0.1558,0.3129,324.95,60.18,0
57.35,0.1581,0.1569,0.2902,305.93,59.91,0
31.46,0.1589,0.1287,0.2422,164.61,52.76,0
74.92,0.183,0.1815,0.2922,378.41,61.08,0
76.45,0.1371,0.1488,0.3502,536.69,64.52,1
44.74,0.1294,0.1652,0.2313,228.97,56.6,0
58.29,0.1401,0.1312,0.3286,320.11,58.75,0
63.03,0.1904,0.1778,0.3344,353.96,61.3,0
47.13,0.1582,0.1498,0.2431,248.47,54.44,0
70.37,0.1931,0.1591,0.2639,356.08,65.49,0
69.51,0.1945,0.1444,0.2938,357.75,60.46,0
72.47,0.1904,0.1483,0.2544,371.78,64.01,0
74.18,0.1904,0.1411,0.3122,376.75,65.0,0
34.45,0.1732,0.1376,0.2386,182.21,51.2,0
47.08,0.1423,0.1375,0.2615,241.24,57.41,0
23.37,0.146,0.6177,0.2336,129.15,105.12,1
64.31,0.1943,0.1493,0.2586,320.52,63.87,0
32.31,0.1622,0.1473,0.2067,169.1,54.42,0
38.23,0.1364,0.1154,0.1998,199.24,55.96,0
30.63,0.1303,0.1617,0.2437,167.69,52.78,0
24.35,0.1162,0.1209,0.1563,179.05,49.33,0
56.49,0.1554,0.0965,0.2457,287.01,58.77,0
24.32,0.1532,0.1483,0.22,165.55,49.81,0
60.75,0.1912,0.1372,0.2619,300.88,61.45,0
38.93,0.1512,0.105,0.2973,521.63,56.41,1
77.93,0.1913,0.1322,0.2487,392.9,64.96,0
45.78,0.1413,0.1103,0.2075,250.92,55.24,0
27.83,0.1709,0.1046,0.2059,158.65,53.6,0
54.94,0.1138,0.1697,0.2521,280.88,55.3,0
75.6,0.2208,0.1087,0.3187,361.4,64.15,0
67.97,0.2155,0.1396,0.3089,347.76,60.84,0
25.88,0.1363,0.1865,0.2774,151.49,53.01,0
32.32,0.1622,0.1293,0.2429,170.12,54.47,0
71.05,0.2069,0.1517,0.2535,340.3,64.28,0
72.5,0.1914,0.159,0.2504,376.97,62.01,0
22.94,0.1396,0.1472,0.2587,133.61,50.73,0
40.11,0.1739,0.1017,0.2774,211.51,53.98,0
41.76,0.1434,0.1633,0.2257,257.03,57.04,0
58.11,0.1722,0.1808,0.2412,275.65,58.96,0
55.4,0.194,0.1355,0.2575,309.72,58.92,0
64.5,0.1945,0.1434,0.2108,332.56,58.8,0
77.96,0.1974,0.2003,0.3368,381.54,64.52,0
27.93,0.1611,0.161,0.2451,140.69,51.36,0
20.03,0.1277,0.1014,0.2139,113.65,51.48,0
40.95,0.1603,0.1001,0.1953,202.93,55.96,0
61.29,0.213,0.1746,0.2824,306.89,57.72,0
52.5,0.2224,0.0916,0.3301,264.17,58.62,0
22.68,0.1375,0.1293,0.1508,129.66,49.03,0
34.46,0.1769,0.3848,0.242,193.22,89.87,1
59.17,0.1627,0.1398,0.2247,266.98,59.67,0
76.3,0.1965,0.1496,0.2584,395.61,60.35,0
45.63,0.3642,0.1534,1.0569,249.33,57.43,1
72.62,0.1811,0.1596,0.2755,357.85,62.1,0
62.39,0.2031,0.1443,0.2599,346.85,61.96,0
52.32,0.1704,0.1453,0.3017,273.7,59.92,0
55.83,0.1861,0.1835,0.2714,269.49,56.99,0
47.12,0.2081,0.123,0.22,246.21,56.62,0
74.47,0.5816,0.1788,0.6614,374.48,60.99,1
54.11,0.1898,0.1256,0.2637,293.93,57.39,0
74.13,0.1828,0.1524,0.3147,368.33,65.84,0
41.22,0.159,0.1141,0.224,219.32,54.16,0
55.63,0.2012,0.1465,0.2957,299.98,58.03,0
45.54,0.1624,0.1493,0.2449,235.32,55.24,0
27.1,0.1477,0.101,0.2415,162.82,51.16,0
41.46,0.1677,0.1376,0.251,216.0,57.18,0
42.51,0.1485,0.1399,0.2184,220.93,56.65,0
20.41,0.1259,0.1219,0.2174,106.9,48.51,0
38.04,0.1816,0.1023,0.2569,191.83,56.32,0
21.41,0.1648,0.1419,0.3034,401.73,47.8,1
60.11,0.2073,0.1431,0.294,318.65,59.87,0
58.6,0.1666,0.1409,0.2486,330.96,58.27,0
41.24,0.1714,0.1248,0.2051,252.39,53.68,0
59.55,0.2144,0.1234,0.2762,331.68,60.43,0
50.1,0.1929,0.1508,0.303,282.93,58.17,0
47.18,0.1515,0.141,0.2821,251.4,58.68,0
44.85,0.1729,0.1538,0.2444,270.61,58.65,0
74.45,0.1664,0.1788,0.2469,396.72,65.13,0
56.66,0.1887,0.1372,0.2933,321.99,57.77,0
77.53,0.2179,0.1819,0.2938,395.69,64.41,0
20.1,0.1501,0.1048,0.2302,137.16,50.19,0
28.0,0.1396,0.1482,0.2359,163.99,49.94,0
70.78,0.1816,0.1791,0.2766,366.21,62.55,0
64.8,0.2095,0.1331,0.2995,306.72,59.92,0
71.96,0.1785,0.1788,0.3004,344.43,64.09,0
48.8,0.1835,0.1357,0.1984,268.47,56.67,0
54.62,0.2136,0.126,0.2965,268.96,58.11,0
28.48,0.159,0.1309,0.2051,167.44,48.09,0
34.28,0.1433,0.0881,0.1955,183.84,54.21,0
39.54,0.1766,0.1226,0.2498,212.99,53.74,0
67.18,0.1478,0.1669,0.278,322.05,62.52,0
24.63,0.1469,0.3604,0.2383,131.96,82.17,1
21.31,0.1239,0.1036,0.1955,137.41,50.82,0
65.58,0.1816,0.1462,0.2909,346.81,61.58,0
70.24,0.1481,0.1751,0.2943,368.65,62.66,0
38.09,0.1802,0.1208,0.224,228.53,54.66,0
23.62,0.117,0.1213,0.2311,139.85,49.68,0
76.99,0.1988,0.1728,0.3215,373.93,63.14,0
21.02,0.1496,0.1227,0.2239,111.06,48.75,0
35.07,0.1701,0.1069,0.2897,214.51,53.84,0
38.38,0.1377,0.1559,0.2696,197.17,54.26,0
71.87,0.1887,0.1443,0.3461,362.5,62.8,0
26.68,0.1463,0.0993,0.2121,134.02,53.36,0
29.77,0.1499,0.1349,0.2065,161.66,51.9,0
52.4,0.1752,0.1585,0.2799,256.1,56.87,0
47.58,0.1899,0.1574,0.2018,268.82,58.49,0
35.73,0.1435,0.1314,0.1773,184.06,54.37,0
45.04,0.1494,0.1289,0.2756,240.8,55.75,0
57.91,0.204,0.1523,0.2684,285.84,61.73,0
20.12,0.1736,0.0972,0.187,139.68,51.35,0
61.45,0.2169,0.1717,0.2728,314.44,62.72,0
22.94,0.1413,0.1245,0.2839,168.4,53.01,0
26.16,0.1445,0.1202,0.2252,171.0,51.87,0
29.96,0.1361,0.1653,0.2074,181.64,49.52,0
25.29,0.1342,0.1394,0.1691,133.86,51.93,0
29.74,0.1434,0.0981,0.1976,179.39,54.63,0
68.99,0.1981,0.1657,0.3112,366.72,63.66,0
40.22,0.1541,0.1504,0.2236,436.15,56.29,1
53.38,0.1558,0.148,0.2624,274.61,55.46,0
67.22,0.1579,0.1454,0.289,346.12,58.14,0
44.66,0.1966,0.1603,0.2365,243.19,57.74,0
44.57,0.1642,0.1461,0.2337,249.07,55.25,0
57.69,0.1807,0.1332,0.2324,295.74,57.98,0
65.22,0.1415,0.4948,0.3007,315.01,97.81,1
66.45,0.1626,0.1658,0.2945,328.86,64.22,0
72.45,0.2038,0.1796,0.299,348.03,63.22,0
33.79,0.124,0.1328,0.2358,167.16,55.03,0
49.05,0.1534,0.1528,0.2384,261.62,55.84,0
58.21,0.1766,0.145,0.2881,319.5,60.68,0
73.68,0.1626,0.1932,0.3514,355.07,62.53,0
23.28,0.1589,0.1268,0.186,132.04,51.48,0
43.83,0.1626,0.1464,0.2653,222.92,57.02,0
20.68,0.1315,0.1279,0.2507,132.04,48.75,0
26.92,0.147,0.1319,0.1763,152.54,49.67,0
67.36,0.1796,0.1718,0.2691,348.68,60.94,0
42.21,0.1892,0.097,0.2559,214.94,55.23,0
36.78,0.174,0.1138,0.2153,208.88,54.45,0
47.57,0.2189,0.1515,0.2579,238.57,56.44,0
59.73,0.1796,0.1402,0.2082,307.31,57.88,0
55.7,0.2201,0.1551,0.2352,296.27,57.76,0
29.77,0.1334,0.132,0.2386,180.96,52.78,0
20.34,0.165,0.1092,0.2179,149.36,49.41,0
59.0,0.1804,0.1691,0.2705,317.74,59.69,0
46.71,0.1695,0.1308,0.2826,247.48,55.92,0
25.65,0.1488,0.1335,0.2246,154.59,51.87,0
22.24,0.1583,0.1328,0.2315,148.42,50.53,0
51.6,0.1735,0.1227,0.2642,249.67,56.68,0
51.51,0.1309,0.1441,0.3145,274.46,56.63,0
39.5,0.4802,0.1486,1.0399,232.06,55.01,1
66.69,0.1853,0.1287,0.266,339.55,59.93,0
32.41,0.1555,0.1116,0.2362,185.53,52.81,0
21.22,0.1595,0.0978,0.2146,130.27,50.74,0
26.29,0.1441,0.147,0.2576,157.55,55.85,0
22.81,0.131,0.1237,0.1844,140.24,50.84,0
29.0,0.171,0.1474,0.2247,150.78,50.44,0
67.85,0.1966,0.1468,0.2532,364.96,60.53,0
40.91,0.1621,0.1656,0.2096,219.27,56.67,0
31.95,0.1478,0.119,0.2344,160.15,50.99,0
75.69,0.1885,0.1323,0.3326,380.82,64.42,0
50.22,0.1565,0.1123,0.2414,251.16,55.15,0
62.96,0.1604,0.1379,0.2576,354.07,61.83,0
42.82,0.1761,0.1314,0.2935,220.16,55.36,0
30.21,0.5171,0.1189,0.9724,168.04,52.82,1
58.29,0.1684,0.145,0.2638,313.64,60.73,0
66.72,0.1673,0.1461,0.3087,314.12,57.44,0
33.41,0.141,0.1351,0.2382,184.35,55.37,0
55.7,0.1839,0.1117,0.2812,278.44,58.97,0
48.55,0.1908,0.1155,0.2345,268.2,56.7,0
56.16,0.1512,0.2025,0.3017,298.74,59.11,0
20.44,0.1542,0.1277,0.2296,112.06,50.3,0
48.26,0.1978,0.1085,0.2996,250.31,56.15,0
49.53,0.1835,0.1374,0.2488,276.19,55.67,0
42.17,0.147,0.1106,0.2601,244.92,53.99,0
20.34,0.1175,0.1267,0.2243,102.85,50.23,0
45.84,0.1621,0.1298,0.2343,252.23,57.53,0
28.6,0.1774,0.1425,0.2482,175.49,53.44,0
56.5,0.1915,0.1263,0.2436,274.23,59.73,0
38.85,0.1545,0.1246,0.2414,223.59,52.16,0
38.56,0.1832,0.1587,0.2984,411.25,57.17,1
67.76,0.1792,0.1701,0.2743,350.74,61.83,0
45.21,0.1564,0.1558,0.2392,246.73,56.78,0
29.84,0.1451,0.13,0.2485,175.07,51.25,0
27.54,0.124,0.1594,0.2516,154.98,50.15,0
58.89,0.1643,0.1544,0.275,342.94,61.59,0
47.09,0.1365,0.1427,0.2908,233.91,55.84,0
74.7,0.1773,0.1414,0.3365,388.31,63.86,0
55.06,0.2384,0.13,0.2985,267.56,57.01,0
59.1,0.1953,0.1731,0.2409,294.94,61.12,0
62.99,0.1766,0.1343,0.3058,332.06,60.86,0
44.44,0.1586,0.5629,0.2665,248.63,101.54,1
34.76,0.1369,0.1531,0.2397,197.17,53.56,0
55.35,0.1999,0.1685,0.2853,270.6,60.8,0
70.0,0.1756,0.1415,0.3203,354.42,62.18,0
75.59,0.4289,0.1846,1.1362,398.52,64.7,1
24.9,0.1403,0.1292,0.227,147.03,50.25,0
34.54,0.1576,0.1253,0.2343,204.23,51.66,0
72.71,0.1669,0.1748,0.2974,371.18,64.11,0
66.08,0.1928,0.1581,0.2538,333.93,60.8,0
51.03,0.1477,0.1419,0.2732,269.37,57.03,0
50.04,0.1705,0.1338,0.2962,234.8,58.85,0
56.64,0.204,0.1347,0.241,255.0,60.8,0
23.52,0.1567,0.1312,0.1933,142.52,49.49,0
49.29,0.1723,0.1685,0.3021,253.77,54.87,0
52.01,0.1347,0.1115,0.2208,274.86,56.03,0
40.9,0.1947,0.122,0.1895,222.01,52.76,0
53.21,0.1958,0.1371,0.2999,269.33,56.7,0
25.57,0.1397,0.0877,0.2444,164.4,54.09,0
24.78,0.1574,0.0772,0.1966,146.58,47.03,0
46.54,0.1964,0.1544,0.2143,239.41,57.1,0
64.37,0.1932,0.1311,0.3349,314.91,59.78,0
44.8,0.1755,0.1259,0.2361,213.28,56.76,0
34.01,0.1594,0.0923,0.2863,334.92,55.73,1
56.47,0.1719,0.1416,0.256,319.66,57.29,0
64.74,0.1711,0.1651,0.2761,334.68,62.99,0
43.28,0.1661,0.1309,0.227,224.48,55.45,0
38.9,0.1552,0.1489,0.2219,193.45,53.54,0
33.3,0.1869,0.1416,0.1984,183.9,52.74,0
49.01,0.1656,0.1117,0.2548,266.96,56.21,0
71.05,0.2333,0.1681,0.3295,360.56,58.87,0
22.41,0.1216,0.0993,0.1931,115.97,51.0,0
20.62,0.179,0.1172,0.2295,108.67,49.49,0
21.59,0.1622,0.1028,0.2049,119.69,48.06,0
74.39,0.158,0.1566,0.2672,375.86,62.42,0
35.83,0.1436,0.1116,0.188,188.32,51.5,0
26.76,0.1339,0.121,0.2002,160.18,54.94,0
36.8,0.1371,0.119,0.2572,221.89,53.63,0
20.08,0.157,0.1125,0.2001,114.5,51.17,0
31.64,0.1555,0.1261,0.2979,189.33,53.45,0
38.14,0.1647,0.1613,0.2373,210.65,55.19,0
24.5,0.0897,0.1422,0.2219,122.45,53.17,0
47.57,0.1496,0.1449,0.2296,256.54,58.06,0
24.5,0.1409,0.0936,0.14,145.57,51.91,0
55.91,0.2301,0.1239,0.2943,274.98,60.83,0
37.52,0.1552,0.1444,0.2281,197.92,54.56,0
64.82,0.1826,0.1578,0.2759,323.43,63.69,0
20.77,0.1447,0.1021,0.1657,112.66,50.03,0
36.09,0.1878,0.1641,0.2082,210.47,53.8,0
43.11,0.1812,0.1053,0.2539,232.48,54.53,0
36.53,0.1773,0.1322,0.213,212.61,52.6,0
45.44,0.1766,0.1199,0.2627,225.66,54.84,0
30.07,0.1337,0.1525,0.2269,148.56,50.76,0
27.98,0.1819,0.1053,0.2364,183.94,51.41,0
74.93,0.1503,0.1425,0.2441,412.2,62.9,0
32.64,0.1682,0.0958,0.2405,164.3,53.97,0
66.96,0.152,0.1526,0.2334,333.78,60.99,0
35.27,0.1908,0.1417,0.2492,215.01,54.82,0
27.14,0.142,0.119,0.1926,147.39,51.19,0
68.34,0.1704,0.138,0.2826,344.86,61.27,0
56.0,0.188,0.1441,0.2783,281.96,60.42,0
37.04,0.1303,0.1454,0.2797,175.56,52.5,0
33.85,0.1563,0.1264,0.265,202.02,54.48,0
48.89,0.1764,0.1381,0.2532,251.23,57.22,0
50.8,0.169,0.1329,0.2818,265.75,57.11,0
60.17,0.1906,0.16,0.2693,324.05,60.47,0
56.02,0.1868,0.1423,0.2912,280.4,58.41,0
31.88,0.1563,0.1442,0.258,160.18,56.82,0
58.86,0.21,0.1743,0.2444,299.78,59.06,0
52.57,0.1531,0.1207,0.2855,274.63,59.5,0
55.01,0.5024,0.1394,1.0341,292.85,58.52,1
45.36,0.1802,0.1317,0.2931,244.49,54.69,0
39.35,0.1384,0.148,0.2076,199.4,55.13,0
41.91,0.1096,0.1463,0.1898,182.96,57.76,0
51.51,0.1768,0.1378,0.2578,273.49,56.66,0
54.89,0.1995,0.1597,0.2483,285.64,59.5,0
73.15,0.2019,0.1799,0.254,384.4,61.26,0
34.12,0.1512,0.1185,0.2539,169.86,52.35,0
71.43,0.1802,0.1813,0.3322,362.18,63.6,0
29.93,0.138,0.0844,0.199,138.78,53.95,0
64.53,0.2095,0.1119,0.3123,345.51,61.46,0
39.6,0.207,0.1221,0.2412,211.86,56.06,0
74.92,0.2093,0.1644,0.2858,382.64,62.39,0
25.99,0.1371,0.1069,0.1823,168.21,52.79,0
46.11,0.1765,0.1319,0.2987,247.3,56.56,0
54.12,0.1753,0.144,0.283,264.65,54.62,0
47.41,0.1638,0.1159,0.3228,246.32,58.46,0
44.11,0.1528,0.1444,0.2673,235.93,53.03,0
41.22,0.1419,0.1364,0.3092,212.39,54.04,0
76.82,0.1887,0.1547,0.3583,395.87,66.28,0
27.97,0.1213,0.1797,0.2341,183.42,51.11,0
44.43,0.1803,0.1133,0.2329,233.95,56.24,0
63.08,0.2045,0.1339,0.2752,309.09,60.25,0
66.22,0.1788,0.1802,0.267,346.42,59.55,0
63.57,0.2043,0.1375,0.2622,301.03,61.45,0
77.74,0.2167,0.1692,0.2889,395.86,64.4,0
54.13,0.2019,0.1275,0.2625,278.72,55.84,0
46.73,0.1703,0.1427,0.2773,234.37,58.75,0
24.45,0.149,0.0876,0.1678,153.53,50.83,0
24.97,0.1066,0.1058,0.1924,143.29,50.22,0
25.64,0.1566,0.1356,0.2123,128.58,50.0,0
43.56,0.143,0.1526,0.2646,232.74,54.37,0
69.14,0.1677,0.1539,0.2881,383.27,62.13,0
57.48,0.2004,0.1401,0.2433,299.23,58.54,0
46.57,0.1871,0.1238,0.2452,242.56,57.84,0
52.19,0.1947,0.1444,0.2626,271.83,59.15,0
44.47,0.1897,0.1194,0.2121,231.86,55.72,0
58.2,0.1916,0.1653,0.2821,303.46,60.41,0
29.0,0.1123,0.1609,0.1786,177.47,50.85,0
51.34,0.1408,0.1625,0.2502,280.26,59.67,0
75.94,0.2119,0.1625,0.2965,360.42,65.96,0
20.17,0.1323,0.1316,0.2401,95.77,49.23,0
28.14,0.1587,0.1413,0.2141,163.85,50.81,0
41.06,0.1643,0.1296,0.2755,192.57,55.74,0
24.78,0.128,0.0975,0.2517,139.55,50.78,0
56.55,0.1511,0.1826,0.286,289.83,59.03,0
73.18,0.1727,0.1662,0.2904,388.47,61.6,0
27.82,0.1616,0.1473,0.2413,163.87,52.51,0
33.57,0.1306,0.155,0.2689,161.34,49.84,0
76.51,0.1538,0.1515,0.2893,377.7,63.46,0
25.69,0.159,0.1279,0.1856,147.81,52.73,0
53.19,0.1862,0.1276,0.2545,262.9,57.2,0
66.08,0.1917,0.1058,0.3127,315.71,61.25,0
72.18,0.1632,0.145,0.3628,377.34,62.81,0
75.66,0.235,0.2101,0.3078,367.01,64.21,0
43.95,0.1508,0.1282,0.2345,232.14,56.22,0
64.99,0.1881,0.1691,0.2702,331.8,62.54,0
51.19,0.1652,0.1346,0.1967,264.16,57.83,0
51.47,0.1681,0.1846,0.2391,295.44,58.08,0
75.23,0.2089,0.121,0.2834,375.0,63.55,0
64.72,0.196,0.153,0.3114,335.33,63.68,0
21.56,0.1098,0.154,0.2262,116.11,51.5,0
45.02,0.1678,0.1337,0.2898,224.48,58.1,0
63.36,0.16,0.1788,0.2943,338.6,61.83,0
35.73,0.1132,0.1425,0.2349,210.47,55.74,0
62.42,0.1335,0.1415,0.2786,305.8,59.69,0
43.68,0.1706,0.0874,0.2191,250.52,57.37,0
50.82,0.1703,0.1153,0.2667,272.57,58.3,0
72.64,0.2049,0.1564,0.3304,362.19,64.19,0
69.51,0.1982,0.1289,0.2601,373.86,61.08,0
57.65,0.1841,0.1508,0.2831,307.58,60.21,0
52.87,0.1558,0.1374,0.247,266.95,60.72,0
64.59,0.1943,0.1712,0.2707,330.13,60.88,0
57.99,0.1544,0.1426,0.2466,302.76,61.21,0
63.28,0.173,0.1423,0.292,363.03,60.11,0
71.17,0.1907,0.1455,0.3124,383.82,62.71,0
26.91,0.1709,0.1143,0.2203,159.34,47.8,0
50.99,0.187,0.1669,0.2682,266.63,55.36,0
36.24,0.166,0.1558,0.263,192.88,54.41,0
43.13,0.1991,0.1358,0.3093,213.35,55.57,0
67.29,0.2283,0.1363,0.296,356.49,63.17,0
44.76,0.1699,0.1813,0.2338,205.87,54.55,0
62.53,0.2035,0.1645,0.2921,310.63,61.84,0
77.66,0.2,0.1508,0.25,363.73,63.84,0
44.28,0.1664,0.1204,0.26,233.94,57.45,0
72.75,0.1851,0.1616,0.2751,384.46,63.42,0
67.5,0.1754,0.1683,0.3268,331.38,61.34,0
77.6,0.2165,0.1847,0.3048,399.5,66.5,0
76.9,0.2204,0.1969,0.2896,604.61,65.48,1
36.05,0.1576,0.1147,0.2155,247.66,55.92,0
20.9,0.1373,0.084,0.2017,146.72,50.65,0
46.43,0.1591,0.1216,0.229,251.58,57.48,0
28.36,0.1463,0.1122,0.2088,176.39,53.85,0
56.64,0.1653,0.1697,0.2211,294.8,57.89,0
49.65,0.1762,0.1258,0.3233,238.22,58.06,0
35.39,0.1374,0.1523,0.2387,186.51,56.18,0
74.74,0.1971,0.1673,0.3071,378.51,63.86,0
36.22,0.1643,0.0955,0.218,215.3,52.9,0
42.5,0.1825,0.1424,0.194,224.12,53.34,0
41.28,0.1309,0.1709,0.2018,201.42,55.94,0
40.6,0.1624,0.1457,0.2265,234.69,55.06,0
22.31,0.105,0.1079,0.2093,105.08,51.58,0
46.53,0.1533,0.1324,0.2587,250.87,56.53,0
68.35,0.207,0.1513,0.2938,382.5,61.02,0
45.55,0.1688,0.1479,0.24,236.1,58.27,0
70.24,0.1739,0.1646,0.2611,371.74,64.75,0
71.78,0.1937,0.1362,0.265,373.95,64.86,0
56.2,0.174,0.1353,0.248,283.86,58.39,0
45.42,0.1841,0.1542,0.193,252.21,57.29,0
54.41,0.1833,0.1525,0.2397,295.59,60.17,0
47.0,0.1674,0.1186,0.1971,267.49,56.85,0
50.72,0.1915,0.1301,0.1933,270.02,56.73,0
60.17,0.1579,0.1641,0.307,325.38,60.17,0
47.71,0.1572,0.1528,0.2925,251.8,57.82,0
69.35,0.1486,0.1724,0.332,342.52,64.12,0
76.57,0.248,0.1658,0.3026,393.97,65.89,0
58.83,0.1575,0.1522,0.3025,320.99,60.55,0
70.8,0.1841,0.146,0.3124,364.3,62.01,0
30.34,0.1127,0.1117,0.1797,150.33,52.56,0
40.87,0.1761,0.0934,0.1873,221.7,52.81,0
60.73,0.1633,0.145,0.2812,322.45,57.55,0
37.55,0.1624,0.1318,0.2214,204.3,52.99,0
50.59,0.1639,0.1277,0.2355,278.52,58.99,0
74.4,0.2006,0.1719,0.2769,386.87,61.6,0
20.07,0.1283,0.1507,0.181,142.09,51.14,0
71.82,0.231,0.1621,0.2921,351.93,64.61,0
31.66,0.1481,0.1441,0.2583,168.74,52.17,0
74.56,0.2075,0.1421,0.279,385.52,62.09,0
40.68,0.1515,0.1473,0.2317,234.88,55.07,0
76.75,0.1896,0.1597,0.3118,407.46,66.06,0
56.76,0.1679,0.1511,0.2627,256.2,59.58,0
59.81,0.201,0.1497,0.2691,322.47,58.18,0
76.06,0.1857,0.1518,0.3191,392.71,64.26,0
56.86,0.1439,0.1149,0.264,306.81,57.35,0
27.71,0.1631,0.113,0.2173,158.09,49.51,0
33.52,0.1471,0.1179,0.195,199.36,55.76,0
31.73,0.1383,0.1048,0.2675,180.78,52.96,0
55.23,0.1366,0.1349,0.2496,273.72,58.01,0
28.28,0.164,0.1119,0.1936,130.53,51.58,0
41.53,0.1829,0.1469,0.2743,187.03,54.01,0
33.12,0.1072,0.1384,0.2298,194.04,50.44,0
21.17,0.1332,0.1506,0.1784,112.52,52.31,0
42.82,0.1696,0.1894,0.2201,236.92,55.13,0
55.43,0.1756,0.6668,0.2449,288.83,112.63,1
45.81,0.1643,0.097,0.2329,242.01,57.36,0
66.45,0.182,0.1453,0.24,334.06,61.64,0
67.76,0.1941,0.1315,0.2312,358.27,60.84,0
27.72,0.1701,0.1626,0.2162,122.73,53.26,0
63.06,0.1756,0.1514,0.2917,341.33,62.55,0
67.01,0.1636,0.1514,0.3073,341.86,65.14,0
47.01,0.1642,0.1637,0.3167,270.11,56.63,0
34.82,0.1496,0.1212,0.2737,189.66,54.37,0
70.58,0.2063,0.1579,0.2965,369.48,63.12,0
43.06,0.1802,0.1242,0.2437,223.51,53.82,0
32.35,0.1246,0.1255,0.2068,183.94,51.12,0
57.82,0.1488,0.1723,0.2444,293.83,60.34,0
27.23,0.1327,0.1017,0.2015,185.43,54.13,0
57.18,0.19,0.1817,0.2223,268.25,59.5,0
34.76,0.1827,0.1345,0.2318,178.39,50.59,0
26.73,0.1232,0.1141,0.2313,135.29,52.18,0
49.47,0.1606,0.1242,0.245,231.76,59.01,0
25.27,0.1161,0.1389,0.2455,140.83,51.48,0
30.2,0.139,0.1329,0.21,207.2,53.76,0
71.29,0.2117,0.1424,0.2804,363.5,62.76,0
69.24,0.1676,0.1855,0.3475,377.55,62.67,0
23.96,0.1306,0.1235,0.2315,128.89,51.08,0
77.61,0.184,0.1859,0.3265,411.9,64.95,0
71.02,0.1872,0.1876,0.2799,362.62,62.66,0
49.57,0.1448,0.145,0.2598,259.73,57.63,0
22.69,0.1453,0.1178,0.2188,137.05,51.6,0
51.75,0.1744,0.1217,0.2684,269.73,58.08,0
38.45,0.1422,0.1456,0.2162,249.65,55.56,0
51.45,0.175,0.1462,0.3048,264.99,59.15,0
76.21,0.1672,0.1572,0.2971,389.23,63.51,0
51.73,0.1389,0.1277,0.2929,288.65,59.8,0
36.67,0.178,0.1382,0.1983,192.61,55.02,0
67.83,0.1686,0.1816,0.2723,376.35,64.23,0
48.93,0.187,0.1668,0.2705,246.76,55.43,0
69.48,0.1885,0.1417,0.2757,370.33,61.61,0
76.7,0.2074,0.1661,0.3021,366.12,64.0,0
71.0,0.2219,0.1326,0.2871,362.49,62.25,0
33.52,0.1258,0.1136,0.2253,204.33,53.35,0
30.54,0.15,0.1323,0.2262,161.64,50.63,0
71.53,0.1822,0.1492,0.3288,353.04,62.39,0
64.98,0.1768,0.1237,0.2812,335.52,61.4,0
25.39,0.1464,0.0998,0.2042,152.89,51.21,0
36.77,0.1364,0.17,0.203,171.61,53.75,0
68.21,0.1703,0.1309,0.3228,350.76,61.81,0
71.8,0.1857,0.1534,0.2753,362.97,63.43,0
66.7,0.1642,0.1649,0.2885,320.01,62.85,0
62.44,0.1789,0.1519,0.2604,333.96,62.04,0
44.14,0.1803,0.1356,0.2774,214.15,54.63,0
24.68,0.1284,0.1359,0.2454,124.14,52.27,0
38.95,0.163,0.158,0.2307,198.16,55.83,0
40.8,0.1619,0.1379,0.2132,246.72,54.82,0
73.83,0.1855,0.1295,0.3141,364.72,63.13,0
61.8,0.2212,0.1513,0.292,329.8,58.87,0
36.56,0.1642,0.1469,0.2912,226.99,52.1,0
44.99,0.15,0.1384,0.2553,236.97,57.77,0
41.3,0.1665,0.1311,0.2351,219.78,55.86,0
44.1,0.1713,0.1601,0.2628,230.66,56.0,0
41.99,0.1669,0.1625,0.2908,224.68,57.83,0
35.76,0.1709,0.1762,0.2419,178.74,54.46,0
64.4,0.1903,0.1493,0.2742,309.58,61.83,0
39.77,0.1415,0.144,0.2624,204.72,54.77,0
40.74,0.1737,0.1609,0.2211,217.85,54.65,0
38.58,0.1925,0.1329,0.2127,212.58,56.52,0
57.61,0.2047,0.1692,0.2104,288.55,61.46,0
57.6,0.1317,0.1373,0.3118,310.27,57.88,0
61.44,0.1688,0.1495,0.3145,320.92,60.54,0
24.82,0.1483,0.1073,0.2539,158.03,51.54,0
62.91,0.1633,0.1341,0.2775,301.29,57.71,0
31.74,0.149,0.1173,0.2762,172.19,55.41,0
44.69,0.1986,0.132,0.2546,247.74,53.41,0
29.47,0.1805,0.1513,0.2257,156.7,51.58,0
45.47,0.1562,0.1303,0.2758,236.49,55.95,0
75.43,0.1647,0.1702,0.3535,576.57,64.8,1
21.45,0.1273,0.0939,0.2333,117.44,51.25,0
58.46,0.1874,0.1493,0.2601,314.47,60.35,0
38.82,0.1876,0.0996,0.2744,207.47,53.35,0
74.87,0.2236,0.1382,0.2398,356.93,62.37,0
27.75,0.1551,0.1263,0.1783,167.26,51.4,0
74.43,0.1904,0.1723,0.2561,382.39,63.77,0
68.51,0.1859,0.1706,0.2859,345.23,61.55,0
67.79,0.2373,0.1436,0.2548,344.78,60.31,0
58.83,0.1461,0.1539,0.3033,299.85,60.7,0
77.92,0.2122,0.1683,0.3067,391.45,61.45,0
25.52,0.1329,0.1268,0.1685,165.85,50.14,0
29.41,0.1305,0.1589,0.1483,170.4,51.81,0
60.16,0.1955,0.1393,0.2504,316.64,59.33,0
38.03,0.1759,0.139,0.2565,188.48,54.75,0
64.93,0.1932,0.1578,0.2661,351.21,58.56,0
43.77,0.1616,0.1557,0.2459,243.07,55.73,0
75.34,0.2066,0.1513,0.291,366.34,60.94,0
41.17,0.1446,0.1428,0.2577,216.56,53.74,0
76.91,0.2062,0.1775,0.3375,372.08,63.12,0
30.87,0.131,0.1492,0.2628,158.39,54.8,0
22.9,0.1338,0.1247,0.2041,100.07,51.27,0
57.38,0.1665,0.1418,0.2868,309.19,59.93,0
31.29,0.1399,0.1285,0.2272,165.54,54.83,0
20.66,0.143,0.1067,0.1898,144.83,50.67,0
51.94,0.1771,0.1662,0.2787,267.87,58.15,0
74.01,0.1816,0.1866,0.2929,371.69,67.08,0
46.59,0.1366,0.0827,0.2633,235.71,57.41,0
53.35,0.1608,0.1434,0.2862,291.62,57.53,0
23.95,0.1437,0.1188,0.2091,133.1,50.7,0
25.72,0.1471,0.1188,0.2197,122.21,53.51,0
25.03,0.135,0.1604,0.2174,130.77,52.3,0
40.68,0.1626,0.1588,0.232,215.15,55.54,0
48.71,0.1933,0.1178,0.2415,246.26,58.91,0
28.02,0.1743,0.1074,0.2008,165.35,53.43,0
67.98,0.162,0.1743,0.2761,323.19,62.73,0
75.32,0.1907,0.1742,0.337,376.98,64.44,0
58.24,0.1809,0.1641,0.3285,293.32,59.22,0
40.99,0.1332,0.1391,0.286,240.14,54.63,0
74.58,0.2287,0.7053,0.259,383.99,94.91,1
43.97,0.1686,0.1214,0.2132,232.53,58.08,0
37.52,0.1491,0.1381,0.2592,195.04,56.54,0
26.94,0.1737,0.1243,0.2264,148.14,51.65,0
29.55,0.1637,0.1598,0.2982,179.39,51.2,0
53.66,0.1955,0.1339,0.2655,278.02,56.97,0
65.57,0.174,0.1755,0.3246,351.63,59.87,0
72.27,0.2117,0.131,0.2628,370.92,62.69,0
48.83,0.1506,0.1643,0.287,264.36,57.66,0
72.16,0.199,0.131,0.3246,351.21,62.92,0
41.42,0.1786,0.1156,0.2585,211.89,55.3,0
67.32,0.2049,0.1543,0.319,352.85,59.07,0
66.17,0.1799,0.1442,0.2774,339.39,61.9,0
65.98,0.1536,0.1405,0.2521,352.19,59.7,0
46.29,0.1569,0.1136,0.2036,225.7,53.49,0
74.06,0.2223,0.1212,0.319,395.31,63.02,0
27.28,0.1349,0.13,0.2169,173.12,51.87,0
25.07,0.1517,0.1334,0.2102,141.16,50.04,0
67.76,0.1786,0.1833,0.2569,548.53,61.18,1
50.83,0.1808,0.1347,0.3182,284.9,57.86,0
22.47,0.1488,0.1231,0.2487,113.07,52.19,0
56.79,0.1826,0.1696,0.2943,309.3,60.43,0
45.75,0.1403,0.1405,0.2096,234.01,56.73,0
45.36,0.1398,0.1851,0.2558,240.56,57.27,0
32.94,0.1358,0.1374,0.2084,175.95,52.59,0
69.15,0.1847,0.1472,0.3402,364.1,62.84,0
66.42,0.1826,0.1557,0.2807,332.76,62.92,0
62.18,0.1536,0.1342,0.3061,331.61,61.88,0
71.99,0.2368,0.113,0.2486,389.22,61.8,0
20.03,0.1089,0.0938,0.2165,116.12,51.97,0
24.41,0.1555,0.0618,0.1968,154.99,53.11,0
28.56,0.1713,0.1151,0.1911,174.61,54.77,0
64.58,0.1752,0.1433,0.2322,328.17,60.93,0
43.9,0.1447,0.1271,0.2043,229.35,52.97,0
31.45,0.1383,0.1069,0.1819,189.68,54.61,0
26.99,0.1834,0.1058,0.1714,183.96,54.34,0
64.42,0.1839,0.1405,0.3035,323.28,61.75,0
53.41,0.1669,0.1335,0.215,270.52,57.88,0
74.85,0.1893,0.1504,0.3302,372.49,63.01,0
47.29,0.1375,0.1433,0.2573,258.13,56.52,0
34.73,0.1808,0.1191,0.2742,429.54,56.34,1
49.82,0.1608,0.1743,0.2102,267.26,57.99,0
52.51,0.1652,0.1499,0.2486,255.39,59.05,0
59.51,0.1746,0.1731,0.2649,316.81,59.47,0
61.84,0.1666,0.1541,0.2955,315.74,57.66,0
35.83,0.135,0.1164,0.2734,188.23,58.44,0
58.8,0.1433,0.1556,0.3523,310.78,57.85,0
76.12,0.2014,0.1622,0.2581,373.62,65.09,0
57.25,0.1696,0.1323,0.2979,309.68,60.27,0
32.34,0.1332,0.1038,0.1868,190.81,54.71,0
42.84,0.1829,0.152,0.2821,522.35,57.37,1
39.45,0.1799,0.1532,0.2154,203.4,55.83,0
28.93,0.098,0.1145,0.2547,172.32,52.88,0
71.16,0.183,0.1432,0.3113,359.54,64.83,0
20.28,0.1228,0.1375,0.213,137.9,53.2,0
53.39,0.1821,0.1433,0.2536,275.41,57.02,0
68.32,0.1829,0.1553,0.2777,352.66,61.14,0
44.81,0.191,0.1034,0.2461,244.31,57.22,0
39.86,0.1259,0.1283,0.2471,222.05,56.08,0
40.58,0.15,0.1376,0.255,218.33,56.16,0
63.19,0.1463,0.1366,0.2567,332.08,59.35,0
65.41,0.1736,0.1445,0.2973,346.33,61.34,0
73.97,0.1709,0.1556,0.3149,368.57,63.29,0
53.51,0.1854,0.1265,0.281,284.59,57.83,0
47.84,0.175,0.1527,0.2912,259.77,58.51,0
71.85,0.1807,0.1814,0.3075,345.29,63.87,0
66.23,0.1583,0.1435,0.2879,366.25,61.49,0
57.87,0.1922,0.4888,0.2623,308.31,94.69,1
24.2,0.1462,0.1069,0.2567,123.53,51.07,0
63.94,0.176,0.1539,0.299,332.33,62.72,0
32.57,0.192,0.1184,0.2029,180.88,52.92,0
61.87,0.2165,0.1849,0.2527,312.35,61.35,0
67.92,0.1928,0.1557,0.2396,360.62,60.12,0
61.71,0.1385,0.1279,0.2427,264.85,60.16,0
73.11,0.1844,0.1629,0.3248,360.9,60.93,0
53.97,0.1414,0.1778,0.2469,274.81,58.92,0
75.57,0.2238,0.1418,0.2658,364.78,63.39,0
46.7,0.1945,0.1399,0.233,241.35,54.4,0
50.25,0.1682,0.1662,0.2125,274.48,56.36,0
36.57,0.1717,0.1287,0.2862,207.92,57.41,0
76.58,0.2145,0.1599,0.3572,362.16,64.52,0
59.59,0.1856,0.1468,0.3359,324.76,59.71,0
21.26,0.154,0.1358,0.1981,131.07,53.13,0
49.97,0.2161,0.1645,0.2617,286.55,56.42,0
51.55,0.1693,0.1843,0.3295,295.84,54.56,0
23.23,0.1229,0.1451,0.2093,124.46,50.75,0
50.13,0.1669,0.1435,0.2595,251.29,56.99,0
76.7,0.1914,0.1452,0.2868,398.4,64.98,0
62.71,0.1944,0.1544,0.2591,327.43,63.61,0
32.08,0.1932,0.1454,0.2362,203.56,52.0,0
33.54,0.1585,0.1429,0.1909,218.49,51.29,0
66.15,0.2159,0.1475,0.2825,347.82,61.17,0
62.8,0.1428,0.1109,0.3179,309.83,58.79,0
37.16,0.1734,0.1465,0.2607,193.61,54.26,0
61.2,0.1752,0.1654,0.3321,290.94,61.21,0
63.88,0.1918,0.1564,0.366,346.38,62.53,0
61.63,0.2073,0.1788,0.3182,327.87,59.91,0
61.83,0.2072,0.1385,0.2885,296.12,59.88,0
21.12,0.1315,0.1125,0.2346,147.61,50.05,0
57.59,0.5421,0.1325,0.8398,295.36,60.25,1
77.49,0.2029,0.1435,0.2744,408.62,63.63,0
58.07,0.1738,0.1404,0.2774,320.71,61.16,0
36.04,0.1663,0.1429,0.236,222.2,53.24,0
68.5,0.1635,0.1545,0.3076,362.91,63.81,0
48.7,0.112,0.1025,0.2721,252.62,55.91,0
74.83,0.2104,0.1379,0.3243,374.95,64.76,0
76.29,0.5624,0.1351,1.0207,387.88,63.01,1
42.12,0.1969,0.1612,0.2491,236.07,55.42,0
35.69,0.1515,0.1164,0.2018,209.5,55.28,0
63.29,0.1483,0.5379,0.2646,343.1,114.6,1
41.89,0.1566,0.124,0.2803,248.84,58.26,0
52.67,0.1908,0.1169,0.2369,273.82,58.91,0
69.64,0.1738,0.1155,0.2586,345.0,62.94,0
36.06,0.6318,0.1465,1.0381,215.29,56.6,1
65.6,0.1724,0.1646,0.2854,335.57,64.05,0
22.24,0.1576,0.1512,0.2222,130.73,51.23,0
47.97,0.1289,0.1344,0.2489,251.08,58.31,0
57.43,0.2127,0.1691,0.199,329.36,58.9,0
23.87,0.142,0.0993,0.2286,135.42,51.13,0
65.82,0.1719,0.1207,0.239,321.51,59.12,0
39.47,0.1747,0.1051,0.1765,209.07,55.58,0
56.52,0.1766,0.1851,0.3053,283.12,61.46,0
22.54,0.1346,0.1129,0.2378,143.17,51.23,0
27.7,0.1403,0.0876,0.19,148.37,53.3,0
41.48,0.149,0.1464,0.2519,234.17,54.56,0
39.16,0.1718,0.1274,0.2324,211.66,51.81,0
60.83,0.1987,0.1403,0.2853,292.67,57.33,0
63.02,0.1895,0.1649,0.2937,332.01,58.5,0
65.8,0.1811,0.1207,0.2998,374.3,61.03,0
25.58,0.188,0.1452,0.2451,139.35,50.63,0
67.84,0.1734,0.1662,0.3229,336.82,60.83,0
74.99,0.2003,0.1823,0.3395,372.98,63.91,0
38.17,0.1334,0.1607,0.2941,208.48,52.2,0
42.17,0.1508,0.1092,0.3293,230.48,57.27,0
32.13,0.112,0.1324,0.2296,189.85,54.13,0
53.32,0.1928,0.1629,0.3019,295.88,59.02,0
59.65,0.1423,0.1316,0.2682,292.62,61.2,0
36.33,0.1208,0.1441,0.251,206.69,52.31,0
76.31,0.2024,0.1612,0.3209,430.2,62.71,0
44.7,0.1942,0.1023,0.2684,210.25,55.07,0
25.64,0.1684,0.1733,0.1889,167.65,50.94,0
64.73,0.1998,0.1701,0.2907,335.33,62.03,0
53.76,0.1466,0.1525,0.2126,266.7,55.27,0
52.99,0.1866,0.1406,0.215,268.37,58.19,0
35.2,0.1457,0.7222,0.201,219.77,98.18,1
21.33,0.0976,0.1032,0.216,131.35,47.77,0
42.42,0.1581,0.1248,0.2413,253.52,55.87,0
63.22,0.1967,0.1488,0.2592,318.93,61.09,0
66.15,0.1712,0.1433,0.3165,357.08,61.36,0
69.76,0.2097,0.7399,0.327,356.65,99.99,1
20.67,0.1479,0.0906,0.1736,126.23,49.81,0
56.69,0.1589,0.1393,0.2739,318.23,57.35,0
30.29,0.1418,0.1158,0.2066,210.83,53.06,0
57.42,0.1515,0.1394,0.3012,290.94,56.23,0
23.39,0.1494,0.1222,0.1836,131.53,51.92,0
77.01,0.2169,0.1771,0.2493,388.36,64.69,0
26.75,0.1338,0.1353,0.2093,136.15,52.11,0
72.28,0.2082,0.1181,0.317,383.2,64.07,0
27.05,0.1568,0.1294,0.184,121.95,54.25,0
70.44,0.185,0.1828,0.3162,357.83,60.17,0
71.64,0.1549,0.1863,0.3066,386.17,63.24,0
57.27,0.1245,0.1487,0.2653,277.56,60.96,0
32.17,0.1574,0.1214,0.2434,182.31,56.18,0
61.66,0.2003,0.1642,0.315,328.87,57.93,0
60.06,0.1867,0.115,0.2593,277.94,59.49,0
24.42,0.1209,0.1036,0.179,168.87,53.73,0
72.84,0.1973,0.1692,0.2792,384.03,62.55,0
36.6,0.1553,0.12,0.1935,207.77,52.48,0
69.02,0.2117,0.1682,0.3754,361.58,65.83,0
62.88,0.165,0.1451,0.3089,331.39,57.57,0
38.13,0.117,0.1193,0.2649,221.05,55.39,0
60.98,0.2098,0.1747,0.2702,293.1,59.23,0
23.51,0.1585,0.1095,0.187,106.86,49.7,0
44.93,0.1629,0.1373,0.2117,257.0,57.29,0
42.71,0.4226,0.1251,0.8627,238.95,56.14,1
54.03,0.1389,0.1671,0.2722,284.1,58.62,0
67.27,0.1812,0.1426,0.257,358.62,62.61,0
72.13,0.2245,0.139,0.2522,349.92,61.55,0
55.33,0.1677,0.1452,0.2608,289.03,59.31,0
66.79,0.1867,0.1247,0.2541,353.25,61.63,0
48.14,0.1847,0.1344,0.2529,257.23,58.34,0
22.88,0.106,0.1172,0.2541,149.53,49.46,0
48.54,0.1811,0.1426,0.1887,219.94,57.49,0
56.94,0.1813,0.1192,0.2631,295.34,60.73,0
68.52,0.2161,0.1491,0.3246,370.75,63.5,0
46.45,0.1572,0.1175,0.2634,240.98,54.75,0
39.74,0.1812,0.1127,0.3071,196.58,54.31,0
56.46,0.1507,0.1335,0.2705,292.99,60.57,0
45.75,0.1547,0.1084,0.304,252.39,58.23,0
51.82,0.1933,0.1366,0.2766,292.86,60.65,0
77.86,0.2028,0.1241,0.2911,405.32,63.9,0
35.38,0.1614,0.1107,0.2341,174.39,54.04,0
71.98,0.1951,0.1734,0.3165,372.92,65.46,0
57.6,0.1888,0.1504,0.2747,300.14,59.16,0
39.15,0.1863,0.1474,0.2622,218.59,56.77,0
41.84,0.1737,0.1149,0.2081,224.28,54.62,0
25.14,0.1542,0.1273,0.2355,152.46,51.5,0
30.6,0.1266,0.1516,0.208,193.8,52.87,0
74.44,0.1707,0.1776,0.273,383.3,64.09,0
70.13,0.1861,0.1391,0.3013,367.48,60.62,0
75.2,0.1801,0.1588,0.2759,367.98,64.2,0
59.08,0.1707,0.1542,0.3244,285.52,57.59,0
28.6,0.1551,0.1281,0.2185,171.81,52.25,0
39.97,0.1573,0.1684,0.2027,246.0,53.08,0
58.04,0.1773,0.1572,0.21,318.28,59.57,0
65.8,0.2076,0.1264,0.2768,324.77,61.6,0
70.38,0.1614,0.1632,0.2886,349.65,63.83,0
30.52,0.382,0.1386,0.8379,185.72,54.59,1
70.94,0.1831,0.1709,0.3,373.78,61.78,0
70.4,0.2019,0.1625,0.2857,333.05,62.38,0
67.29,0.2145,0.1611,0.2702,355.62,60.17,0
60.1,0.1825,0.1115,0.2293,329.82,62.92,0
61.48,0.19,0.1431,0.1895,309.49,63.05,0
41.93,0.1784,0.1339,0.2405,209.61,54.84,0
76.35,0.2155,0.1429,0.318,398.94,63.98,0
46.99,0.214,0.1289,0.2538,237.12,55.96,0
67.18,0.1791,0.1712,0.2905,325.35,61.0,0
46.37,0.169,0.1333,0.2314,250.15,57.86,0
75.2,0.2177,0.1525,0.2936,379.65,64.03,0
64.38,0.1764,0.1471,0.2168,330.61,58.87,0
56.28,0.4946,0.167,0.6918,297.16,59.34,1
32.24,0.1578,0.1314,0.1914,176.18,55.73,0
62.45,0.18,0.1366,0.3021,336.98,60.64,0
35.51,0.1351,0.1106,0.2409,200.0,54.76,0
51.9,0.1774,0.1313,0.238,273.12,60.96,0
59.93,0.2337,0.165,0.2925,318.16,60.54,0
76.47,0.2066,0.1536,0.3226,382.55,66.73,0
28.88,0.1678,0.1574,0.2258,170.01,51.91,0
66.43,0.1788,0.1638,0.2637,325.57,62.12,0
74.89,0.1772,0.1995,0.2685,389.03,63.64,0
51.24,0.1695,0.1447,0.2167,243.14,58.57,0
64.0,0.1612,0.1536,0.2639,308.42,60.2,0
71.6,0.2131,0.1635,0.2916,340.86,61.11,0
57.62,0.209,0.1236,0.2897,300.11,59.23,0
55.69,0.2536,0.4804,0.2896,301.1,86.46,1
44.2,0.1386,0.1322,0.2382,224.63,55.87,0
59.7,0.1844,0.1302,0.2703,310.73,58.31,0
61.18,0.2038,0.1293,0.2916,328.0,60.59,0
64.65,0.1578,0.1696,0.2591,325.38,60.37,0
55.22,0.1753,0.1518,0.2769,307.26,61.62,0
70.53,0.1537,0.171,0.3108,351.09,63.05,0
27.06,0.1179,0.1327,0.2185,141.57,52.18,0
63.13,0.1661,0.1137,0.2689,363.01,62.91,0
36.66,0.156,0.1055,0.2834,190.26,55.77,0
36.78,0.1825,0.1127,0.2161,234.45,54.18,0
75.4,0.2266,0.1286,0.2914,384.22,64.76,0
48.66,0.1397,0.1616,0.2743,260.94,57.87,0
25.8,0.1464,0.1199,0.1903,144.44,51.57,0
77.84,0.1839,0.1644,0.2718,401.37,63.75,0
32.41,0.1394,0.1461,0.236,170.15,50.95,0
76.56,0.2267,0.1657,0.2831,384.55,65.36,0
62.91,0.1946,0.1436,0.3256,324.23,61.43,0
57.08,0.2092,0.1356,0.311,290.79,60.43,0
67.33,0.2129,0.1779,0.2794,359.51,60.27,0
52.31,0.1662,0.1349,0.2754,263.12,55.07,0
30.15,0.1457,0.1589,0.2194,160.63,51.17,0
66.66,0.2367,0.1172,0.2875,342.68,62.12,0
45.0,0.1886,0.1356,0.2858,232.36,53.55,0
43.02,0.1468,0.1264,0.2499,204.12,55.71,0
54.94,0.1957,0.1209,0.2534,274.36,58.61,0
64.91,0.184,0.1352,0.1986,296.02,63.93,0
25.01,0.1851,0.1001,0.1817,151.44,49.19,0
69.49,0.1817,0.1614,0.3357,344.7,61.9,0
37.15,0.157,0.1126,0.2756,183.03,54.46,0
27.17,0.1803,0.1086,0.1894,164.45,54.1,0
38.67,0.1501,0.1328,0.2264,219.85,54.6,0
26.45,0.1127,0.1353,0.2102,160.51,52.8,0
48.49,0.2225,0.1115,0.2447,254.79,56.77,0
29.13,0.1974,0.0845,0.1915,187.56,52.0,0
74.5,0.1861,0.148,0.2696,364.61,62.3,0
21.21,0.1522,0.1248,0.2067,116.19,49.31,0
33.83,0.189,0.1232,0.2348,188.86,52.25,0
72.33,0.2023,0.1387,0.2459,381.29,63.9,0
50.34,0.142,0.1477,0.3042,273.36,56.0,0
45.44,0.1435,0.1219,0.2571,245.34,55.63,0
69.21,0.216,0.1668,0.2907,335.53,62.47,0
48.85,0.156,0.1317,0.2783,244.06,55.54,0
66.73,0.1911,0.1344,0.2677,348.35,60.01,0
30.43,0.1501,0.1556,0.1863,177.51,50.98,0
67.41,0.1903,0.1816,0.2341,342.41,61.91,0
42.3,0.2044,0.1363,0.2695,231.28,55.31,0
70.21,0.1989,0.1743,0.3109,350.39,61.49,0
73.46,0.1962,0.1558,0.3257,347.22,62.59,0
46.91,0.1689,0.1113,0.2933,255.61,57.75,0
54.11,0.1729,0.1287,0.2597,294.97,58.93,0
50.84,0.1869,0.1447,0.3303,258.12,58.37,0
56.94,0.134,0.1566,0.2551,316.85,59.57,0
61.54,0.1896,0.1749,0.2417,327.99,58.33,0
35.87,0.1496,0.1134,0.2127,210.63,55.44,0
40.74,0.1784,0.1436,0.2898,217.82,55.98,0
54.42,0.1826,0.1236,0.2655,252.15,58.09,0
40.14,0.1502,0.1383,0.2785,224.03,53.21,0
39.12,0.1522,0.1097,0.285,215.51,53.66,0
42.24,0.1652,0.1508,0.2135,216.9,54.45,0
22.28,0.1311,0.1231,0.1991,136.83,50.62,0
30.01,0.1595,0.0954,0.1971,173.32,54.75,0
63.36,0.189,0.1595,0.3034,332.66,62.35,0
20.77,0.1516,0.0694,0.2296,126.2,48.4,0
22.69,0.1214,0.1067,0.2296,144.93,50.25,0
42.94,0.1794,0.6236,0.2193,254.39,94.38,1
72.75,0.1653,0.155,0.3168,381.06,62.03,0
50.51,0.1955,0.1265,0.2496,270.29,59.24,0
31.67,0.1436,0.0998,0.2406,195.06,51.28,0
54.45,0.1906,0.1048,0.2609,289.37,59.48,0
75.18,0.1913,0.1442,0.283,378.12,63.49,0
21.52,0.1523,0.0914,0.223,118.28,51.3,0
35.8,0.1689,0.1349,0.2606,399.6,55.66,1
54.54,0.171,0.1148,0.2986,249.13,58.55,0
30.73,0.2024,0.1054,0.1871,167.45,53.74,0
25.28,0.1334,0.1337,0.1917,114.32,49.1,0
37.85,0.1521,0.1639,0.2078,195.51,53.03,0
27.8,0.1632,0.0998,0.1762,170.5,51.19,0
30.9,0.1347,0.1359,0.267,144.77,54.66,0
34.69,0.1453,0.1485,0.1908,199.67,55.57,0
28.41,0.1579,0.1068,0.1985,176.32,53.61,0
43.2,0.1985,0.1258,0.2531,231.59,55.46,0
41.46,0.1465,0.1354,0.2405,224.53,55.25,0
42.35,0.1667,0.1378,0.2737,253.7,53.58,0
50.98,0.195,0.1461,0.2759,250.69,55.02,0
51.76,0.167,0.1497,0.3022,274.07,58.0,0
74.53,0.1625,0.1968,0.3296,374.61,61.8,0
60.16,0.1794,0.1454,0.2724,317.12,60.71,0
33.52,0.162,0.1464,0.2226,176.63,50.93,0
33.11,0.1579,0.074,0.2279,163.06,54.08,0
35.61,0.1375,0.116,0.2053,178.82,52.19,0
27.17,0.196,0.0802,0.1942,170.9,53.25,0
41.83,0.1675,0.1901,0.2378,237.4,57.23,0
57.53,0.1748,0.176,0.1886,283.95,59.71,0
34.92,0.1529,0.1054,0.2326,188.99,55.04,0
61.05,0.1757,0.1329,0.2632,314.2,60.23,0
31.75,0.154,0.0973,0.2305,187.29,53.35,0
77.12,0.1659,0.1617,0.276,383.04,66.52,0
40.58,0.1596,0.1345,0.2502,220.2,52.75,0
20.6,0.1401,0.0952,0.1705,129.43,50.06,0
48.9,0.1512,0.1455,0.2912,255.43,57.27,0
55.1,0.187,0.1235,0.2745,303.85,60.69,0
56.4,0.2044,0.1357,0.2577,308.46,58.84,0
74.72,0.2044,0.1697,0.3213,383.19,65.17,0
21.65,0.1134,0.0973,0.1799,113.39,46.95,0
41.91,0.15,0.0942,0.2776,241.7,55.63,0
64.27,0.1979,0.1521,0.3205,320.18,65.05,0
53.07,0.1748,0.1375,0.2823,286.55,59.67,0
22.71,0.1239,0.1694,0.1466,122.96,51.32,0
64.95,0.1741,0.1785,0.2788,358.45,62.55,0
35.3,0.1666,0.1387,0.1989,184.86,52.59,0
53.79,0.1913,0.12,0.2614,282.85,57.29,0
73.11,0.1826,0.1511,0.3494,382.38,65.92,0
34.95,0.1398,0.0991,0.2188,194.86,52.39,0
56.24,0.1915,0.1476,0.2382,294.12,60.65,0
73.3,0.2111,0.1335,0.2757,353.51,61.19,0
64.75,0.1638,0.1803,0.2617,318.96,61.47,0
76.84,0.1411,0.1644,0.2694,378.82,63.97,0
47.74,0.1539,0.142,0.2297,263.1,53.85,0
60.67,0.1808,0.1424,0.2421,327.14,63.29,0
66.3,0.1573,0.1255,0.2614,345.61,59.87,0
68.3,0.1897,0.164,0.2237,375.39,60.64,0
38.52,0.1724,0.0749,0.2701,207.68,51.81,0
20.45,0.1783,0.112,0.2239,132.36,51.11,0
45.21,0.1493,0.163,0.2984,242.43,55.73,0
25.58,0.1319,0.1336,0.2152,141.88,50.9,0
63.95,0.198,0.1671,0.2756,325.67,60.83,0
62.39,0.1863,0.1636,0.2804,342.0,59.57,0
34.84,0.1522,0.125,0.2139,207.07,54.58,0
24.94,0.1416,0.1154,0.1722,149.25,50.93,0
37.71,0.1108,0.1323,0.2667,187.35,54.95,0
52.4,0.1332,0.1274,0.2688,272.93,57.76,0
32.17,0.1686,0.0877,0.2217,176.95,53.83,0
34.3,0.1455,0.1131,0.2268,195.51,56.28,0
44.84,0.1408,0.1547,0.2451,216.26,57.95,0
38.34,0.1243,0.1179,0.2636,233.43,52.7,0
33.91,0.137,0.1069,0.214,178.74,54.48,0
32.31,0.1609,0.1254,0.2008,188.17,53.08,0
31.55,0.1646,0.1285,0.2251,167.0,51.84,0
58.44,0.1398,0.5121,0.2768,306.24,106.39,1
52.04,0.1565,0.1238,0.2613,275.74,58.28,0
61.27,0.1952,0.2062,0.2463,299.49,60.67,0
68.17,0.2041,0.1546,0.2496,359.58,61.03,0
24.14,0.1371,0.1615,0.2357,156.91,50.07,0
52.98,0.1523,0.1877,0.2688,273.74,58.45,0
30.94,0.1514,0.1163,0.2309,178.42,53.64,0
68.89,0.1653,0.1896,0.3299,357.56,61.87,0
44.52,0.1651,0.1271,0.2344,228.13,56.15,0
36.48,0.1799,0.1018,0.2507,205.5,53.06,0
64.53,0.2044,0.1472,0.3068,333.39,60.47,0
71.35,0.1683,0.1459,0.3016,377.85,61.47,0
70.1,0.1841,0.1525,0.2894,367.2,62.84,0
76.75,0.2268,0.1762,0.2937,380.87,63.86,0
61.6,0.2001,0.1469,0.2776,298.36,57.04,0
31.37,0.1237,0.132,0.2024,174.08,51.46,0
72.9,0.2024,0.1789,0.3047,365.77,60.97,0
33.95,0.1458,0.1436,0.272,195.6,51.9,0
39.58,0.1445,0.1282,0.1993,205.65,57.11,0
24.14,0.174,0.1493,0.2724,149.01,51.48,0
60.16,0.2141,0.152,0.2024,326.64,61.19,0
50.41,0.1392,0.1561,0.2551,260.02,58.2,0
76.92,0.2148,0.1533,0.3119,391.31,62.8,0
20.27,0.1856,0.1068,0.1644,120.79,50.97,0
71.32,0.2084,0.1621,0.2712,372.37,65.16,0
44.16,0.1295,0.1079,0.205,251.66,58.13,0
58.4,0.185,0.1363,0.257,293.97,63.76,0
54.11,0.1686,0.1375,0.2843,293.6,59.74,0
21.93,0.1093,0.095,0.2538,142.2,50.35,0
35.88,0.155,0.1322,0.2202,171.19,56.59,0
45.04,0.144,0.1224,0.308,253.6,55.71,0
38.48,0.1637,0.1566,0.1992,214.45,54.99,0
21.84,0.1508,0.1264,0.2483,125.5,51.12,0
49.12,0.1466,0.1131,0.2528,261.44,56.67,0
36.78,0.1663,0.1563,0.2231,202.03,54.24,0
68.6,0.1748,0.1697,0.3095,356.84,62.07,0
23.97,0.1352,0.1011,0.2478,148.87,51.0,0
67.9,0.2138,0.1764,0.3338,340.24,58.49,0
66.77,0.1452,0.1627,0.3166,352.26,62.13,0
33.43,0.1564,0.1577,0.2316,208.12,50.41,0
50.19,0.1466,0.1151,0.2844,275.88,55.76,0
38.5,0.1422,0.1595,0.2307,202.39,55.01,0
26.32,0.1551,0.0976,0.233,139.1,52.65,0
40.34,0.1647,0.1228,0.2098,224.24,58.31,0
66.21,0.167,0.138,0.2056,350.59,60.87,0
24.17,0.1161,0.1227,0.2626,122.78,50.49,0
49.33,0.166,0.1367,0.2823,270.88,57.32,0
22.12,0.1717,0.1269,0.2138,138.56,45.63,0
31.64,0.1354,0.1431,0.2881,184.27,51.69,0
33.91,0.167,0.1215,0.2761,188.63,51.38,0
27.99,0.1422,0.131,0.2222,165.9,51.21,0
40.11,0.1509,0.1034,0.1898,209.79,53.89,0
67.05,0.1885,0.1429,0.2604,351.38,63.02,0
76.32,0.1881,0.149,0.3148,388.8,62.9,0
22.77,0.1464,0.6259,0.1709,139.69,104.84,1
47.57,0.1376,0.6497,0.2133,227.96,80.94,1
67.14,0.1636,0.186,0.2865,314.24,62.29,0
35.81,0.1629,0.1242,0.228,217.26,53.2,0
76.5,0.2029,0.1307,0.3174,390.08,63.1,0
45.32,0.1525,0.1089,0.2887,216.95,56.07,0
57.15,0.1841,0.1646,0.2964,294.49,59.29,0
59.62,0.1983,0.1714,0.247,311.58,59.63,0
41.32,0.1268,0.1499,0.2922,229.66,54.92,0
30.08,0.1546,0.1311,0.2331,418.52,49.93,1
29.07,0.1384,0.1126,0.2275,175.72,52.31,0
75.72,0.185,0.1424,0.3353,408.8,63.51,0
53.39,0.2138,0.1319,0.2209,291.08,58.71,0
35.58,0.1508,0.1162,0.2769,223.35,54.33,0
23.45,0.1609,0.1236,0.1956,122.48,50.29,0
22.74,0.1417,0.1646,0.2407,124.15,50.22,0
20.0,0.1272,0.0795,0.2172,113.57,50.91,0
32.82,0.1325,0.1478,0.2349,178.94,55.92,0
21.68,0.149,0.1392,0.228,147.57,47.68,0
70.53,0.1856,0.1429,0.2542,369.73,63.74,0
30.29,0.1836,0.1294,0.2243,165.42,51.78,0
38.25,0.1544,0.0832,0.2384,240.85,53.94,0
74.19,0.1748,0.1693,0.2501,359.24,65.56,0
42.93,0.1776,0.1376,0.2441,219.85,54.98,0
57.99,0.1759,0.1667,0.2688,321.12,59.66,0
62.39,0.1832,0.1236,0.32,319.36,60.69,0
74.78,0.1997,0.1531,0.3077,379.03,65.36,0
60.21,0.1423,0.1491,0.289,302.49,59.48,0
64.54,0.2199,0.131,0.3245,364.73,62.3,0
49.11,0.187,0.1206,0.2584,267.93,61.67,0
47.08,0.1662,0.1493,0.24,238.08,56.89,0
30.1,0.1652,0.1556,0.2311,175.59,53.44,0
20.42,0.1271,0.1309,0.2051,117.49,50.45,0
31.19,0.1664,0.1124,0.2143,186.48,51.75,0
63.93,0.1844,0.1636,0.2899,314.47,58.8,0
27.55,0.122,0.14,0.2285,154.77,52.16,0
25.89,0.1335,0.1616,0.2003,163.34,52.02,0
40.38,0.1513,0.1253,0.3115,201.31,56.96,0
70.17,0.1691,0.1622,0.3004,352.23,66.31,0
60.1,0.2107,0.1271,0.2821,318.68,60.98,0
77.14,0.222,0.1474,0.3198,398.74,64.65,0
57.37,0.1575,0.127,0.3473,301.23,58.97,0
52.96,0.1536,0.1347,0.2352,280.43,56.95,0
65.15,0.1735,0.1566,0.225,352.02,61.2,0
26.17,0.139,0.0859,0.2448,146.01,48.38,0
47.45,0.1225,0.148,0.293,256.59,58.13,0
66.41,0.1806,0.1368,0.2631,332.27,62.1,0
28.55,0.1741,0.1519,0.2039,160.24,53.27,0
69.47,0.1916,0.1566,0.2646,360.75,60.26,0
56.29,0.1479,0.1738,0.3174,253.84,59.62,0
61.51,0.1499,0.1429,0.2979,343.31,59.08,0
44.94,0.2,0.1571,0.3099,242.31,57.51,0
52.57,0.189,0.1524,0.2498,251.28,56.2,0
60.82,0.1879,0.1301,0.2945,307.68,61.54,0
63.53,0.2177,0.2107,0.309,281.61,61.03,0
26.38,0.1481,0.1236,0.2294,128.64,52.26,0
63.34,0.2104,0.1214,0.2528,328.59,65.19,0
41.19,0.1923,0.1349,0.3072,228.26,53.68,0
65.5,0.1931,0.1349,0.3186,327.97,61.14,0
35.56,0.1695,0.1121,0.2583,204.56,53.97,0
39.85,0.1603,0.0938,0.2583,215.89,56.6,0
35.86,0.1503,0.1038,0.2931,193.92,55.11,0
44.53,0.1547,0.1094,0.247,256.37,58.43,0
72.25,0.1877,0.1618,0.3266,371.32,64.49,0
67.46,0.1816,0.16,0.2889,321.84,60.53,0
22.52,0.1388,0.0929,0.141,146.4,51.22,0
40.31,0.1554,0.0912,0.2154,242.74,57.28,0
60.17,0.1775,0.152,0.2716,313.44,58.44,0
63.28,0.2071,0.1415,0.2775,335.42,60.59,0
22.03,0.1048,0.1096,0.179,155.91,49.45,0
24.01,0.1327,0.1386,0.2081,154.76,51.61,0
45.3,0.1821,0.154,0.258,265.09,57.04,0
60.15,0.2033,0.1646,0.3237,302.08,57.65,0
77.87,0.194,0.1806,0.2829,392.08,61.4,0
22.17,0.1276,0.1469,0.1938,143.82,51.87,0
41.94,0.1193,0.1368,0.215,199.84,55.4,0
33.88,0.1162,0.1529,0.2537,209.34,52.97,0
59.27,0.1785,0.1473,0.3085,274.8,60.12,0
64.4,0.2096,0.1349,0.3275,335.1,58.27,0
61.53,0.1621,0.1677,0.2892,320.29,62.27,0
50.55,0.1746,0.636,0.2776,273.38,82.64,1
51.56,0.1734,0.1736,0.2468,279.03,57.61,0
26.85,0.1489,0.1619,0.1752,149.7,54.18,0
23.76,0.1607,0.1366,0.195,128.46,51.99,0
66.34,0.195,0.1712,0.3117,344.2,58.71,0
51.17,0.2237,0.1536,0.2721,283.32,57.48,0
32.87,0.1211,0.1353,0.2426,475.83,52.59,1
34.6,0.1535,0.1565,0.2791,209.06,52.23,0
54.53,0.1588,0.1704,0.2361,281.59,55.03,0
31.26,0.1653,0.0992,0.2215,152.68,52.4,0
35.33,0.151,0.0961,0.1808,186.12,52.12,0
29.27,0.1382,0.0864,0.1651,162.95,53.08,0
66.52,0.1955,0.1728,0.2627,332.6,58.8,0
60.04,0.1923,0.1414,0.3188,318.13,60.72,0
37.97,0.163,0.1248,0.2529,209.29,57.87,0
55.97,0.1826,0.1725,0.2671,313.45,58.34,0
48.24,0.1426,0.1528,0.2651,272.47,60.75,0
34.37,0.1482,0.1567,0.2634,216.54,52.3,0
77.41,0.1493,0.1452,0.3156,411.04,65.2,0
77.29,0.2004,0.1609,0.3101,381.09,65.32,0
77.56,0.18,0.1792,0.285,412.34,62.77,0
57.39,0.1477,0.1704,0.2753,291.34,57.33,0
62.66,0.1766,0.1704,0.2816,322.01,59.65,0
48.05,0.1461,0.1832,0.2372,255.64,55.91,0
29.24,0.3728,0.1259,0.8517,178.3,54.18,1
48.03,0.1787,0.1313,0.2476,233.63,55.51,0
46.02,0.1754,0.129,0.2861,248.06,55.77,0
38.93,0.1716,0.1368,0.2626,208.76,54.66,0
30.33,0.1647,0.0946,0.2021,191.55,53.46,0
34.32,0.1532,0.1478,0.2221,185.14,51.97,0
26.94,0.1477,0.1456,0.2131,154.82,49.86,0
45.96,0.1751,0.1502,0.2621,245.82,56.8,0
72.24,0.2063,0.1443,0.3142,356.41,63.52,0
73.01,0.1886,0.1719,0.2673,355.71,67.06,0
22.77,0.1679,0.1173,0.1622,131.4,49.43,0
68.17,0.1976,0.1836,0.319,336.41,64.11,0
32.65,0.1275,0.1118,0.2406,370.85,52.58,1
63.21,0.1561,0.1742,0.2579,341.82,59.22,0
52.48,0.1589,0.1336,0.2535,279.83,59.12,0
45.96,0.158,0.1173,0.2587,242.28,56.66,0
32.16,0.1574,0.1139,0.2105,174.1,51.88,0
62.18,0.2163,0.1555,0.2746,319.83,61.68,0
41.82,0.1167,0.1265,0.2237,233.23,54.83,0
46.98,0.1577,0.1528,0.2726,243.08,57.95,0
54.85,0.2088,0.1269,0.2925,295.72,58.19,0
31.34,0.1113,0.1013,0.2453,157.47,52.04,0
36.98,0.1784,0.133,0.2641,199.59,52.7,0
71.63,0.1963,0.1646,0.2426,384.37,62.97,0
40.96,0.1467,0.1099,0.2472,214.27,54.81,0
52.22,0.2025,0.1237,0.2805,253.53,58.75,0
76.12,0.1914,0.1946,0.3027,386.39,61.57,0
48.79,0.1839,0.1419,0.2382,459.55,56.4,1
35.96,0.1527,0.0805,0.2901,198.35,55.9,0
65.22,0.1768,0.1792,0.3111,337.21,61.29,0
40.66,0.1387,0.1583,0.233,225.41,56.65,0
30.83,0.1337,0.1339,0.2581,160.62,53.53,0
39.61,0.1733,0.0968,0.2099,234.73,54.4,0
29.89,0.1542,0.135,0.2314,182.44,54.24,0
65.02,0.4324,0.1674,0.9248,331.69,61.82,1
69.3,0.1795,0.5606,0.3046,352.5,114.82,1
31.71,0.1519,0.1284,0.1741,177.77,53.45,0
68.42,0.1946,0.1277,0.2932,356.09,62.15,0
50.54,0.1597,0.1455,0.2766,245.76,56.96,0
75.99,0.2028,0.1515,0.3583,403.98,65.63,0
34.78,0.1656,0.1142,0.2044,179.22,55.11,0
62.84,0.1769,0.1704,0.2904,558.81,60.63,1
23.31,0.1411,0.1034,0.1401,128.3,51.12,0
74.45,0.2095,0.1336,0.3454,362.97,64.62,0
52.19,0.1536,0.1288,0.305,291.73,56.85,0
72.94,0.2093,0.1484,0.2706,382.72,62.84,0
52.06,0.1952,0.126,0.2216,248.47,60.71,0
72.51,0.1683,0.1551,0.284,349.71,62.48,0
58.6,0.2081,0.1364,0.2983,326.26,60.53,0
60.85,0.1903,0.1659,0.2538,325.59,60.7,0
56.89,0.1675,0.1557,0.2297,456.08,61.02,1
39.76,0.1603,0.1106,0.2492,222.25,55.86,0
47.17,0.1968,0.115,0.2902,263.73,55.68,0
74.1,0.2173,0.1554,0.3458,357.96,65.4,0
21.19,0.1214,0.1174,0.1964,109.84,48.45,0
21.49,0.1244,0.1161,0.1798,123.31,50.07,0
43.52,0.1442,0.0978,0.2251,208.34,53.28,0
57.56,0.2261,0.1496,0.3111,285.43,60.32,0
30.52,0.2029,0.1366,0.2228,179.18,56.74,0
41.83,0.1488,0.1065,0.2414,225.31,56.78,0
58.96,0.2004,0.1822,0.258,325.07,60.77,0
41.46,0.1708,0.1592,0.1526,222.03,54.25,0
29.59,0.1631,0.1359,0.2192,155.29,52.29,0
35.42,0.1836,0.1165,0.2328,201.1,52.76,0
48.6,0.1721,0.1266,0.2807,255.8,56.09,0
24.11,0.1134,0.1109,0.212,144.81,51.53,0
41.65,0.157,0.1482,0.2535,239.98,52.06,0
56.41,0.19,0.139,0.2587,280.3,58.51,0
34.61,0.1551,0.1174,0.2627,180.31,52.39,0
27.91,0.1649,0.1402,0.2399,147.98,49.55,0
71.81,0.1968,0.1874,0.3164,370.86,63.52,0
43.12,0.135,0.4546,0.2178,231.76,80.78,1
30.4,0.1571,0.1073,0.2396,182.32,51.13,0
25.66,0.1527,0.0794,0.2306,359.89,51.14,1
22.91,0.1462,0.1068,0.2113,138.71,51.49,0
57.65,0.1672,0.1549,0.2437,321.32,59.23,0
75.23,0.171,0.1636,0.3317,385.84,63.88,0
39.4,0.1843,0.149,0.2352,212.05,53.95,0
66.93,0.2064,0.1613,0.305,339.08,59.49,0
75.67,0.1925,0.1618,0.3081,368.79,61.71,0
71.22,0.1639,0.148,0.3154,377.82,63.1,0
45.1,0.183,0.154,0.2684,232.25,57.83,0
45.39,0.1531,0.1445,0.2317,230.01,55.74,0
65.97,0.1595,0.1698,0.2563,317.11,64.11,0
37.92,0.1762,0.1509,0.242,182.4,54.8,0
73.94,0.1858,0.1402,0.2969,374.97,64.86,0
32.58,0.1842,0.1339,0.2189,179.9,52.83,0
52.84,0.185,0.1345,0.2909,275.1,58.28,0
49.22,0.1489,0.1762,0.2583,262.4,57.84,0
49.95,0.1594,0.1484,0.315,246.28,54.62,0
55.37,0.1718,0.1753,0.3129,295.4,59.2,0
47.49,0.1987,0.1085,0.3168,233.79,59.11,0
64.07,0.1762,0.1532,0.2799,332.11,60.72,0
72.27,0.2196,0.139,0.2813,380.66,64.23,0
77.82,0.1986,0.691,0.2787,403.17,93.0,1
41.14,0.1559,0.1285,0.2345,190.91,56.33,0
34.86,0.0921,0.1144,0.2691,201.55,55.14,0
27.75,0.1451,0.1574,0.2264,115.52,53.44,0
25.63,0.129,0.0937,0.2032,144.43,54.35,0
28.04,0.1732,0.1308,0.3028,170.36,52.35,0
60.69,0.2363,0.1679,0.295,316.75,62.13,0
23.08,0.1662,0.0948,0.191,141.0,47.57,0
54.25,0.1924,0.1568,0.2562,293.81,60.27,0
25.07,0.1539,0.0986,0.1998,155.48,50.17,0
23.13,0.1423,0.1236,0.181,166.24,49.62,0
20.97,0.1535,0.1207,0.2078,128.65,52.9,0
31.43,0.1318,0.1275,0.1928,170.84,53.09,0
76.27,0.1915,0.1524,0.2819,393.75,64.92,0
23.6,0.1359,0.1399,0.1683,129.43,48.76,0
60.97,0.1599,0.141,0.2935,296.62,62.15,0
20.18,0.1532,0.1182,0.2406,125.99,50.22,0
52.27,0.1855,0.1133,0.28,267.14,58.61,0
26.98,0.134,0.1253,0.2409,143.39,53.72,0
22.13,0.1322,0.5783,0.1995,165.12,93.65,1
44.81,0.1777,0.1332,0.238,272.04,56.83,0
44.99,0.1563,0.1599,0.23,219.0,54.78,0
21.87,0.132,0.0835,0.2744,110.04,51.37,0
20.42,0.15,0.1442,0.1902,131.1,48.11,0
32.39,0.1728,0.1281,0.2063,175.49,54.53,0
70.18,0.2119,0.1271,0.2493,356.11,62.34,0
22.69,0.1357,0.1419,0.2438,140.81,49.0,0
68.88,0.1927,0.1895,0.3123,343.37,60.43,0
34.59,0.1461,0.1278,0.1988,173.16,53.2,0
44.88,0.1593,0.1318,0.2195,237.43,55.49,0
31.74,0.1815,0.0866,0.2306,202.41,53.07,0
65.46,0.1873,0.1634,0.2854,348.6,59.07,0
34.69,0.1425,0.1648,0.1886,198.66,52.8,0
63.92,0.1672,0.1365,0.3093,336.99,61.43,0
35.44,0.157,0.089,0.2705,205.4,51.33,0
33.72,0.1596,0.1512,0.2009,194.46,51.73,0
23.45,0.1291,0.1113,0.256,151.75,51.02,0
26.54,0.1377,0.0926,0.2196,154.09,52.41,0
50.43,0.1819,0.157,0.2528,232.51,56.24,0
35.68,0.1382,0.1366,0.2387,191.49,53.64,0
20.17,0.1182,0.126,0.2034,147.5,50.28,0
54.66,0.189,0.1511,0.2925,284.54,58.87,0
67.77,0.1681,0.1377,0.3513,356.94,60.56,0
58.58,0.1612,0.1494,0.2329,296.65,61.1,0
66.12,0.1982,0.1392,0.2852,357.91,61.28,0
59.56,0.2124,0.1483,0.2405,322.31,60.36,0
22.41,0.0896,0.1664,0.1824,130.34,50.96,0
72.17,0.2129,0.14,0.2705,385.82,65.59,0
75.85,0.2015,0.142,0.2915,416.87,64.51,0
65.48,0.1739,0.159,0.2839,336.83,60.86,0
34.91,0.1264,0.1135,0.2252,213.23,51.79,0
47.81,0.1543,0.1372,0.2466,251.43,55.33,0
54.64,0.1719,0.157,0.2254,275.44,58.68,0
76.39,0.2147,0.191,0.3115,405.16,63.83,0
23.55,0.1233,0.1113,0.2251,127.89,50.28,0
24.26,0.1381,0.142,0.2284,135.86,52.39,0
28.95,0.147,0.1549,0.2089,184.6,53.18,0
42.48,0.1792,0.1354,0.199,213.21,54.17,0
45.6,0.1279,0.1171,0.2427,213.49,55.37,0
30.62,0.1519,0.4956,0.219,176.64,77.28,1
40.03,0.1632,0.1314,0.1929,196.79,53.86,0
48.11,0.1969,0.1607,0.2263,267.11,58.96,0
45.29,0.1659,0.1434,0.3006,271.21,56.52,0
73.52,0.171,0.13,0.3049,392.92,62.2,0
40.3,0.1434,0.1719,0.245,365.07,54.71,1
73.52,0.1699,0.1523,0.2869,391.37,64.82,0
71.23,0.1643,0.158,0.2517,345.7,64.24,0
64.63,0.1636,0.1608,0.2861,339.45,61.12,0
76.6,0.1225,0.1595,0.2434,374.75,63.31,0
53.78,0.1864,0.1461,0.2924,262.35,59.54,0
34.29,0.1415,0.1308,0.2617,162.92,54.98,0
34.18,0.1668,0.1403,0.2556,209.44,52.81,0
64.94,0.196,0.1499,0.2716,343.06,58.06,0
30.71,0.1444,0.1229,0.2278,203.32,53.42,0
47.76,0.1507,0.1311,0.2632,243.09,58.29,0
64.11,0.2021,0.1617,0.346,323.69,61.95,0
28.87,0.1192,0.1415,0.2255,160.97,53.32,0
47.06,0.1567,0.1436,0.2404,267.57,54.95,0
70.94,0.1819,0.1712,0.2847,351.24,62.99,0
38.93,0.1521,0.1193,0.2523,218.1,54.45,0
57.39,0.1561,0.1689,0.2762,300.39,60.06,0
76.66,0.1839,0.1346,0.2939,389.6,62.84,0
52.61,0.1811,0.146,0.3217,284.54,59.3,0
38.99,0.178,0.1314,0.2241,216.83,54.48,0
22.68,0.1364,0.1404,0.2257,142.92,50.43,0
22.05,0.1377,0.1211,0.2339,134.9,49.12,0
60.92,0.1942,0.5376,0.2842,336.56,108.45,1
60.28,0.1868,0.15,0.2807,298.59,58.8,0
46.69,0.1923,0.147,0.256,218.98,54.8,0
59.42,0.1884,0.1511,0.2926,273.51,61.11,0
35.37,0.1631,0.1028,0.2532,176.52,54.96,0
68.43,0.1925,0.4787,0.2814,347.25,103.3,1
45.73,0.1684,0.1563,0.2094,242.57,55.36,0
33.72,0.171,0.1383,0.2064,195.45,52.0,0
76.88,0.2019,0.1588,0.3392,361.44,64.75,0
31.62,0.1689,0.1292,0.2792,359.28,53.62,1
29.01,0.1857,0.0819,0.1918,174.06,53.5,0
66.61,0.1769,0.1647,0.2448,329.99,62.25,0
38.23,0.1506,0.1483,0.267,190.17,56.21,0
49.42,0.1677,0.1574,0.2441,285.97,59.16,0
73.56,0.2009,0.1887,0.2899,350.6,64.1,0
77.1,0.2253,0.1999,0.2507,400.42,64.13,0
28.61,0.1776,0.1047,0.1627,133.47,52.13,0
20.26,0.136,0.1524,0.2386,99.92,51.42,0
35.37,0.1508,0.1352,0.2259,178.82,53.36,0
66.8,0.2083,0.1477,0.3091,347.61,60.74,0
63.85,0.1439,0.1873,0.3133,315.32,60.27,0
51.43,0.1619,0.1902,0.2437,262.3,55.49,0
46.3,0.1573,0.1657,0.2347,259.02,55.82,0
73.5,0.1548,0.1615,0.2891,392.94,64.45,0
55.76,0.2051,0.1409,0.2924,286.66,57.49,0
70.2,0.1781,0.1509,0.2671,361.46,64.56,0
36.2,0.1798,0.152,0.1981,216.13,54.91,0
39.85,0.158,0.1258,0.2442,227.04,57.25,0
22.65,0.144,0.1411,0.2578,140.61,51.65,0
29.62,0.1358,0.1328,0.2868,169.83,53.95,0
26.03,0.126,0.1197,0.2324,164.06,54.24,0
36.93,0.1527,0.1364,0.1849,183.8,52.55,0
47.5,0.1691,0.1497,0.2494,241.03,58.1,0
43.77,0.1801,0.1393,0.2608,239.84,56.7,0
49.6,0.1586,0.1578,0.2295,271.17,58.29,0
29.6,0.1607,0.1413,0.2573,179.37,53.91,0
68.61,0.1728,0.1771,0.2594,342.24,65.63,0
40.03,0.136,0.1341,0.2489,214.17,55.6,0
68.33,0.1923,0.142,0.3173,345.28,60.55,0
42.05,0.1967,0.1748,0.2398,231.45,54.69,0
43.4,0.1774,0.1148,0.2187,241.42,56.43,0
41.51,0.1441,0.1475,0.2704,220.29,54.9,0
42.38,0.1617,0.6677,0.2457,229.17,85.71,1
60.25,0.1897,0.1476,0.2877,291.51,56.58,0
44.66,0.1503,0.1603,0.2358,244.64,56.57,0
47.13,0.1715,0.1451,0.2023,224.67,55.89,0
49.08,0.1341,0.1315,0.26,246.86,55.51,0
77.07,0.1455,0.14,0.3001,378.38,66.67,0
27.67,0.1322,0.1398,0.1785,154.83,51.32,0
74.49,0.199,0.1479,0.349,356.01,62.86,0
57.8,0.2067,0.1594,0.293,302.11,60.47,0
32.86,0.1145,0.12,0.2066,171.18,53.21,0
75.5,0.2064,0.1516,0.3325,405.64,64.75,0
38.02,0.1499,0.1439,0.1568,205.57,56.85,0
49.33,0.1686,0.1325,0.2895,264.97,56.9,0
30.79,0.1412,0.137,0.214,174.79,51.45,0
34.52,0.1286,0.1336,0.2113,195.89,54.02,0
74.5,0.1749,0.1752,0.283,399.34,65.29,0
39.31,0.1479,0.1092,0.2219,213.16,55.2,0
64.18,0.1743,0.138,0.2968,331.8,58.97,0
62.15,0.2019,0.1634,0.2956,295.4,61.02,0
22.36,0.1376,0.1061,0.1624,144.96,50.05,0
26.65,0.1629,0.1314,0.2267,159.06,52.09,0
46.47,0.4501,0.1447,0.9953,250.26,56.39,1
52.55,0.139,0.1503,0.2877,266.15,59.63,0
69.69,0.1783,0.154,0.27,358.09,60.48,0
39.63,0.1466,0.1261,0.2195,217.64,52.86,0
42.18,0.1535,0.1622,0.2588,195.32,55.46,0
24.29,0.1364,0.0883,0.1924,142.04,50.42,0
54.42,0.1664,0.1238,0.2954,294.17,61.66,0
52.28,0.2021,0.1621,0.2356,296.14,59.65,0
72.27,0.2024,0.153,0.2837,369.43,64.85,0
25.02,0.1544,0.1271,0.2643,153.23,51.49,0
32.75,0.1898,0.1119,0.2057,176.18,54.03,0
53.5,0.1289,0.094,0.2783,287.95,59.1,0
33.72,0.1604,0.1077,0.246,197.7,53.87,0
21.37,0.1229,0.1312,0.2264,421.88,50.11,1
69.7,0.1806,0.1383,0.2771,377.44,61.93,0
60.32,0.1779,0.1576,0.3303,305.74,62.78,0
36.35,0.1341,0.1279,0.2516,206.28,54.83,0
35.27,0.132,0.1181,0.2163,195.18,51.6,0
68.87,0.1924,0.1698,0.2652,357.66,60.0,0
40.13,0.1738,0.1103,0.2159,233.53,54.88,0
67.65,0.1636,0.1505,0.3051,337.51,60.03,0
48.25,0.1354,0.1686,0.2762,241.23,59.24,0
29.88,0.1148,0.1257,0.2247,230.56,50.97,0
38.45,0.4775,0.1441,0.7516,207.08,53.63,1
37.43,0.1511,0.1303,0.1737,184.4,54.75,0
23.35,0.1518,0.116,0.18,115.67,52.9,0
40.82,0.6061,0.1513,0.7462,219.5,55.34,1
54.2,0.1431,0.0914,0.2495,285.91,58.87,0
69.07,0.2088,0.1423,0.2601,343.34,61.71,0
77.98,0.2124,0.1649,0.3069,411.81,65.69,0
30.72,0.1607,0.1377,0.2418,156.15,48.58,0
62.3,0.1809,0.1279,0.2504,338.07,62.13,0
56.53,0.1589,0.166,0.2826,308.48,59.66,0
56.58,0.1647,0.142,0.2999,322.46,58.61,0
77.47,0.161,0.1619,0.3319,396.18,64.23,0
30.0,0.1339,0.1639,0.2218,148.1,51.36,0
23.28,0.1358,0.1329,0.2195,139.01,50.84,0
24.12,0.1301,0.1204,0.1829,138.97,50.94,0
65.09,0.2021,0.1628,0.265,332.03,61.89,0
36.53,0.1645,0.1174,0.2987,210.79,53.3,0
51.8,0.1896,0.1446,0.2292,276.9,57.66,0
68.84,0.195,0.1912,0.2221,347.23,62.87,0
54.47,0.1337,0.1838,0.2983,288.16,55.59,0
69.18,0.1855,0.1212,0.2675,350.53,63.19,0
37.93,0.1493,0.1379,0.2421,182.99,51.44,0
28.07,0.1077,0.0987,0.1712,150.55,50.15,0
48.31,0.1613,0.1169,0.2495,263.55,58.45,0
57.26,0.1659,0.7476,0.2729,273.4,97.11,1
30.65,0.1821,0.1364,0.2348,173.63,53.59,0
60.83,0.4437,0.1263,0.7203,307.51,60.23,1
53.82,0.1583,0.157,0.2525,281.56,59.72,0
73.95,0.1545,0.172,0.2778,382.19,65.37,0
32.79,0.157,0.114,0.2326,203.12,52.78,0
71.74,0.2039,0.1922,0.2984,358.05,57.92,0
49.43,0.1595,0.1426,0.263,261.99,58.2,0
34.82,0.1637,0.1235,0.1946,185.12,52.33,0
76.59,0.1736,0.2174,0.3475,395.31,65.19,0
25.47,0.1712,0.1345,0.2764,170.13,51.2,0
73.99,0.1715,0.1526,0.372,379.16,64.62,0
46.97,0.1418,0.1368,0.277,251.82,55.83,0
77.66,0.1782,0.1516,0.2736,379.55,67.37,0
45.52,0.1625,0.1207,0.2691,242.17,53.76,0
53.81,0.1434,0.1554,0.2476,271.17,58.44,0
64.23,0.1842,0.1626,0.3132,303.03,62.65,0
68.21,0.1833,0.1898,0.3012,354.66,63.33,0
20.36,0.1567,0.105,0.1927,124.91,49.59,0
29.79,0.1495,0.148,0.246,168.84,50.98,0
40.96,0.1601,0.1113,0.2888,225.28,56.01,0
46.33,0.1377,0.1394,0.2156,214.39,56.92,0
50.36,0.2008,0.1507,0.2373,256.73,58.51,0
49.86,0.134,0.1461,0.2872,267.62,56.22,0
57.82,0.1732,0.1472,0.2539,296.06,59.07,0
23.67,0.1558,0.1043,0.1414,146.52,50.84,0
30.5,0.1562,0.1057,0.1829,159.95,51.07,0
45.24,0.17,0.1201,0.291,243.83,59.87,0
59.39,0.1946,0.1421,0.3023,338.22,60.29,0
33.54,0.1774,0.1323,0.2077,167.96,52.59,0
47.86,0.1764,0.1279,0.2261,267.75,54.38,0
48.51,0.1755,0.1398,0.2801,262.41,55.98,0
38.9,0.1613,0.1144,0.1916,201.44,53.24,0
26.06,0.122,0.1353,0.2552,174.41,51.68,0
62.88,0.2054,0.1607,0.2839,305.51,61.87,0
21.23,0.1167,0.1293,0.1927,130.15,50.19,0
21.83,0.1524,0.1207,0.2372,121.7,51.88,0
55.18,0.1561,0.175,0.2661,251.55,58.64,0
41.16,0.1621,0.1179,0.2239,207.67,55.04,0
24.97,0.1364,0.1279,0.2186,150.8,51.6,0
68.06,0.1693,0.1519,0.33,352.11,60.9,0
24.4,0.1401,0.1151,0.1745,154.39,50.62,0
29.24,0.1369,0.1525,0.1809,144.01,53.23,0
48.48,0.1803,0.146,0.2757,283.41,54.99,0
34.62,0.1607,0.1078,0.2826,182.69,52.16,0
34.3,0.1731,0.0996,0.2282,200.34,52.08,0
45.84,0.131,0.1333,0.3043,272.13,55.97,0
29.17,0.1255,0.1166,0.2074,151.51,52.06,0
38.93,0.1436,0.1244,0.2025,214.75,51.98,0
40.67,0.1747,0.1241,0.2766,223.77,55.82,0
75.59,0.1803,0.14,0.2725,373.94,63.58,0
58.72,0.1741,0.1479,0.2477,301.06,60.2,0
75.38,0.1625,0.1925,0.3205,383.17,63.91,0
72.81,0.193,0.159,0.2751,360.31,63.13,0
36.35,0.1678,0.1192,0.2682,203.18,53.56,0
55.17,0.2188,0.1399,0.2454,267.15,60.99,0
49.42,0.1762,0.145,0.279,270.04,56.63,0
68.59,0.2172,0.1823,0.3305,346.71,62.62,0
58.24,0.1658,0.1255,0.2741,321.13,60.12,0
33.23,0.1312,0.103,0.2111,177.7,51.36,0
73.81,0.2074,0.182,0.2568,388.82,62.85,0
52.66,0.1787,0.1621,0.2997,273.51,57.39,0
47.24,0.1903,0.125,0.2265,249.91,57.81,0
20.74,0.14,0.1314,0.1598,142.22,49.01,0
23.71,0.1609,0.1255,0.2576,112.18,48.98,0
47.95,0.1802,0.1353,0.2248,242.92,54.6,0
42.15,0.1635,0.5481,0.3194,241.15,108.06,1
24.85,0.144,0.1306,0.1885,151.77,51.05,0
68.9,0.1963,0.2042,0.2991,341.79,62.98,0
36.65,0.1233,0.1487,0.2381,200.58,56.22,0
41.07,0.1808,0.1463,0.2466,198.33,54.55,0
65.4,0.2109,0.1673,0.3215,654.86,63.76,1
28.22,0.1377,0.0994,0.1838,145.11,53.71,0
38.94,0.1725,0.1404,0.2679,192.54,54.7,0
22.22,0.1076,0.1041,0.1936,121.86,50.9,0
49.65,0.1576,0.1013,0.2862,255.94,55.23,0
63.43,0.1606,0.1757,0.2844,321.47,59.91,0
71.04,0.157,0.1412,0.3508,360.45,63.19,0
75.18,0.1816,0.1263,0.2787,399.02,62.6,0
67.67,0.2055,0.1446,0.3245,356.64,59.61,0
32.93,0.1631,0.0946,0.2145,171.45,52.66,0
40.55,0.1678,0.1728,0.2316,207.33,53.03,0
23.82,0.1433,0.152,0.2073,108.64,51.34,0
69.62,0.1712,0.1508,0.3376,365.27,61.67,0
43.94,0.1729,0.1377,0.2954,223.94,55.04,0
64.46,0.2199,0.1489,0.2934,334.51,59.68,0
33.07,0.138,0.1283,0.2011,168.12,54.54,0
20.05,0.1735,0.1049,0.2588,109.52,47.33,0
69.87,0.1801,0.1539,0.3117,386.64,63.43,0
25.61,0.1431,0.0914,0.1998,156.68,50.11,0
53.38,0.167,0.1279,0.2602,274.0,59.26,0
72.16,0.1892,0.1868,0.2674,366.16,64.07,0
58.03,0.1869,0.1829,0.239,309.62,58.25,0
29.88,0.1211,0.1233,0.2488,165.67,52.09,0
72.81,0.1823,0.1658,0.2579,357.68,60.35,0
45.76,0.1858,0.1382,0.2388,206.41,60.3,0
43.24,0.1444,0.1011,0.2455,216.66,55.78,0
28.95,0.1719,0.1161,0.2807,152.43,54.61,0
71.91,0.1743,0.1408,0.2968,349.57,62.56,0
63.16,0.1752,0.1513,0.2811,313.04,61.62,0
20.09,0.1343,0.1105,0.2317,143.03,53.33,0
59.25,0.1882,0.1137,0.2609,304.39,61.27,0
68.49,0.2081,0.1468,0.254,362.12,61.08,0
65.4,0.1926,0.1114,0.2675,323.76,60.65,0
53.97,0.1812,0.1399,0.2685,279.13,59.51,0
66.43,0.1661,0.145,0.2674,342.77,59.22,0
30.77,0.1582,0.1061,0.2354,166.25,53.67,0
22.14,0.2018,0.1196,0.3006,164.17,50.67,0
68.78,0.1973,0.1371,0.257,361.57,61.13,0
68.71,0.2126,0.1433,0.2762,338.95,61.85,0
36.93,0.1616,0.088,0.2072,208.98,54.78,0
66.18,0.1947,0.1793,0.3273,326.2,62.33,0
71.42,0.1682,0.1687,0.287,368.4,61.34,0
46.3,0.1665,0.1338,0.2462,243.3,55.25,0
54.44,0.15,0.1515,0.2666,272.5,56.77,0
25.1,0.1173,0.1555,0.2093,139.03,52.31,0
23.51,0.137,0.1209,0.1945,124.19,47.91,0
52.56,0.1751,0.1043,0.287,301.92,58.54,0
33.92,0.1791,0.1651,0.206,182.38,50.54,0
58.96,0.1847,0.1326,0.3277,283.8,57.41,0
42.28,0.159,0.1241,0.2178,227.29,53.23,0
72.79,0.2292,0.1661,0.2717,341.23,64.59,0
32.37,0.1656,0.1022,0.2502,183.43,54.33,0
21.94,0.1088,0.1385,0.2387,136.91,52.28,0
77.43,0.1925,0.1617,0.2968,406.88,63.1,0
28.3,0.1476,0.1225,0.2504,189.81,53.61,0
50.74,0.1544,0.1396,0.2197,267.06,57.41,0
29.89,0.1446,0.1319,0.197,198.87,54.68,0
64.01,0.1725,0.1781,0.3024,312.05,60.71,0
53.65,0.162,0.1208,0.2826,297.92,59.56,0
50.42,0.1885,0.1382,0.2631,266.86,60.26,0
27.47,0.1313,0.103,0.2665,153.02,51.03,0
26.29,0.1554,0.1151,0.2198,129.9,52.01,0
46.99,0.1914,0.14,0.1873,275.25,58.44,0
35.7,0.1595,0.1208,0.3148,196.43,55.45,0
77.54,0.185,0.1864,0.319,387.54,63.53,0
70.3,0.1617,0.1779,0.285,348.38,61.66,0
35.52,0.1991,0.0983,0.2516,232.92,52.44,0
20.98,0.1585,0.1163,0.1863,135.62,47.77,0
32.14,0.1469,0.1154,0.2715,183.08,53.26,0
52.93,0.1725,0.1328,0.2416,271.14,58.79,0
61.47,0.1479,0.1653,0.2742,309.03,62.26,0
25.78,0.1169,0.1015,0.2082,149.22,51.76,0
72.7,0.184,0.1647,0.2958,367.61,64.63,0
58.11,0.1725,0.1454,0.2368,294.67,59.88,0
35.81,0.1773,0.1398,0.2053,187.09,55.7,0
21.23,0.126,0.1435,0.2004,155.95,49.17,0
75.43,0.1938,0.1904,0.2884,382.71,61.88,0
35.55,0.1336,0.1411,0.2353,395.48,55.0,1
20.58,0.1425,0.1408,0.1984,133.95,48.63,0
62.71,0.1923,0.1236,0.2508,313.03,61.44,0
40.05,0.172,0.119,0.2763,223.17,51.91,0
66.6,0.2135,0.1557,0.2681,329.65,62.19,0
69.39,0.1538,0.1272,0.3502,344.09,63.96,0
38.74,0.1414,0.1156,0.2379,218.68,52.9,0
31.61,0.1523,0.1319,0.2447,192.37,55.95,0
56.32,0.1883,0.1694,0.2352,291.22,63.28,0
52.75,0.1951,0.1534,0.2913,242.16,57.89,0
71.19,0.2112,0.148,0.2825,370.59,63.82,0
23.44,0.1198,0.1304,0.2348,160.91,49.04,0
53.03,0.1777,0.1222,0.2543,457.83,58.06,1
56.35,0.1423,0.1543,0.2727,295.46,60.17,0
56.76,0.1738,0.1503,0.2646,306.67,61.02,0
21.71,0.16,0.0706,0.2013,115.96,48.71,0
77.43,0.2051,0.1189,0.3114,380.84,62.68,0
68.03,0.2008,0.1455,0.3289,363.43,61.41,0
53.07,0.2011,0.1409,0.3057,272.34,58.72,0
76.39,0.234,0.1337,0.3078,367.04,64.18,0
37.49,0.1336,0.1345,0.2393,203.94,55.0,0
62.56,0.2061,0.1667,0.2719,301.57,61.79,0
57.67,0.1995,0.1421,0.2889,301.87,62.37,0
24.31,0.1369,0.126,0.1913,125.91,50.06,0
35.8,0.1637,0.1256,0.2407,181.53,56.16,0
60.35,0.189,0.1251,0.2874,309.97,61.43,0
76.02,0.5444,0.1722,0.7203,379.35,63.38,1
26.26,0.1431,0.1118,0.2291,160.82,51.31,0
63.4,0.1891,0.1689,0.3168,341.75,60.61,0
46.05,0.1622,0.1453,0.2228,227.7,55.96,0
22.68,0.1546,0.0965,0.1952,137.22,51.16,0
52.8,0.1868,0.1135,0.2787,280.86,57.16,0
24.37,0.1528,0.1287,0.2009,157.25,51.24,0
58.51,0.1691,0.1376,0.303,283.9,60.79,0
63.4,0.1818,0.1427,0.2783,334.67,60.93,0
43.5,0.1501,0.1383,0.2422,251.92,55.96,0
65.98,0.202,0.1354,0.2318,330.39,59.67,0
37.98,0.1707,0.0984,0.2661,206.08,55.0,0
58.03,0.1832,0.1779,0.2524,299.61,58.7,0
73.84,0.1602,0.1652,0.2583,369.47,64.23,0
28.69,0.1319,0.1145,0.2139,175.25,49.97,0
63.46,0.1819,0.1077,0.2634,328.58,60.21,0
55.25,0.1733,0.0978,0.2113,278.18,57.81,0
57.07,0.1384,0.1275,0.2869,272.51,60.55,0
27.83,0.1411,0.1222,0.2496,168.52,51.78,0
44.73,0.1448,0.1487,0.3157,234.07,55.15,0
74.72,0.2201,0.1631,0.3434,391.89,66.17,0
31.63,0.1577,0.1332,0.2629,201.67,53.91,0
28.07,0.1374,0.1001,0.2327,171.24,49.15,0
74.17,0.2019,0.1518,0.3333,390.42,66.03,0
32.14,0.16,0.101,0.2252,184.2,54.39,0
42.03,0.1697,0.1278,0.2387,224.56,52.85,0
76.59,0.2147,0.1634,0.3295,371.61,66.08,0
34.18,0.1669,0.1526,0.2431,187.49,49.76,0
41.53,0.1836,0.1163,0.2348,224.76,53.29,0
56.54,0.1571,0.147,0.3366,514.61,55.06,1
23.05,0.1385,0.1162,0.1574,119.26,53.9,0
63.1,0.1943,0.1424,0.2787,314.55,62.15,0
44.52,0.151,0.168,0.2641,228.35,57.68,0
69.15,0.2094,0.1485,0.3238,356.04,61.81,0
31.89,0.1554,0.1329,0.2524,198.82,55.67,0
43.87,0.1685,0.1287,0.26,236.07,52.01,0
65.26,0.1924,0.1417,0.3043,340.04,61.43,0
54.78,0.1285,0.1677,0.2348,283.63,57.71,0
60.27,0.1408,0.1671,0.2614,303.21,58.68,0
35.74,0.1611,0.1186,0.2313,197.63,54.04,0
47.98,0.1574,0.1121,0.2446,229.84,57.52,0
67.79,0.1648,0.1897,0.3202,342.74,60.62,0
66.21,0.1879,0.1425,0.3146,336.2,60.35,0
46.97,0.1425,0.1226,0.2813,224.52,58.72,0
28.98,0.4914,0.1279,0.8313,170.76,50.23,1
66.12,0.1922,0.1274,0.293,344.4,60.87,0
21.0,0.1037,0.1275,0.2369,113.59,52.15,0
43.53,0.1716,0.1335,0.2449,231.38,59.54,0
77.34,0.1799,0.1651,0.2992,386.16,66.52,0
48.13,0.1683,0.1048,0.262,234.67,59.03,0
69.85,0.2042,0.1461,0.2874,326.82,63.49,0
65.18,0.2129,0.1334,0.2756,348.94,59.49,0
54.15,0.1259,0.1198,0.2469,259.22,58.75,0
47.09,0.1664,0.1095,0.2254,244.94,54.52,0
21.99,0.172,0.1145,0.1995,128.66,49.02,0
25.04,0.1322,0.1222,0.211,141.62,52.58,0
57.34,0.1611,0.1612,0.2609,533.47,61.58,1
21.21,0.156,0.1036,0.1936,126.13,52.58,0
57.38,0.1402,0.1673,0.2977,280.35,61.34,0
60.51,0.1728,0.146,0.2804,317.29,60.98,0
37.16,0.1269,0.1593,0.2684,224.5,53.1,0
72.62,0.196,0.1529,0.343,361.37,62.24,0
57.39,0.1638,0.1382,0.2418,319.68,60.76,0
31.9,0.1608,0.1522,0.2249,177.78,54.76,0
52.79,0.159,0.1174,0.2895,274.19,57.63,0
55.96,0.1926,0.1543,0.2338,285.97,60.83,0
55.7,0.1794,0.1494,0.2744,292.67,59.5,0
26.36,0.1764,0.1225,0.2194,146.15,49.14,0
47.53,0.191,0.1228,0.2646,272.94,57.13,0
48.43,0.1774,0.1267,0.1876,264.08,58.78,0
48.87,0.2002,0.1362,0.3255,267.76,55.76,0
70.28,0.1534,0.1704,0.2901,343.87,60.3,0
57.73,0.1913,0.154,0.2286,298.37,60.21,0
67.9,0.4328,0.0995,1.0607,343.48,58.39,1
55.26,0.202,0.1558,0.2585,281.06,59.56,0
53.45,0.1764,0.1452,0.215,238.65,55.22,0
65.14,0.1831,0.1786,0.3321,335.34,60.44,0
70.7,0.1815,0.1415,0.3033,366.63,61.29,0
63.0,0.2003,0.1475,0.2725,339.57,61.1,0
28.93,0.1556,0.108,0.2249,154.08,50.62,0
27.58,0.1211,0.1433,0.2303,152.4,49.97,0
75.87,0.1901,0.1703,0.2676,375.23,65.5,0
60.72,0.1919,0.1295,0.2939,324.77,59.09,0
49.81,0.1758,0.1717,0.2589,280.68,54.73,0
69.75,0.2103,0.1354,0.2649,351.21,62.28,0
28.25,0.1527,0.1187,0.2975,143.3,52.07,0
52.55,0.1792,0.1803,0.2409,272.64,58.89,0
32.07,0.1418,0.121,0.2573,190.78,54.13,0
50.51,0.191,0.1342,0.2841,255.03,58.11,0
74.57,0.195,0.1567,0.2931,389.82,64.78,0
64.3,0.1915,0.1347,0.2964,326.31,63.63,0
69.25,0.2112,0.168,0.2949,344.91,64.08,0
67.04,0.1666,0.1418,0.2596,341.12,63.02,0
33.33,0.1779,0.1102,0.2477,413.02,55.6,1
37.53,0.1489,0.1376,0.2219,202.04,57.87,0
31.95,0.125,0.1173,0.2083,200.86,53.08,0
74.35,0.227,0.1473,0.2913,352.12,64.65,0
53.92,0.1533,0.1265,0.2868,260.05,58.86,0
53.66,0.1991,0.1491,0.2752,247.49,57.9,0
34.57,0.1669,0.1323,0.2554,182.77,53.4,0
27.12,0.1136,0.0928,0.2999,194.49,51.85,0
50.65,0.1712,0.1125,0.2555,278.31,56.59,0
68.75,0.1751,0.161,0.2999,356.63,63.92,0
35.73,0.1629,0.1262,0.2379,185.9,53.39,0
52.6,0.1726,0.1252,0.2537,276.16,57.98,0
29.83,0.1615,0.1562,0.2241,164.4,54.19,0
37.59,0.1883,0.1204,0.2123,209.67,55.91,0
63.62,0.1712,0.1973,0.2758,302.48,61.96,0
44.49,0.1669,0.1392,0.2284,254.75,55.17,0
42.34,0.1195,0.1493,0.1986,201.09,57.28,0
30.2,0.1311,0.1365,0.2243,186.28,51.42,0
53.97,0.1721,0.1594,0.212,281.93,59.94,0
76.77,0.1752,0.1461,0.327,392.66,63.21,0
32.63,0.183,0.1329,0.222,168.42,52.81,0
36.91,0.1871,0.1616,0.2415,213.84,54.42,0
61.58,0.1771,0.1446,0.2507,307.13,60.55,0
73.11,0.2078,0.1727,0.3077,383.65,63.38,0
47.79,0.188,0.1513,0.2314,258.42,57.93,0
61.64,0.1915,0.1757,0.2803,291.38,61.56,0
26.63,0.1617,0.0998,0.1927,154.35,48.67,0
45.32,0.1663,0.124,0.233,253.78,57.3,0
23.07,0.1301,0.1158,0.2226,143.47,49.48,0
48.77,0.1764,0.1305,0.2775,256.18,56.88,0
51.26,0.1714,0.1488,0.2125,280.33,57.0,0
37.11,0.1528,0.1003,0.2438,198.52,53.31,0
47.49,0.1806,0.1574,0.2463,236.0,55.93,0
39.96,0.1705,0.1276,0.2224,219.43,56.43,0
71.93,0.175,0.17,0.3348,344.05,64.44,0
70.66,0.1668,0.1572,0.309,365.43,63.81,0
42.39,0.1402,0.1351,0.2603,209.65,57.14,0
23.3,0.1669,0.1217,0.1789,157.04,53.02,0
32.57,0.1528,0.126,0.272,174.08,52.37,0
34.5,0.1382,0.1124,0.2348,206.16,53.85,0
63.62,0.1979,0.1573,0.2533,318.63,59.44,0
74.68,0.2061,0.1219,0.2823,381.28,65.54,0
73.83,0.1877,0.1691,0.3449,385.6,64.31,0
67.7,0.1769,0.154,0.3311,362.6,63.21,0
57.47,0.1822,0.143,0.3137,290.39,58.28,0
36.54,0.1337,0.1091,0.2224,201.76,51.42,0
70.4,0.1803,0.1316,0.2974,343.38,63.95,0
68.36,0.1832,0.1876,0.2533,369.98,60.1,0
43.48,0.1073,0.0972,0.2488,241.34,55.55,0
43.5,0.1702,0.0895,0.2129,248.81,55.93,0
35.66,0.1555,0.1387,0.2525,178.73,54.54,0
66.71,0.1703,0.1422,0.3034,327.67,62.89,0
43.92,0.1487,0.1212,0.2247,232.68,55.66,0
64.1,0.1975,0.5566,0.2779,340.38,107.09,1
43.98,0.1684,0.4984,0.2308,232.43,85.83,1
41.75,0.1445,0.1564,0.2132,221.19,56.31,0
32.46,0.1606,0.1156,0.2711,176.35,52.76,0
48.31,0.205,0.109,0.2275,263.3,56.2,0
60.29,0.1771,0.1633,0.2832,322.08,60.34,0
65.2,0.1738,0.1448,0.3179,332.52,62.38,0
34.68,0.1781,0.1618,0.2179,208.93,54.45,0
53.84,0.1732,0.1542,0.2535,277.57,56.74,0
47.76,0.1586,0.1518,0.2743,271.85,56.21,0
52.49,0.2121,0.1351,0.3078,278.31,58.48,0
23.93,0.1572,0.1172,0.1866,148.42,48.02,0
62.29,0.1736,0.1314,0.296,292.57,57.89,0
25.66,0.1542,0.1133,0.2283,157.33,53.08,0
67.07,0.1898,0.1385,0.3118,350.43,61.74,0
26.74,0.1534,0.1296,0.2137,141.91,52.1,0
35.79,0.1561,0.1317,0.2648,193.25,53.6,0
62.63,0.213,0.1285,0.3502,328.18,60.5,0
62.3,0.1695,0.14,0.2997,323.83,60.29,0
77.01,0.1647,0.1434,0.2737,372.62,62.2,0
53.1,0.1678,0.1356,0.2706,267.26,57.62,0
22.07,0.1057,0.1057,0.2488,125.67,52.68,0
67.52,0.2035,0.1294,0.2706,328.25,62.31,0
49.03,0.1763,0.1562,0.238,287.35,57.79,0
66.76,0.1394,0.1188,0.2882,359.99,62.54,0
67.85,0.1615,0.1651,0.2892,358.55,63.93,0
70.4,0.209,0.181,0.3704,385.06,62.08,0
74.01,0.1874,0.5435,0.3001,365.33,110.35,1
59.66,0.1831,0.169,0.2594,291.47,60.0,0
24.51,0.1346,0.1067,0.2451,139.64,49.91,0
53.0,0.1686,0.1069,0.222,284.98,60.52,0
25.7,0.1622,0.1526,0.2263,144.58,54.17,0
69.5,0.2041,0.1518,0.275,359.65,63.26,0
50.42,0.1605,0.129,0.2691,253.31,60.06,0
67.34,0.1646,0.154,0.26,330.38,61.27,0
29.11,0.1269,0.1094,0.2488,169.43,53.0,0
45.79,0.1615,0.1357,0.2823,248.99,56.98,0
38.2,0.1602,0.1378,0.2465,220.43,54.36,0
36.17,0.1769,0.118,0.1905,199.71,53.83,0
30.45,0.1533,0.1415,0.275,192.74,53.2,0
60.38,0.1829,0.1203,0.2699,319.85,60.94,0
24.4,0.1451,0.1435,0.233,159.94,52.33,0
51.49,0.1611,0.1099,0.2796,276.03,56.87,0
74.52,0.1755,0.1368,0.2948,385.39,65.41,0
44.88,0.1626,0.137,0.2529,254.16,53.34,0
52.01,0.1784,0.1159,0.2413,292.98,56.44,0
47.19,0.1653,0.1406,0.2207,235.75,56.35,0
45.06,0.1441,0.0812,0.2269,241.51,58.82,0
51.44,0.1517,0.148,0.2729,289.49,60.46,0
28.87,0.1248,0.111,0.2627,165.37,52.74,0
40.52,0.1954,0.1387,0.2558,210.05,55.52,0
36.27,0.1601,0.1846,0.2893,235.55,53.66,0
24.35,0.1446,0.1148,0.2422,121.45,50.03,0
63.39,0.1836,0.1579,0.2939,306.85,58.54,0
51.96,0.1929,0.1779,0.298,264.12,57.52,0
35.36,0.2003,0.1154,0.2335,211.0,55.44,0
33.22,0.1418,0.1422,0.2574,159.58,53.9,0
29.12,0.1678,0.1425,0.2296,157.19,53.63,0
31.16,0.147,0.1341,0.2401,172.65,48.93,0
24.11,0.4107,0.0884,0.6905,151.94,48.17,1
22.95,0.1386,0.1441,0.1939,147.66,50.78,0
31.36,0.1548,0.1345,0.2164,188.58,52.31,0
38.44,0.1746,0.1267,0.292,201.88,53.31,0
43.66,0.1333,0.1364,0.1705,241.74,56.13,0
50.17,0.1841,0.1438,0.2382,276.78,56.16,0
52.08,0.1876,0.1036,0.3121,273.96,58.14,0
71.82,0.1465,0.1609,0.2664,372.17,62.33,0
55.43,0.1704,0.512,0.2979,299.05,95.19,1
59.52,0.1766,0.1442,0.2592,304.47,56.25,0
43.68,0.1578,0.1185,0.2897,217.8,55.82,0
51.4,0.1672,0.1139,0.2873,266.21,58.96,0
35.15,0.1628,0.151,0.2598,214.71,56.07,0
66.71,0.1652,0.165,0.294,369.2,62.19,0
73.72,0.2068,0.1756,0.3032,372.81,64.14,0
75.8,0.1999,0.1441,0.2681,394.17,64.25,0
73.64,0.1977,0.1645,0.2886,362.36,61.4,0
68.7,0.1887,0.1584,0.2372,351.96,64.29,0
70.14,0.2133,0.1507,0.2749,374.49,62.81,0
65.91,0.2015,0.174,0.3097,322.73,63.86,0
54.74,0.1793,0.1543,0.29,284.69,60.21,0
22.19,0.1465,0.084,0.1654,139.69,48.3,0
33.76,0.168,0.1097,0.2335,180.3,53.62,0
59.22,0.1696,0.1324,0.2959,321.39,58.6,0
45.04,0.1375,0.1244,0.2082,232.69,57.65,0
60.25,0.1951,0.1632,0.3092,305.4,60.21,0
75.65,0.1754,0.1821,0.3057,392.46,60.02,0
73.59,0.1921,0.1654,0.3233,357.24,63.59,0
32.7,0.1729,0.1485,0.2291,205.75,54.64,0
50.97,0.1263,0.1122,0.2391,262.06,58.69,0
51.5,0.1673,0.1308,0.2338,290.2,60.99,0
27.54,0.126,0.0854,0.2185,169.95,52.39,0
51.55,0.1681,0.1547,0.3,254.92,55.88,0
63.13,0.1979,0.1503,0.3329,317.36,57.99,0
52.63,0.1773,0.1425,0.2559,270.32,57.97,0
56.44,0.1544,0.1354,0.3131,294.64,58.97,0
56.15,0.1427,0.1495,0.3053,283.29,58.93,0
31.51,0.1558,0.1309,0.2326,158.36,54.07,0
77.49,0.1648,0.1664,0.3232,380.99,65.93,0
72.71,0.2076,0.1622,0.2726,361.46,64.41,0
74.39,0.2148,0.1932,0.314,388.16,64.94,0
46.23,0.1886,0.1575,0.3102,251.81,57.29,0
44.46,0.1493,0.1403,0.2358,220.49,55.5,0
37.13,0.1286,0.1417,0.2153,209.0,51.41,0
25.84,0.1708,0.129,0.2337,154.08,53.54,0
74.16,0.206,0.179,0.322,361.83,64.24,0
23.05,0.4789,0.131,0.617,131.61,48.38,1
39.22,0.1746,0.1324,0.2006,203.17,57.21,0
20.7,0.14,0.1154,0.1631,110.49,48.13,0
49.21,0.1472,0.1421,0.2161,245.75,55.81,0
72.91,0.2026,0.1385,0.3097,382.03,62.22,0
40.05,0.1631,0.1333,0.2537,198.38,53.99,0
62.77,0.1883,0.126,0.2459,320.07,59.63,0
55.41,0.2245,0.1217,0.2491,261.61,58.73,0
43.11,0.1436,0.1349,0.2225,261.45,55.73,0
62.05,0.1761,0.1297,0.3269,341.43,61.25,0
38.6,0.1282,0.1714,0.2553,210.06,55.22,0
22.15,0.1652,0.1259,0.1909,142.93,52.18,0
27.87,0.1224,0.1535,0.246,154.83,52.15,0
27.39,0.1317,0.1474,0.2576,174.42,50.56,0
23.33,0.1415,0.0558,0.1915,136.3,50.19,0
25.03,0.1545,0.1196,0.1823,152.39,52.0,0
49.65,0.1711,0.1695,0.2638,257.34,57.62,0
77.39,0.2146,0.1665,0.2655,411.76,65.2,0
75.72,0.2177,0.1482,0.288,380.35,63.83,0
60.66,0.1945,0.1205,0.2644,324.43,59.66,0
60.3,0.1912,0.1333,0.2712,339.86,59.69,0
26.04,0.1181,0.0982,0.231,133.59,49.49,0
49.43,0.2038,0.0858,0.2762,280.18,54.98,0
35.33,0.1599,0.1216,0.2703,232.32,54.29,0
38.51,0.1921,0.1343,0.2282,211.68,55.28,0
67.19,0.1954,0.1689,0.2637,327.41,60.56,0
50.68,0.1648,0.1491,0.258,274.26,58.98,0
29.42,0.1478,0.1363,0.1809,177.87,52.66,0
25.83,0.146,0.0906,0.2531,167.1,51.82,0
35.51,0.1652,0.116,0.2416,193.85,52.09,0
65.19,0.1862,0.1192,0.2906,327.89,58.5,0
41.55,0.167,0.1685,0.2011,243.26,58.43,0
61.14,0.1803,0.1535,0.2425,323.56,61.44,0
45.38,0.1506,0.1404,0.2275,257.33,54.96,0
54.05,0.1708,0.1622,0.318,267.43,56.74,0
21.39,0.1378,0.1162,0.2267,105.13,49.44,0
58.19,0.1899,0.1739,0.293,316.96,61.27,0
37.59,0.1623,0.1217,0.2204,206.55,55.7,0
24.51,0.1169,0.1152,0.2448,164.21,49.81,0
51.64,0.4782,0.1503,0.8699,262.08,57.93,1
71.02,0.1897,0.1615,0.291,351.5,63.33,0
68.6,0.2057,0.1573,0.3012,338.08,62.42,0
67.76,0.186,0.1379,0.3242,336.34,62.39,0
21.33,0.151,0.1081,0.2302,122.07,49.23,0
49.98,0.1702,0.159,0.316,235.77,56.46,0
48.91,0.1583,0.1296,0.3099,285.27,56.01,0
30.04,0.1756,0.1374,0.2634,182.03,50.2,0
56.74,0.1569,0.1278,0.2763,290.8,59.15,0
69.91,0.1743,0.166,0.3353,394.77,62.24,0
43.02,0.1477,0.1492,0.2201,255.59,55.65,0
49.43,0.1652,0.1499,0.2041,264.53,58.62,0
61.09,0.208,0.1467,0.2938,320.31,61.55,0
51.28,0.1839,0.1368,0.297,233.22,57.15,0
76.31,0.1901,0.2006,0.2692,378.37,62.47,0
23.25,0.1321,0.1414,0.1872,151.8,50.88,0
46.33,0.1727,0.1381,0.2739,259.7,56.53,0
35.86,0.1025,0.1096,0.243,192.84,54.37,0
63.94,0.2035,0.1723,0.2856,343.51,59.39,0
49.49,0.1643,0.1244,0.2739,255.04,56.84,0
20.75,0.1272,0.1132,0.2493,126.73,51.39,0
64.02,0.1892,0.1332,0.2669,336.51,60.39,0
67.65,0.1847,0.1373,0.2801,352.97,61.72,0
69.28,0.1956,0.1536,0.2975,370.76,61.77,0
25.27,0.148,0.134,0.2021,169.14,50.4,0
77.85,0.2116,0.1614,0.2681,408.63,64.71,0
47.31,0.1561,0.1823,0.2662,254.5,54.71,0
42.53,0.1561,0.1298,0.188,237.2,56.47,0
24.73,0.1252,0.1338,0.2096,155.61,49.72,0
39.24,0.1407,0.0989,0.2328,215.89,56.66,0
51.56,0.1959,0.133,0.2571,287.51,56.1,0
59.27,0.2033,0.1232,0.2266,274.11,62.14,0
21.6,0.1232,0.1256,0.2019,137.63,52.17,0
56.89,0.1677,0.1522,0.2664,274.28,58.6,0
69.24,0.1668,0.1787,0.2948,357.69,60.77,0
23.55,0.1403,0.1423,0.2165,138.22,51.01,0
29.15,0.1613,0.1369,0.2316,165.89,51.63,0
29.68,0.1363,0.1189,0.2041,167.13,53.52,0
74.91,0.1876,0.1779,0.2738,387.71,62.27,0
44.58,0.1406,0.1431,0.2217,228.95,56.42,0
77.32,0.5211,0.1318,1.1241,388.85,63.23,1
76.47,0.2456,0.1724,0.3403,379.5,64.23,0
67.59,0.1977,0.1601,0.2217,336.81,60.58,0
37.61,0.1554,0.1307,0.2773,179.96,53.31,0
66.61,0.1757,0.1677,0.3318,378.97,59.53,0
23.86,0.1543,0.0994,0.1545,134.49,51.06,0
67.55,0.2143,0.1604,0.3219,346.31,61.97,0
48.91,0.1933,0.147,0.2719,255.17,57.35,0
31.0,0.1497,0.1587,0.2404,189.93,54.35,0
45.92,0.1419,0.1245,0.269,241.47,57.87,0
67.53,0.1723,0.1089,0.2409,368.99,60.23,0
43.99,0.1262,0.133,0.2428,215.33,55.06,0
49.57,0.1931,0.1018,0.222,236.79,56.26,0
47.81,0.17,0.1074,0.2617,276.01,58.17,0
21.41,0.1185,0.1181,0.1269,122.92,49.84,0
72.77,0.2118,0.1728,0.3111,356.2,63.57,0
30.39,0.1453,0.1519,0.2444,175.7,53.32,0
47.44,0.171,0.152,0.2682,254.74,56.92,0
74.5,0.1947,0.1393,0.2459,344.03,64.89,0
56.51,0.1941,0.1457,0.2688,291.51,58.0,0
50.62,0.1585,0.12,0.2382,257.07,57.95,0
66.3,0.1781,0.1473,0.2833,332.6,59.15,0
26.52,0.1371,0.1149,0.1772,132.15,53.16,0
24.01,0.1586,0.1305,0.227,146.33,50.21,0
52.71,0.1734,0.1287,0.2076,275.0,58.91,0
24.54,0.1401,0.1479,0.2599,143.49,49.44,0
27.66,0.1836,0.1239,0.219,178.1,51.2,0
52.66,0.1466,0.1299,0.2728,274.28,59.97,0
62.02,0.1842,0.1357,0.3017,535.56,58.56,1
40.53,0.1667,0.1073,0.2487,199.7,56.09,0
65.48,0.2097,0.1416,0.3203,327.06,61.45,0
26.68,0.1336,0.1529,0.2297,128.94,52.72,0
60.21,0.1778,0.1434,0.3242,308.86,59.3,0
39.89,0.1825,0.1233,0.2336,208.84,54.51,0
45.35,0.2029,0.1657,0.2223,224.05,56.62,0
65.7,0.2123,0.1253,0.2952,329.46,61.42,0
66.54,0.1982,0.1779,0.3095,341.7,61.87,0
34.67,0.195,0.1369,0.2087,189.72,53.91,0
58.85,0.1565,0.147,0.2438,290.47,58.89,0
35.97,0.1908,0.1671,0.1777,199.05,52.99,0
25.96,0.1247,0.1369,0.2473,148.03,52.24,0
67.7,0.2143,0.153,0.3015,346.73,63.32,0
54.73,0.4118,0.1255,0.6411,317.76,60.86,1
56.76,0.2074,0.1308,0.2455,295.81,59.54,0
59.44,0.1692,0.1589,0.2764,319.55,60.34,0
66.83,0.1869,0.1437,0.2906,334.08,60.97,0
68.35,0.2047,0.1431,0.331,337.88,63.7,0
27.31,0.1306,0.1009,0.2337,153.34,50.57,0
20.03,0.1594,0.1307,0.216,143.77,51.05,0
47.32,0.1534,0.1527,0.2146,224.19,53.89,0
53.78,0.1708,0.1433,0.2482,284.12,58.24,0
32.71,0.1936,0.1159,0.2663,193.71,55.08,0
25.6,0.1487,0.1217,0.1893,134.16,51.35,0
28.75,0.1392,0.1195,0.2433,178.15,51.38,0
70.2,0.1735,0.1473,0.2851,348.51,60.94,0
32.56,0.1414,0.1061,0.2261,180.98,53.07,0
50.56,0.1358,0.1351,0.2257,237.77,58.1,0
46.57,0.11,0.1448,0.2432,258.61,58.18,0
66.78,0.2024,0.0996,0.2824,379.46,63.29,0
45.88,0.1277,0.1815,0.2047,256.11,58.4,0
30.99,0.1663,0.1358,0.1586,164.32,50.26,0
39.13,0.1307,0.1209,0.2337,223.37,57.05,0
61.85,0.1542,0.1074,0.2509,323.34,59.31,0
61.71,0.1677,0.127,0.2704,312.38,58.21,0
40.63,0.1687,0.6281,0.2178,225.8,98.67,1
69.17,0.2388,0.1694,0.2857,345.78,62.91,0
68.04,0.1909,0.1459,0.2655,336.0,60.85,0
51.41,0.181,0.1537,0.2109,266.38,59.46,0
55.28,0.1852,0.1334,0.2753,282.41,57.14,0
38.59,0.1863,0.116,0.2005,231.97,56.35,0
49.46,0.1801,0.1654,0.2879,272.76,55.81,0
48.9,0.1652,0.138,0.2535,244.45,58.26,0
67.47,0.1651,0.1225,0.3316,332.27,63.47,0
57.95,0.1646,0.1782,0.3239,288.03,61.27,0
55.86,0.1494,0.1559,0.1949,299.74,57.88,0
45.94,0.2154,0.1364,0.2127,246.14,55.25,0
60.86,0.1967,0.1461,0.2669,312.19,60.41,0
55.63,0.1745,0.1398,0.2794,289.89,59.42,0
45.16,0.1491,0.1134,0.2934,438.6,56.49,1
36.25,0.1549,0.1229,0.2762,186.02,53.12,0
70.85,0.2114,0.1674,0.2784,355.01,62.83,0
50.56,0.1964,0.0903,0.2481,253.52,58.56,0
64.7,0.4949,0.1212,0.7721,339.72,61.98,1
40.35,0.1446,0.1029,0.2134,227.49,55.38,0
30.07,0.1365,0.1157,0.1771,145.18,54.81,0
49.9,0.1712,0.1259,0.2441,267.82,56.65,0
64.28,0.1975,0.1599,0.2896,315.96,61.86,0
28.35,0.1129,0.425,0.2613,172.34,85.26,1
73.26,0.2331,0.157,0.281,379.56,64.7,0
75.93,0.1828,0.1495,0.2934,368.82,62.99,0
46.16,0.1793,0.1276,0.2873,243.88,58.39,0
22.5,0.1408,0.1373,0.2286,140.03,52.21,0
39.45,0.1494,0.1478,0.2419,227.97,55.09,0
36.31,0.1573,0.1504,0.2033,222.32,54.47,0
70.14,0.2011,0.1467,0.3035,364.79,61.3,0
67.86,0.1916,0.1877,0.298,359.09,63.63,0
77.51,0.2344,0.1934,0.2989,398.65,63.81,0
54.81,0.1536,0.1187,0.266,302.85,58.12,0
55.49,0.1982,0.1137,0.2218,302.08,60.81,0
60.92,0.1955,0.1782,0.2546,295.07,63.04,0
26.03,0.1579,0.1096,0.2926,146.78,51.98,0
51.88,0.1502,0.1341,0.277,281.57,58.24,0
23.52,0.1472,0.1121,0.2272,145.24,49.91,0
60.22,0.176,0.1524,0.3057,321.77,59.48,0
58.96,0.2042,0.1787,0.2689,316.91,59.58,0
49.42,0.1714,0.1277,0.2767,294.6,61.54,0
67.67,0.1875,0.1458,0.311,347.4,59.28,0
28.0,0.1404,0.4236,0.2844,178.48,93.04,1
63.0,0.1813,0.1643,0.2702,313.77,57.87,0
75.58,0.2078,0.1604,0.3287,381.26,64.11,0
48.53,0.1447,0.14,0.2514,263.84,58.92,0
68.84,0.1871,0.1433,0.2619,357.87,61.07,0
49.04,0.1405,0.1402,0.2704,284.59,57.87,0
28.87,0.5315,0.1078,1.0524,161.99,52.72,1
20.25,0.1638,0.1324,0.192,111.46,51.78,0
41.7,0.1498,0.104,0.2464,207.34,55.42,0
37.16,0.1798,0.1591,0.2578,183.03,53.03,0
28.17,0.183,0.1238,0.2338,138.8,54.27,0
39.66,0.1676,0.1241,0.28,229.6,55.06,0
28.32,0.1508,0.1562,0.2065,145.7,49.3,0
30.92,0.1872,0.1113,0.1989,160.8,51.08,0
60.89,0.1897,0.161,0.3081,328.51,61.51,0
77.2,0.2105,0.1261,0.3074,376.31,67.66,0
27.54,0.1614,0.1128,0.2032,130.48,50.72,0
26.59,0.4408,0.101,0.9918,156.1,53.33,1
60.4,0.1725,0.1386,0.2773,320.69,58.83,0
61.86,0.1245,0.1736,0.3034,302.66,60.0,0
42.74,0.1634,0.131,0.248,245.11,55.7,0
41.07,0.1719,0.1517,0.2355,205.21,53.3,0
65.44,0.1883,0.1764,0.2519,355.84,62.81,0
72.64,0.1537,0.1577,0.316,389.23,63.59,0
52.19,0.1417,0.2031,0.2612,283.45,60.58,0
29.19,0.1408,0.1162,0.2198,186.99,49.48,0
40.1,0.1424,0.1536,0.2479,219.95,53.69,0
75.32,0.1981,0.1773,0.305,363.87,64.47,0
63.49,0.2085,0.159,0.2802,336.92,60.03,0
33.73,0.1837,0.1326,0.2325,207.74,53.84,0
58.07,0.1792,0.1195,0.2739,302.62,59.18,0
37.93,0.172,0.0982,0.2645,207.06,52.7,0
27.38,0.149,0.0819,0.2309,152.18,52.11,0
75.26,0.1934,0.1444,0.2488,375.91,64.47,0
57.11,0.1736,0.1334,0.2677,302.1,61.05,0
56.18,0.1786,0.1735,0.2804,301.08,59.75,0
72.0,0.1938,0.1816,0.3236,360.33,62.94,0
45.31,0.143,0.1311,0.2526,248.14,55.12,0
35.68,0.1422,0.1177,0.2796,208.29,54.94,0
50.42,0.1741,0.2062,0.216,253.58,57.36,0
74.84,0.1711,0.1723,0.2842,389.07,65.28,0
52.23,0.1757,0.1333,0.2783,286.74,59.25,0
40.26,0.1716,0.1202,0.1911,209.37,54.52,0
77.14,0.2086,0.1375,0.2819,379.71,64.83,0
39.03,0.1249,0.1092,0.2361,202.05,55.62,0
57.41,0.1697,0.1278,0.2674,299.59,60.28,0
70.58,0.2236,0.1772,0.3241,365.56,65.96,0
61.41,0.1841,0.1764,0.2962,329.68,60.76,0
49.25,0.162,0.1561,0.2495,244.05,57.16,0
39.37,0.1422,0.1064,0.1912,205.05,52.66,0
39.05,0.1419,0.1354,0.2244,202.58,54.58,0
46.16,0.1293,0.1406,0.2653,263.44,56.39,0
49.85,0.2036,0.1377,0.2649,266.5,57.06,0
35.19,0.1201,0.1153,0.2366,202.3,53.89,0
38.38,0.1793,0.0929,0.2695,228.67,54.51,0
62.64,0.2038,0.1484,0.3089,315.93,61.58,0
31.67,0.1726,0.1292,0.2465,147.96,51.28,0
58.39,0.156,0.1239,0.3275,310.45,60.73,0
53.11,0.1482,0.1143,0.2223,265.16,60.84,0
61.76,0.207,0.1287,0.2681,325.98,61.01,0
42.69,0.1656,0.1808,0.2063,241.32,56.1,0
52.63,0.1714,0.1592,0.2925,273.92,58.33,0
62.05,0.1989,0.1584,0.2791,356.26,60.28,0
74.82,0.1736,0.1807,0.2847,380.3,62.46,0
26.59,0.1697,0.1593,0.222,159.82,53.09,0
27.53,0.1481,0.1155,0.1825,145.03,51.11,0
29.48,0.1454,0.1392,0.2793,172.22,52.87,0
42.85,0.1428,0.1402,0.2814,222.83,54.63,0
45.15,0.159,0.1286,0.184,228.28,54.72,0
52.92,0.1701,0.1565,0.2855,249.74,56.31,0
34.89,0.1472,0.1127,0.2328,166.83,54.31,0
68.49,0.186,0.1625,0.2937,349.77,62.95,0
21.3,0.1298,0.114,0.2418,135.92,51.11,0
76.58,0.1779,0.1285,0.2879,390.21,64.89,0
71.37,0.2133,0.1619,0.3346,368.93,62.24,0
37.85,0.2018,0.1266,0.2155,190.27,53.67,0
54.37,0.2092,0.1272,0.2512,291.0,58.99,0
59.35,0.1684,0.1404,0.2973,317.51,61.53,0
31.41,0.1337,0.138,0.254,180.42,52.25,0
77.95,0.214,0.1556,0.2552,387.32,64.86,0
30.22,0.1293,0.1337,0.2397,172.21,55.16,0
24.75,0.1507,0.1003,0.2425,137.41,50.72,0
62.81,0.1599,0.1509,0.2858,314.61,59.62,0
67.34,0.1728,0.1791,0.2558,337.52,62.37,0
29.78,0.1503,0.1051,0.2421,165.74,53.24,0
29.66,0.1233,0.1401,0.1708,149.37,51.42,0
33.11,0.1456,0.1211,0.2262,168.78,54.49,0
54.72,0.2045,0.1551,0.2557,316.71,59.39,0
52.05,0.1759,0.1584,0.2335,280.27,57.62,0
53.18,0.1799,0.1378,0.2669,266.86,58.41,0
23.81,0.191,0.1355,0.2107,132.34,48.28,0
60.25,0.1853,0.112,0.3078,304.68,60.67,0
37.11,0.1518,0.1372,0.1937,184.91,53.73,0
46.35,0.1503,0.1212,0.2687,247.9,56.23,0
30.57,0.1896,0.1305,0.2201,193.84,53.95,0
49.69,0.1601,0.1477,0.3157,256.89,54.18,0
35.25,0.1595,0.1077,0.1765,207.87,53.28,0
55.79,0.2004,0.1814,0.2473,326.0,58.51,0
31.81,0.1296,0.0824,0.2202,182.35,53.07,0
24.68,0.1597,0.0919,0.1785,146.22,54.72,0
68.26,0.1799,0.172,0.2828,356.54,61.93,0
46.93,0.1305,0.1546,0.2801,250.09,57.43,0
34.55,0.1347,0.1211,0.2408,183.7,51.25,0
71.75,0.2209,0.1756,0.3135,623.83,63.81,1
59.61,0.1848,0.1538,0.2656,301.75,62.44,0
53.32,0.1627,0.1129,0.2552,270.48,58.18,0
39.61,0.1545,0.1588,0.186,205.66,56.61,0
56.2,0.1458,0.1418,0.2519,298.81,58.18,0
23.0,0.1465,0.1223,0.2313,114.97,47.92,0
73.67,0.1731,0.139,0.2948,362.48,64.05,0
50.73,0.1799,0.1651,0.3132,244.79,57.38,0
63.49,0.1788,0.1554,0.2867,331.89,61.26,0
76.56,0.191,0.1819,0.3557,395.38,64.22,0
28.65,0.1724,0.1339,0.2196,130.47,52.58,0
34.33,0.1713,0.1201,0.2354,207.4,51.68,0
31.97,0.157,0.1313,0.2315,188.3,53.14,0
21.56,0.141,0.0957,0.2142,118.62,50.38,0
38.25,0.1609,0.1041,0.2384,203.17,57.17,0
60.97,0.172,0.1372,0.2774,324.23,59.05,0
37.76,0.222,0.1479,0.2395,224.37,57.08,0
68.0,0.1889,0.1632,0.3338,350.18,61.12,0
67.35,0.1827,0.1292,0.2409,340.12,61.66,0
48.55,0.1615,0.1351,0.2138,281.83,59.21,0
24.41,0.1364,0.1187,0.247,138.2,53.26,0
41.29,0.1574,0.1075,0.269,239.62,58.5,0
44.93,0.178,0.1072,0.2259,246.72,58.24,0
58.55,0.1747,0.1776,0.2699,281.07,58.69,0
72.01,0.2,0.163,0.2734,362.72,63.33,0
24.54,0.1269,0.1199,0.1779,133.62,49.67,0
53.14,0.1716,0.1248,0.2754,285.67,57.63,0
42.89,0.1657,0.1062,0.2426,209.53,56.67,0
29.34,0.1471,0.0871,0.2382,173.08,49.66,0
73.47,0.1956,0.1952,0.2999,347.18,64.65,0
71.22,0.2201,0.134,0.3999,355.11,63.03,0
48.26,0.1684,0.1196,0.2894,255.01,56.34,0
39.84,0.1073,0.0869,0.2709,214.39,53.93,0
25.63,0.148,0.1306,0.2768,150.6,53.15,0
47.37,0.1814,0.1571,0.2569,266.59,55.64,0
40.99,0.2072,0.1451,0.2936,400.82,56.79,1
62.96,0.1623,0.1883,0.2904,320.16,62.18,0
51.07,0.162,0.6035,0.2659,284.26,84.21,1
41.36,0.1823,0.0867,0.2801,219.56,55.18,0
41.14,0.1427,0.1344,0.2319,236.3,54.55,0
74.39,0.1963,0.1522,0.3117,397.24,63.71,0
53.14,0.1672,0.1183,0.2352,291.27,57.07,0
43.68,0.1829,0.1286,0.3084,220.96,54.66,0
70.65,0.1899,0.1595,0.3323,358.38,64.86,0
77.1,0.2212,0.188,0.2717,369.7,62.79,0
47.02,0.1962,0.1195,0.2147,250.65,55.81,0
61.42,0.1895,0.1409,0.3242,291.04,61.54,0
73.92,0.1824,0.127,0.2154,359.49,63.27,0
32.85,0.1771,0.1055,0.2943,185.53,54.57,0
62.99,0.168,0.1668,0.2841,309.87,62.55,0
68.48,0.1826,0.1491,0.291,341.46,63.93,0
45.07,0.1592,0.1452,0.2437,233.01,55.09,0
61.71,0.199,0.1366,0.2769,334.83,61.29,0
21.84,0.1129,0.1116,0.2433,133.0,48.82,0
57.81,0.1878,0.1017,0.2539,297.76,57.9,0
56.1,0.1783,0.1678,0.2801,298.19,58.33,0
22.81,0.16,0.119,0.249,142.53,50.99,0
58.55,0.1591,0.1334,0.2493,307.58,58.51,0
42.96,0.1345,0.1273,0.2645,457.59,53.99,1
30.73,0.1038,0.1323,0.2149,134.02,53.69,0
49.08,0.1958,0.1651,0.3037,231.3,57.22,0
39.14,0.1864,0.1234,0.2127,222.95,53.83,0
55.93,0.2146,0.1207,0.3091,301.56,60.01,0
39.41,0.1576,0.1214,0.2322,224.27,55.55,0
20.7,0.1372,0.1035,0.234,129.9,48.45,0
25.09,0.1593,0.1113,0.1736,163.21,52.16,0
47.15,0.1821,0.1578,0.2188,247.83,56.85,0
26.1,0.1166,0.1054,0.1972,142.18,50.47,0
72.47,0.1906,0.1444,0.2503,352.55,63.9,0
55.7,0.1791,0.1312,0.2101,275.94,58.82,0
60.51,0.191,0.1665,0.3067,311.97,59.36,0
32.37,0.1558,0.0942,0.2541,185.19,56.0,0
46.54,0.1364,0.1268,0.1935,259.2,55.95,0
38.67,0.172,0.1322,0.1997,229.15,55.01,0
59.15,0.1645,0.1716,0.3345,313.97,61.72,0
20.43,0.1343,0.1006,0.1876,127.91,50.51,0
22.27,0.111,0.1555,0.2237,141.77,48.92,0
38.67,0.1425,0.1279,0.2315,213.65,54.33,0
30.89,0.1508,0.0913,0.1922,191.48,53.23,0
54.83,0.1706,0.6034,0.2614,292.64,86.14,1
32.15,0.1362,0.1246,0.2646,166.01,55.52,0
76.81,0.219,0.1443,0.288,392.42,64.93,0
76.95,0.2363,0.1719,0.2915,394.21,63.86,0
66.56,0.1905,0.1606,0.3363,346.41,61.68,0
70.58,0.1449,0.1559,0.2779,382.3,62.32,0
21.57,0.1263,0.1053,0.2166,134.41,53.93,0
66.71,0.2011,0.1256,0.2866,359.79,60.86,0
59.53,0.1827,0.1697,0.2753,297.03,59.56,0
68.02,0.1844,0.1669,0.2708,351.92,65.09,0
48.05,0.1823,0.1025,0.3355,265.81,59.76,0
59.31,0.1841,0.1356,0.298,300.27,59.8,0
64.48,0.2103,0.1214,0.3399,348.58,59.79,0
58.84,0.166,0.1575,0.2377,286.8,61.41,0
48.11,0.1764,0.1454,0.2667,240.47,55.15,0
24.16,0.1257,0.0804,0.2479,150.42,51.42,0
57.42,0.1467,0.1548,0.2485,294.35,60.79,0
20.78,0.1093,0.0962,0.2176,117.21,48.72,0
25.52,0.125,0.1193,0.2304,187.62,52.34,0
45.77,0.1897,0.1256,0.2797,221.53,56.9,0
55.88,0.1243,0.1872,0.2809,296.54,59.61,0
64.82,0.1482,0.1413,0.3215,313.11,62.06,0
26.74,0.1422,0.1265,0.2458,146.77,52.78,0
38.72,0.1628,0.1454,0.1781,209.87,54.43,0
40.05,0.1628,0.1291,0.2898,207.97,56.17,0
61.7,0.1803,0.1709,0.2562,330.08,60.63,0
47.11,0.1525,0.1214,0.2592,233.34,56.37,0
56.25,0.1936,0.1554,0.2653,294.19,61.64,0
63.33,0.1903,0.1794,0.2786,321.04,62.05,0
34.0,0.1785,0.1135,0.2336,161.92,53.27,0
71.46,0.1968,0.1455,0.2899,371.49,61.92,0
51.49,0.1968,0.1374,0.2886,255.34,57.32,0
55.6,0.1711,0.1151,0.2387,291.97,61.49,0
40.34,0.1441,0.1511,0.2229,199.39,57.91,0
58.95,0.1729,0.1494,0.2874,310.8,60.02,0
44.59,0.1523,0.1384,0.2123,253.92,57.14,0
44.84,0.1917,0.1507,0.3166,220.57,54.18,0
68.28,0.2157,0.1694,0.2803,351.65,60.26,0
57.5,0.1578,0.1588,0.3163,278.17,59.13,0
76.52,0.1934,0.1598,0.2985,395.72,65.49,0
47.0,0.1762,0.135,0.2279,234.56,57.91,0
42.29,0.1432,0.135,0.2532,227.21,57.94,0
69.43,0.171,0.1609,0.3071,351.43,67.33,0
21.68,0.1715,0.0995,0.2043,132.34,51.39,0
67.18,0.2085,0.1416,0.2095,357.75,60.73,0
24.15,0.118,0.1021,0.2133,127.2,49.95,0
69.79,0.1664,0.1422,0.2874,356.96,63.2,0
22.62,0.152,0.1065,0.1807,139.48,50.73,0
39.84,0.188,0.115,0.2873,212.16,56.52,0
33.42,0.168,0.156,0.2373,157.45,52.41,0
73.81,0.1789,0.1323,0.33,366.27,63.39,0
56.48,0.1667,0.1744,0.2931,301.48,60.27,0
50.75,0.1371,0.1616,0.23,280.66,58.03,0
38.44,0.1929,0.1418,0.2032,206.57,56.71,0
49.18,0.136,0.1605,0.2351,248.91,57.1,0
66.77,0.1904,0.1247,0.3028,350.4,58.34,0
38.54,0.1508,0.1612,0.2626,203.03,53.86,0
60.88,0.2115,0.1556,0.3273,300.97,62.97,0
37.52,0.1846,0.1164,0.2487,196.39,54.9,0
62.82,0.1564,0.1576,0.2918,323.19,61.79,0
51.58,0.1622,0.109,0.237,259.77,56.53,0
68.47,0.1921,0.153,0.2367,348.94,62.43,0
20.84,0.1469,0.1241,0.2302,128.68,52.89,0
50.13,0.1547,0.1504,0.2139,276.01,56.11,0
34.27,0.1818,0.1325,0.2608,166.68,54.23,0
75.47,0.1855,0.1876,0.3326,382.54,65.2,0
34.39,0.1683,0.1165,0.2491,198.27,53.87,0
29.9,0.1521,0.139,0.2184,157.73,53.25,0
36.03,0.1103,0.1335,0.2265,195.83,54.54,0
50.25,0.2123,0.1471,0.2537,293.4,58.19,0
75.94,0.227,0.1341,0.3557,370.21,63.73,0
62.83,0.2147,0.2163,0.3002,323.11,61.0,0
74.76,0.2087,0.14,0.3206,398.9,62.57,0
25.9,0.1973,0.1412,0.2208,345.25,50.67,1
76.13,0.1807,0.1637,0.3355,410.25,65.96,0
61.78,0.1624,0.1382,0.2356,306.63,61.39,0
56.24,0.1633,0.1375,0.244,262.29,57.63,0
44.02,0.1491,0.1043,0.2488,232.19,57.65,0
28.43,0.1616,0.0822,0.2313,161.13,49.89,0
25.27,0.1588,0.1183,0.2354,143.12,52.62,0
21.85,0.1409,0.1259,0.1883,125.28,48.56,0
73.86,0.1871,0.115,0.2579,372.29,62.82,0
30.63,0.1409,0.1472,0.1911,176.27,53.03,0
26.63,0.1397,0.1114,0.2244,164.78,48.67,0
45.68,0.1715,0.1234,0.2247,264.77,55.77,0
34.35,0.1443,0.1279,0.1952,147.54,52.87,0
31.25,0.1698,0.1386,0.1986,178.53,52.52,0
25.55,0.1374,0.1011,0.2458,155.28,52.27,0
20.91,0.1518,0.1434,0.193,109.97,51.73,0
71.26,0.2175,0.1864,0.3532,332.76,62.09,0
55.65,0.1901,0.1499,0.3213,290.06,57.04,0
50.55,0.1668,0.1549,0.2546,266.7,58.26,0
54.67,0.2185,0.1435,0.2555,282.76,59.99,0
39.18,0.1805,0.1353,0.2642,224.04,53.25,0
28.88,0.1579,0.1304,0.2239,166.86,50.46,0
70.15,0.2082,0.1623,0.2968,350.6,63.47,0
53.2,0.1817,0.1423,0.2549,278.89,55.1,0
66.06,0.1637,0.1417,0.2444,342.14,62.1,0
65.66,0.2064,0.1554,0.3031,334.4,59.23,0
26.43,0.1164,0.1689,0.2378,140.45,49.6,0
64.39,0.1789,0.1582,0.3065,320.48,60.08,0
52.75,0.1822,0.1559,0.2849,242.91,57.51,0
56.43,0.146,0.1579,0.2399,284.26,58.2,0
53.0,0.1651,0.1367,0.2845,267.73,58.64,0
24.02,0.1351,0.1171,0.2135,184.56,52.15,0
67.93,0.1991,0.1447,0.3109,338.14,58.87,0
39.16,0.1564,0.1417,0.221,231.86,52.23,0
29.56,0.1264,0.1544,0.2732,187.29,52.45,0
64.46,0.2302,0.1197,0.3356,316.1,61.93,0
77.56,0.2386,0.1622,0.2846,381.44,64.02,0
30.16,0.1097,0.1148,0.231,176.83,53.33,0
20.53,0.1423,0.1222,0.2207,136.43,49.18,0
56.36,0.1849,0.1193,0.2718,306.6,56.02,0
58.81,0.2001,0.1523,0.2493,298.07,59.43,0
74.57,0.1913,0.1591,0.2462,402.31,63.16,0
43.11,0.1771,0.1758,0.2547,229.49,55.41,0
44.06,0.1483,0.1617,0.231,219.94,57.82,0
61.66,0.197,0.1392,0.2889,333.28,61.19,0
44.05,0.1748,0.1418,0.2454,209.74,56.43,0
20.61,0.1452,0.1105,0.2789,132.14,49.37,0
72.81,0.1955,0.1287,0.2919,394.09,61.6,0
55.27,0.1953,0.1279,0.3093,298.65,61.13,0
52.54,0.1776,0.1566,0.236,292.06,58.73,0
49.07,0.1799,0.1218,0.2851,236.9,58.51,0
63.94,0.18,0.1415,0.2873,312.4,61.36,0
66.09,0.1758,0.171,0.2819,339.65,60.52,0
53.2,0.1883,0.1146,0.2505,279.33,58.55,0
40.24,0.1465,0.1621,0.2644,212.44,54.2,0
28.76,0.1911,0.1228,0.254,145.82,51.01,0
76.94,0.2222,0.1735,0.3072,408.44,66.29,0
62.63,0.1727,0.1508,0.2956,317.41,57.46,0
20.33,0.1266,0.1156,0.2411,158.07,51.51,0
56.02,0.1699,0.1723,0.341,318.63,58.32,0
21.48,0.1476,0.1087,0.2742,133.03,48.62,0
27.91,0.1689,0.1382,0.207,168.5,51.21,0
53.55,0.1946,0.1623,0.2781,285.08,60.02,0
67.39,0.2264,0.1535,0.305,343.36,63.06,0
57.1,0.1788,0.1536,0.2745,305.63,60.41,0
58.1,0.1747,0.1764,0.2834,269.28,58.47,0
61.45,0.1826,0.1625,0.2478,320.09,58.48,0
49.61,0.1643,0.1562,0.1754,261.55,60.1,0
61.47,0.1676,0.1663,0.2984,314.75,60.26,0
73.08,0.2097,0.15,0.3379,343.74,63.88,0
69.51,0.1813,0.169,0.2531,358.02,63.76,0
57.22,0.1779,0.1548,0.2277,295.12,57.47,0
62.24,0.1715,0.1552,0.3005,296.2,59.66,0
77.37,0.1639,0.1326,0.2859,415.25,61.76,0
55.3,0.1883,0.1412,0.2342,267.02,59.2,0
68.51,0.1627,0.1698,0.2952,345.53,60.98,0
35.56,0.1615,0.1155,0.2495,373.2,54.55,1
39.48,0.1262,0.1674,0.2777,191.22,54.47,0
49.31,0.2147,0.1592,0.2579,258.8,56.07,0
46.08,0.2053,0.1196,0.2468,247.0,52.04,0
27.5,0.1164,0.1151,0.2341,124.68,51.07,0
75.72,0.1906,0.1432,0.3267,356.66,64.99,0
37.36,0.1298,0.1266,0.2315,228.85,56.47,0
47.23,0.1456,0.1585,0.285,269.14,58.13,0
55.08,0.1864,0.1772,0.2427,288.61,56.67,0
32.41,0.1216,0.1147,0.1607,176.02,53.36,0
70.09,0.2079,0.1747,0.2899,348.63,62.57,0
30.68,0.1454,0.129,0.2184,174.52,55.37,0
46.7,0.1713,0.1466,0.2402,256.59,56.12,0
61.13,0.17,0.1574,0.3226,322.1,61.26,0
67.6,0.1588,0.1375,0.3134,371.9,61.41,0
29.4,0.1695,0.1337,0.1765,213.11,54.43,0
53.25,0.1829,0.1598,0.2521,289.79,59.16,0
74.61,0.1989,0.1399,0.3116,377.43,65.96,0
24.83,0.1217,0.1073,0.1999,134.94,49.92,0
36.12,0.1705,0.3964,0.1667,208.32,93.31,1
55.93,0.1739,0.1585,0.266,279.43,62.78,0
58.08,0.1826,0.168,0.3144,311.21,57.76,0
73.61,0.2114,0.1562,0.3243,346.21,62.91,0
25.58,0.1711,0.1523,0.2056,139.98,48.97,0
66.2,0.2139,0.1414,0.3098,317.99,59.37,0
70.67,0.1902,0.1221,0.3215,364.2,62.22,0
23.07,0.1364,0.0869,0.2448,145.05,50.89,0
27.99,0.1732,0.1053,0.2639,180.99,54.04,0
45.93,0.1646,0.125,0.222,253.16,54.65,0
49.01,0.1259,0.167,0.2454,260.13,55.78,0
36.04,0.1446,0.1303,0.2372,186.46,53.46,0
60.47,0.173,0.1463,0.2499,326.9,59.39,0
46.65,0.1968,0.1522,0.2318,227.4,54.76,0
59.06,0.2094,0.1113,0.2988,323.76,56.83,0
73.33,0.1598,0.165,0.3472,351.77,63.04,0
56.95,0.1818,0.1676,0.2523,313.96,59.48,0
71.8,0.1896,0.1775,0.2907,374.09,62.26,0
46.31,0.1568,0.1259,0.2646,240.59,54.41,0
62.21,0.1814,0.1577,0.2757,291.79,61.86,0
54.62,0.1872,0.1229,0.2771,290.79,56.7,0
72.61,0.1896,0.1234,0.2996,359.41,63.84,0
46.5,0.1608,0.1543,0.2485,224.1,54.25,0
39.76,0.1423,0.1306,0.2012,216.7,54.73,0
41.36,0.1971,0.1083,0.2615,227.07,54.18,0
63.02,0.1877,0.1596,0.2915,329.66,60.87,0
25.41,0.1466,0.1606,0.2677,146.58,49.93,0
76.04,0.1954,0.1051,0.3141,393.35,62.71,0
45.92,0.1683,0.1706,0.2801,250.56,56.06,0
37.07,0.155,0.1037,0.1787,189.0,56.15,0
53.85,0.1664,0.1637,0.2752,288.03,57.12,0
44.66,0.1865,0.1061,0.1925,231.03,55.25,0
41.57,0.1484,0.6115,0.2564,189.92,94.08,1
31.88,0.1832,0.1252,0.2233,182.35,50.95,0
23.44,0.1158,0.1224,0.2291,147.85,51.02,0
48.46,0.1409,0.1596,0.2769,235.45,58.58,0
20.76,0.1372,0.154,0.2222,126.35,51.07,0
40.91,0.1607,0.1209,0.2148,240.27,55.24,0
34.01,0.1694,0.1587,0.2296,191.63,52.56,0
41.67,0.1686,0.1278,0.2206,215.65,55.42,0
48.14,0.1477,0.5751,0.2755,264.51,87.09,1
70.59,0.1985,0.1452,0.3171,349.45,62.97,0
76.63,0.2265,0.1443,0.3214,358.12,66.21,0
64.35,0.1714,0.1827,0.3,308.65,63.54,0
29.08,0.1027,0.0899,0.2291,209.66,51.12,0
75.51,0.1439,0.1583,0.2861,388.94,65.78,0
29.98,0.1447,0.1361,0.2066,180.65,54.14,0
41.71,0.1875,0.1528,0.2009,268.22,57.42,0
30.98,0.1302,0.1172,0.2126,164.36,53.04,0
44.95,0.1477,0.1374,0.2382,246.18,58.24,0
54.72,0.2273,0.1713,0.2496,273.96,58.13,0
60.08,0.1645,0.1717,0.3003,292.79,62.31,0
59.38,0.1668,0.128,0.2859,322.68,59.9,0
21.59,0.1036,0.1054,0.2181,111.28,52.11,0
74.33,0.1804,0.1447,0.3108,401.59,66.05,0
47.6,0.1747,0.1319,0.2709,256.78,57.76,0
20.59,0.1415,0.1172,0.2426,101.86,51.37,0
25.34,0.1442,0.1011,0.193,151.46,49.84,0
66.59,0.163,0.1774,0.2291,330.83,62.8,0
45.22,0.1873,0.1348,0.2745,253.68,56.71,0
59.2,0.1305,0.1705,0.2535,309.28,58.65,0
41.84,0.1439,0.1341,0.2453,230.0,56.74,0
37.03,0.1832,0.1008,0.3104,200.34,59.38,0
48.8,0.1925,0.1156,0.3381,268.73,55.42,0
39.53,0.1647,0.1187,0.2593,201.55,55.89,0
41.46,0.1731,0.1332,0.2798,231.61,55.18,0
51.88,0.1498,0.1496,0.2976,265.1,57.41,0
70.75,0.1655,0.155,0.2547,344.28,64.75,0
20.69,0.1057,0.1251,0.2177,146.2,49.49,0
52.76,0.1805,0.1414,0.2862,266.7,56.29,0
27.05,0.1769,0.103,0.2406,176.99,52.81,0
52.9,0.1731,0.1279,0.2748,289.63,56.01,0
67.16,0.1848,0.1484,0.334,341.83,63.64,0
55.15,0.1757,0.1459,0.291,273.48,59.85,0
29.86,0.1679,0.1055,0.1582,153.72,49.35,0
72.0,0.2182,0.1641,0.3103,353.75,63.45,0
26.13,0.1043,0.0842,0.203,153.67,52.59,0
65.61,0.2032,0.1387,0.2678,341.09,58.83,0
61.78,0.1894,0.1285,0.3376,316.4,60.78,0
75.4,0.2024,0.1962,0.2827,355.89,63.99,0
62.27,0.154,0.1597,0.2721,324.47,58.29,0
65.55,0.1992,0.1555,0.2284,358.86,62.79,0
71.88,0.2148,0.172,0.2838,378.38,62.79,0
37.66,0.1524,0.1369,0.2218,230.92,57.18,0
61.88,0.1829,0.1037,0.3431,316.08,62.24,0
67.22,0.1778,0.1522,0.3472,351.81,60.96,0
33.15,0.1661,0.1358,0.2089,192.81,54.55,0
71.74,0.1776,0.1814,0.3423,374.41,65.11,0
69.8,0.1956,0.1323,0.2946,369.99,61.9,0
53.69,0.1883,0.1375,0.2406,279.82,56.1,0
23.66,0.1182,0.1279,0.2099,154.86,52.9,0
68.11,0.1884,0.149,0.2654,339.85,61.8,0
42.74,0.1611,0.132,0.2127,250.52,56.86,0
35.98,0.1623,0.135,0.2348,219.09,54.2,0
77.32,0.1911,0.1788,0.3054,386.75,65.03,0
28.7,0.159,0.1126,0.2168,167.26,52.55,0
22.31,0.1227,0.1317,0.2549,112.43,51.02,0
46.62,0.1852,0.1125,0.2347,263.0,55.4,0
27.86,0.1443,0.0779,0.2287,118.28,49.16,0
35.32,0.1707,0.104,0.2851,180.22,52.39,0
57.4,0.1538,0.6657,0.273,278.8,106.27,1
29.55,0.168,0.1617,0.2134,191.74,49.84,0
36.19,0.1896,0.1315,0.3053,190.83,54.86,0
46.69,0.1868,0.1748,0.2808,253.19,55.51,0
61.25,0.1846,0.1327,0.2416,339.31,57.97,0
31.3,0.1461,0.1015,0.2182,190.69,50.87,0
36.84,0.1638,0.123,0.2558,211.32,52.73,0
38.21,0.1399,0.1326,0.2074,461.22,53.58,1
55.75,0.1867,0.1616,0.2966,289.98,59.58,0
37.15,0.147,0.1364,0.2503,226.27,55.49,0
43.51,0.1592,0.1428,0.275,241.57,55.12,0
31.18,0.1512,0.1668,0.2206,166.01,52.55,0
21.61,0.1229,0.0791,0.1962,128.88,52.92,0
34.29,0.1747,0.1385,0.223,175.08,51.56,0
38.33,0.1829,0.1175,0.2293,221.95,54.0,0
61.84,0.1652,0.1717,0.2942,318.58,60.05,0
70.09,0.1976,0.1628,0.2685,334.87,63.4,0
32.08,0.1689,0.12,0.1686,176.81,51.96,0
68.06,0.2012,0.163,0.2355,349.19,62.58,0
65.81,0.1929,0.1596,0.3252,337.18,60.41,0
70.89,0.1721,0.1621,0.3065,368.77,65.27,0
23.43,0.1358,0.0838,0.1628,119.09,50.73,0
76.11,0.186,0.1778,0.3249,376.16,64.2,0
38.41,0.1745,0.0887,0.2464,224.74,54.1,0
52.03,0.1381,0.1514,0.2545,295.25,62.84,0
49.22,0.163,0.15,0.3205,235.37,55.17,0
43.53,0.1634,0.1268,0.2345,238.47,54.79,0
72.73,0.1953,0.1783,0.3259,383.36,63.94,0
23.56,0.1562,0.1299,0.2861,141.98,53.9,0
42.23,0.1275,0.1331,0.2479,236.57,56.12,0
58.25,0.1811,0.1703,0.2721,329.53,58.72,0
42.72,0.1723,0.1041,0.2366,214.74,59.58,0
51.34,0.1493,0.1395,0.2597,261.12,56.09,0
75.94,0.2233,0.134,0.2727,386.7,61.18,0
56.58,0.2206,0.1346,0.2623,292.35,59.14,0
23.44,0.1413,0.1112,0.2079,135.88,50.94,0
72.55,0.1865,0.1755,0.3156,374.32,64.85,0
74.08,0.1522,0.1599,0.2911,380.76,63.66,0
60.89,0.177,0.1469,0.274,283.72,59.33,0
58.02,0.2054,0.1498,0.2878,322.85,58.37,0
70.92,0.1855,0.1584,0.3075,367.96,64.38,0
27.69,0.1422,0.0961,0.2201,170.01,52.09,0
31.06,0.1475,0.0879,0.1674,192.73,53.7,0
39.45,0.1703,0.1313,0.2953,231.46,55.11,0
53.28,0.1703,0.1192,0.2958,298.24,61.94,0
73.78,0.1874,0.1717,0.3263,397.68,65.72,0
52.13,0.1506,0.1688,0.2655,272.86,59.52,0
37.74,0.4275,0.1382,0.9283,204.57,54.26,1
63.8,0.211,0.1481,0.3169,320.36,63.26,0
29.55,0.1705,0.1451,0.2063,189.09,51.25,0
74.19,0.1703,0.1268,0.2903,397.63,65.82,0
75.09,0.1843,0.1634,0.305,387.43,62.49,0
71.11,0.1879,0.131,0.2997,600.11,66.13,1
27.56,0.1302,0.1444,0.1994,163.64,53.35,0
20.59,0.1397,0.1128,0.196,136.72,47.35,0
26.38,0.1659,0.1046,0.247,159.71,52.73,0
57.47,0.1499,0.1284,0.206,309.45,58.64,0
36.93,0.1575,0.1221,0.2289,198.48,54.82,0
69.56,0.2067,0.1723,0.2947,358.54,63.02,0
73.33,0.1801,0.1765,0.2862,361.05,63.36,0
52.36,0.1631,0.1569,0.2652,474.21,58.27,1
43.92,0.154,0.1331,0.2342,260.07,56.98,0
77.07,0.184,0.1552,0.3286,415.59,64.62,0
62.45,0.1683,0.1464,0.3361,334.26,59.03,0
46.2,0.1963,0.1619,0.2834,254.42,57.54,0
24.04,0.122,0.1403,0.2654,132.99,50.79,0
22.58,0.1423,0.1511,0.1967,126.47,51.23,0
30.93,0.1406,0.1287,0.2151,161.31,52.2,0
53.37,0.1788,0.147,0.2458,256.21,58.11,0
29.27,0.189,0.4693,0.2597,156.16,85.05,1
64.49,0.1867,0.169,0.266,348.71,62.12,0
73.14,0.2076,0.1527,0.3103,371.99,62.34,0
27.27,0.1665,0.0773,0.2435,157.74,50.02,0
20.23,0.1382,0.0984,0.2112,112.19,50.47,0
61.15,0.2373,0.1401,0.3012,321.9,61.39,0
26.89,0.1582,0.1214,0.2191,152.09,50.73,0
37.91,0.1566,0.1719,0.292,222.42,56.63,0
43.18,0.1275,0.1197,0.278,217.02,56.93,0
48.35,0.1376,0.141,0.2542,256.96,59.47,0
59.19,0.2197,0.1539,0.2803,336.47,61.81,0
30.67,0.1302,0.1643,0.1458,149.84,54.56,0
77.37,0.1727,0.6683,0.3155,396.63,91.08,1
41.86,0.1714,0.1028,0.1832,233.69,53.76,0
50.78,0.1686,0.1729,0.2349,265.85,59.63,0
42.06,0.1785,0.1309,0.2847,232.64,56.61,0
76.22,0.1959,0.1597,0.3188,391.83,63.66,0
40.25,0.1462,0.1282,0.2545,218.95,54.35,0
70.37,0.1517,0.1222,0.2886,346.8,61.96,0
51.5,0.1622,0.1617,0.2376,264.27,60.11,0
68.03,0.1405,0.1683,0.26,339.82,61.95,0
21.63,0.0959,0.1055,0.226,138.24,49.83,0
60.88,0.2081,0.1464,0.2451,293.72,58.1,0
43.48,0.1464,0.1247,0.2509,213.78,53.19,0
69.93,0.1936,0.1733,0.2972,361.27,63.84,0
27.47,0.1463,0.133,0.2162,163.59,51.27,0
60.4,0.1927,0.1477,0.253,311.56,60.46,0
74.18,0.1958,0.1588,0.3042,384.82,64.26,0
72.31,0.1949,0.1429,0.2733,363.72,64.17,0
39.25,0.1625,0.096,0.2465,233.79,55.85,0
26.1,0.1731,0.14,0.2233,160.02,53.3,0
69.35,0.2154,0.1846,0.352,342.81,62.75,0
32.78,0.1261,0.1184,0.253,201.13,53.31,0
54.34,0.1831,0.1579,0.2367,299.38,57.24,0
36.55,0.155,0.1462,0.2694,183.9,54.58,0
70.12,0.1241,0.1632,0.2663,356.49,61.35,0
49.61,0.2191,0.1555,0.3169,242.34,56.22,0
46.7,0.1417,0.132,0.2423,265.86,57.61,0
23.82,0.1344,0.1,0.2736,146.56,48.67,0
66.07,0.1933,0.1482,0.2931,330.16,61.73,0
31.58,0.1313,0.126,0.2083,175.7,53.4,0
76.79,0.2099,0.1393,0.277,380.19,64.02,0
64.18,0.1972,0.1427,0.3187,351.03,60.38,0
26.48,0.1736,0.1199,0.2242,139.24,54.85,0
48.21,0.1492,0.1189,0.2408,231.54,59.08,0
36.59,0.1642,0.141,0.2481,192.64,52.86,0
50.84,0.1538,0.1441,0.294,286.71,58.26,0
53.66,0.1493,0.121,0.2973,267.76,58.09,0
36.09,0.1266,0.1314,0.2896,206.51,54.23,0
66.84,0.2046,0.1245,0.3353,368.08,61.2,0
34.98,0.1503,0.1298,0.2664,168.45,52.96,0
69.46,0.2171,0.1682,0.2916,340.24,61.69,0
30.64,0.148,0.107,0.2236,164.86,52.6,0
26.39,0.1834,0.1155,0.1646,168.25,50.65,0
52.82,0.1475,0.1505,0.3156,287.98,56.28,0
60.41,0.1834,0.1733,0.2473,300.08,59.71,0
25.84,0.1349,0.1164,0.257,178.62,50.51,0
27.55,0.1491,0.1179,0.2383,143.28,51.49,0
29.26,0.1536,0.1128,0.2485,164.22,52.37,0
75.38,0.2195,0.138,0.3346,386.73,62.11,0
39.1,0.1166,0.1195,0.222,198.65,56.94,0
32.05,0.1362,0.0941,0.2095,185.63,54.07,0
38.73,0.1873,0.1438,0.2461,204.61,53.9,0
36.73,0.1536,0.1066,0.2461,190.21,54.87,0
28.1,0.1415,0.7037,0.2406,179.7,96.31,1
34.75,0.1208,0.1195,0.2456,175.59,55.89,0
43.79,0.1504,0.1161,0.2347,239.57,58.33,0
77.4,0.2229,0.1781,0.3129,389.11,63.24,0
32.48,0.2135,0.1358,0.2482,195.2,53.45,0
39.4,0.1761,0.1209,0.2855,220.38,56.37,0
45.11,0.1887,0.1317,0.2976,247.84,56.99,0
51.73,0.1864,0.1412,0.2604,273.65,58.25,0
40.78,0.1477,0.111,0.2716,225.13,55.16,0
73.33,0.2277,0.179,0.3489,363.17,63.83,0
66.2,0.1872,0.1776,0.2781,331.35,62.2,0
31.75,0.1339,0.1643,0.209,179.36,51.56,0
62.98,0.171,0.1597,0.2743,332.72,59.85,0
42.63,0.182,0.1032,0.2378,216.24,57.92,0
47.54,0.2014,0.0945,0.2938,244.61,55.58,0
21.93,0.6174,0.1228,0.6745,125.4,50.26,1
23.13,0.5102,0.1241,0.8962,104.75,51.18,1
21.84,0.123,0.1143,0.2318,124.75,50.62,0
56.52,0.1856,0.1146,0.3041,312.76,60.84,0
73.24,0.2145,0.1603,0.3087,391.33,64.15,0
60.94,0.1658,0.1682,0.3455,322.68,58.06,0
40.39,0.1895,0.115,0.2823,220.3,55.78,0
28.4,0.1269,0.1291,0.2489,159.03,50.13,0
61.06,0.2072,0.1189,0.2899,294.2,59.59,0
27.33,0.187,0.1303,0.24,151.13,49.15,0
69.4,0.5576,0.1594,0.7087,340.34,62.88,1
39.37,0.1694,0.1563,0.219,228.31,56.13,0
28.47,0.1661,0.137,0.1872,180.99,52.68,0
42.7,0.1846,0.1502,0.3061,238.74,56.67,0
57.13,0.1874,0.1464,0.2646,276.1,62.82,0
74.44,0.2132,0.1554,0.292,383.69,64.83,0
34.93,0.1844,0.1482,0.2268,179.09,52.17,0
51.17,0.1888,0.1397,0.2886,285.73,59.17,0
41.51,0.1466,0.47,0.2264,231.81,97.49,1
65.14,0.2088,0.1552,0.2528,332.36,59.16,0
63.94,0.1906,0.1534,0.2842,342.31,60.41,0
32.31,0.1841,0.1035,0.2015,187.77,54.27,0
33.41,0.157,0.121,0.2336,208.57,52.11,0
39.24,0.1426,0.1074,0.2297,227.39,54.0,0
50.78,0.1593,0.17,0.2885,268.75,59.49,0
37.68,0.1661,0.0736,0.2647,219.73,56.01,0
22.41,0.1535,0.0963,0.1512,131.7,49.51,0
64.51,0.1668,0.1757,0.2958,324.71,59.06,0
29.54,0.1859,0.1223,0.1638,170.79,53.97,0
74.44,0.2269,0.1469,0.3259,371.45,63.35,0
72.54,0.1918,0.1893,0.3085,390.36,62.66,0
69.54,0.1976,0.1364,0.3458,334.71,58.68,0
53.99,0.2117,0.1433,0.3318,269.87,58.97,0
74.43,0.2054,0.2073,0.2892,360.4,64.99,0
68.09,0.1622,0.1621,0.2879,344.92,61.63,0
21.9,0.132,0.1052,0.206,128.81,48.85,0
51.51,0.1563,0.1303,0.3318,274.44,56.97,0
44.37,0.1492,0.1548,0.2817,250.39,56.73,0
33.4,0.1741,0.1592,0.2475,202.03,53.1,0
61.22,0.1776,0.1212,0.2566,304.23,62.35,0
31.8,0.1578,0.1512,0.1978,188.85,51.0,0
53.35,0.1603,0.1778,0.2691,246.99,55.86,0
50.78,0.1522,0.1336,0.297,431.36,56.92,1
73.8,0.1868,0.1777,0.2972,360.11,63.13,0
33.11,0.1419,0.1306,0.2118,184.35,49.34,0
66.58,0.1833,0.1711,0.3291,332.98,62.43,0
43.0,0.158,0.1735,0.2506,219.39,56.71,0
45.39,0.1952,0.1115,0.2746,225.64,56.03,0
52.5,0.1849,0.1563,0.2969,258.59,59.24,0
42.29,0.1822,0.109,0.2703,239.05,54.45,0
37.98,0.1597,0.1195,0.2099,260.37,53.18,0
22.89,0.1421,0.1081,0.2364,134.2,50.87,0
62.97,0.179,0.1,0.2124,313.53,60.72,0
63.53,0.1766,0.1429,0.2828,317.52,59.4,0
25.42,0.0913,0.1475,0.2501,172.31,50.9,0
65.55,0.213,0.1573,0.2726,319.51,59.66,0
42.91,0.1904,0.1368,0.2481,231.52,55.51,0
45.11,0.1756,0.1504,0.2634,253.66,55.41,0
67.28,0.1907,0.1273,0.2781,347.96,61.96,0
70.39,0.1967,0.1764,0.266,358.91,60.37,0
61.19,0.212,0.1123,0.2049,317.89,59.32,0
73.44,0.1654,0.1755,0.3673,367.17,62.01,0
22.77,0.1615,0.1243,0.2175,145.42,50.03,0
21.78,0.143,0.1306,0.2278,133.03,48.88,0
51.92,0.5588,0.1373,0.8815,288.07,59.02,1
51.46,0.1481,0.1027,0.2365,277.21,55.15,0
50.63,0.1892,0.154,0.2471,267.79,54.49,0
26.26,0.1015,0.1277,0.2167,137.6,52.06,0
22.83,0.1434,0.1149,0.2616,132.17,50.19,0
50.41,0.1677,0.1541,0.2787,262.17,60.61,0
39.53,0.1939,0.098,0.2247,222.16,53.54,0
24.67,0.1583,0.1345,0.2018,169.61,53.51,0
27.67,0.1492,0.1181,0.2567,187.5,52.78,0
46.53,0.1264,0.163,0.2281,247.48,55.22,0
70.67,0.1691,0.1583,0.3193,356.49,63.8,0
30.74,0.1633,0.1194,0.229,143.81,50.83,0
23.42,0.1469,0.1315,0.2158,142.13,49.46,0
71.74,0.2023,0.1872,0.2579,343.76,60.36,0
46.04,0.1636,0.1315,0.277,234.45,54.35,0
28.93,0.1222,0.1406,0.2584,183.42,51.85,0
48.86,0.1766,0.1388,0.1884,252.25,56.47,0
49.86,0.1868,0.1641,0.3147,272.72,59.13,0
73.16,0.1931,0.1791,0.2957,365.65,64.13,0
58.63,0.1897,0.1483,0.3116,286.5,57.57,0
52.52,0.1718,0.1578,0.2752,271.46,59.34,0
62.89,0.1935,0.151,0.3278,320.39,61.3,0
48.95,0.1602,0.1575,0.3431,282.53,54.58,0
23.46,0.1334,0.1165,0.2253,141.86,52.28,0
34.65,0.1741,0.1096,0.2827,202.23,52.14,0
47.68,0.1389,0.1182,0.2671,256.54,58.31,0
46.04,0.152,0.1417,0.2791,251.71,59.11,0
50.36,0.1612,0.1678,0.2118,249.46,60.95,0
27.65,0.1164,0.1149,0.2315,162.49,50.91,0
32.96,0.1722,0.1261,0.2319,161.13,53.61,0
62.06,0.2121,0.1654,0.269,314.25,62.32,0
36.6,0.1657,0.1116,0.241,209.48,55.22,0
37.3,0.1391,0.1588,0.2467,210.6,54.16,0
46.67,0.1548,0.1609,0.246,251.83,56.78,0
75.94,0.202,0.1848,0.3153,381.02,67.1,0
75.38,0.1899,0.1623,0.2837,392.45,64.71,0
66.23,0.2027,0.1464,0.2205,327.57,62.91,0
57.23,0.1697,0.1275,0.2378,298.92,58.11,0
53.47,0.1918,0.1371,0.1429,279.91,59.71,0
31.47,0.1528,0.1043,0.2056,205.88,54.73,0
47.67,0.1616,0.1099,0.2837,262.83,58.48,0
46.68,0.2099,0.1372,0.2691,273.49,54.12,0
54.88,0.1711,0.143,0.2791,276.31,58.31,0
58.06,0.1467,0.1854,0.309,311.35,59.23,0
46.94,0.1548,0.0915,0.2226,283.13,56.07,0
29.59,0.141,0.1493,0.2154,161.91,51.11,0
58.9,0.1525,0.1656,0.31,285.2,57.99,0
45.81,0.1669,0.1323,0.2331,234.53,56.89,0
70.16,0.1756,0.1721,0.328,341.26,61.87,0
40.04,0.1384,0.1634,0.2554,229.48,52.73,0
71.17,0.1977,0.136,0.288,400.71,65.45,0
48.56,0.2045,0.1172,0.2598,262.16,58.5,0
53.06,0.1982,0.1553,0.2596,275.42,57.58,0
46.82,0.161,0.1488,0.2465,248.8,53.86,0
40.64,0.1668,0.1491,0.2339,222.99,55.65,0
30.13,0.1449,0.1125,0.2419,209.83,54.43,0
34.12,0.1455,0.1359,0.2627,191.07,53.04,0
57.16,0.1822,0.1355,0.2668,315.31,61.77,0
30.01,0.1491,0.1045,0.2398,175.91,50.35,0
41.3,0.1757,0.1261,0.244,224.67,58.04,0
45.56,0.1661,0.1146,0.2762,251.89,55.93,0
45.48,0.1625,0.0931,0.2381,228.56,56.26,0
32.92,0.1532,0.1139,0.2147,199.51,54.42,0
71.29,0.1787,0.1316,0.3261,363.35,62.45,0
49.44,0.1866,0.1277,0.2807,266.35,57.72,0
71.82,0.203,0.1303,0.3157,368.5,64.65,0
26.27,0.1575,0.1018,0.2498,125.7,49.95,0
77.7,0.2585,0.1643,0.2911,392.64,65.04,0
69.26,0.1437,0.159,0.3091,348.64,62.87,0
72.42,0.237,0.1918,0.3364,393.17,67.61,0
42.8,0.1743,0.1219,0.3163,214.58,58.48,0
68.07,0.2153,0.1855,0.3063,344.37,62.21,0
36.31,0.1459,0.1359,0.2408,184.74,52.75,0
34.26,0.1924,0.1025,0.2472,209.43,54.66,0
40.94,0.1923,0.1492,0.222,200.35,56.45,0
26.42,0.147,0.1196,0.2225,157.78,54.9,0
61.15,0.1342,0.1806,0.2356,326.21,60.19,0
64.62,0.1738,0.186,0.2407,339.14,60.57,0
35.86,0.162,0.1194,0.2756,205.37,53.8,0
40.56,0.1491,0.134,0.2101,440.62,55.5,1
28.09,0.1926,0.0877,0.1921,162.32,52.51,0
66.36,0.6391,0.1235,0.6406,354.86,63.3,1
73.09,0.218,0.1727,0.3323,382.99,62.47,0
46.61,0.16,0.1215,0.2357,242.44,57.2,0
46.53,0.1641,0.1434,0.2081,248.81,56.45,0
59.76,0.1894,0.1498,0.2851,329.84,59.56,0
51.44,0.1803,0.1347,0.3251,287.24,56.98,0
74.48,0.1608,0.1414,0.2434,396.46,64.99,0
46.01,0.1587,0.1315,0.1946,254.6,57.06,0
72.21,0.1866,0.1601,0.2857,391.47,64.68,0
37.53,0.1621,0.1267,0.3083,478.07,57.62,1
70.58,0.1779,0.1548,0.2572,606.03,61.55,1
55.34,0.1469,0.1334,0.2402,306.57,58.55,0
62.05,0.1848,0.1428,0.2983,322.14,61.6,0
46.72,0.1775,0.1467,0.29,252.63,58.08,0
53.3,0.1778,0.1323,0.2615,282.68,56.98,0
54.93,0.1837,0.1424,0.3434,289.14,58.33,0
70.5,0.1632,0.1535,0.3122,366.9,66.19,0
45.75,0.1682,0.1112,0.2239,240.55,55.3,0
45.95,0.1947,0.1496,0.2626,242.57,57.21,0
68.6,0.191,0.183,0.2735,335.97,61.42,0
38.09,0.1519,0.6427,0.2574,198.89,91.35,1
34.0,0.1491,0.1319,0.2438,185.26,52.61,0
70.52,0.1785,0.1899,0.2991,353.89,63.22,0
20.71,0.1309,0.1528,0.1638,106.61,51.99,0
37.84,0.1478,0.1345,0.285,198.5,53.72,0
22.55,0.1453,0.1138,0.2369,158.21,50.86,0
33.62,0.1682,0.145,0.1858,165.16,53.98,0
20.73,0.1271,0.1182,0.2621,129.35,48.26,0
68.47,0.2063,0.1938,0.2886,343.35,60.26,0
48.0,0.1741,0.1342,0.1998,271.34,56.72,0
43.95,0.1778,0.1375,0.2767,252.32,57.96,0
30.76,0.1364,0.124,0.2968,177.96,55.38,0
70.77,0.1885,0.1464,0.3008,359.57,62.12,0
31.11,0.1483,0.118,0.2766,176.0,52.35,0
33.34,0.1458,0.1516,0.2357,172.47,53.42,0
26.2,0.1213,0.1455,0.193,183.85,52.28,0
22.56,0.1684,0.0909,0.2682,155.2,51.11,0
75.33,0.1806,0.1565,0.3002,361.79,66.1,0
55.19,0.1663,0.1733,0.2602,492.63,55.87,1
32.66,0.1422,0.1105,0.2176,186.37,53.21,0
62.19,0.1883,0.124,0.301,318.34,60.8,0
49.76,0.1796,0.14,0.2775,255.54,55.21,0
36.88,0.1363,0.1286,0.2467,216.13,55.06,0
56.09,0.1674,0.1478,0.2985,516.72,56.71,1
46.96,0.1594,0.1588,0.2583,262.38,55.82,0
32.12,0.1786,0.1416,0.2061,169.14,53.26,0
23.24,0.6473,0.1265,0.714,137.97,53.26,1
29.31,0.1463,0.1122,0.2449,181.14,53.56,0
70.79,0.2295,0.1673,0.2855,365.78,64.81,0
77.68,0.2142,0.176,0.2837,391.68,64.14,0
70.99,0.1586,0.1524,0.2964,353.5,63.36,0
51.65,0.1357,0.1723,0.3042,280.19,56.24,0
42.51,0.1686,0.1146,0.1982,257.67,56.45,0
71.93,0.2162,0.1282,0.3418,360.76,63.52,0
56.71,0.1487,0.1335,0.2285,301.01,60.46,0
39.12,0.1933,0.1248,0.2349,206.84,58.34,0
45.73,0.1586,0.128,0.2848,219.92,54.27,0
54.74,0.1816,0.181,0.2762,275.19,58.11,0
64.07,0.1899,0.1758,0.2614,337.45,60.09,0
52.08,0.1318,0.1719,0.2731,275.56,57.04,0
28.21,0.171,0.1476,0.2139,173.89,52.34,0
62.86,0.1485,0.1639,0.2894,310.57,59.05,0
70.73,0.1527,0.1313,0.3188,384.86,65.18,0
41.04,0.1594,0.1057,0.2525,224.41,55.66,0
57.86,0.1432,0.1788,0.2581,302.28,62.43,0
65.46,0.1906,0.146,0.241,340.29,61.6,0
55.56,0.1547,0.1571,0.2645,306.62,60.41,0
68.6,0.1696,0.1692,0.3257,342.95,62.25,0
61.65,0.1949,0.1895,0.3002,312.29,60.12,0
28.29,0.1642,0.1302,0.2306,161.34,51.12,0
53.67,0.1756,0.1348,0.3065,266.2,59.54,0
64.95,0.1539,0.1787,0.2936,343.79,61.69,0
58.86,0.1649,0.1359,0.2303,292.49,62.8,0
64.71,0.1783,0.1541,0.2666,317.78,60.61,0
56.47,0.1645,0.1459,0.2698,322.45,57.68,0
67.86,0.1878,0.148,0.3209,313.91,60.29,0
26.12,0.1033,0.1354,0.1989,139.55,52.21,0
70.1,0.1971,0.1912,0.283,348.83,63.56,0
41.89,0.1532,0.1336,0.2457,243.32,54.4,0
31.18,0.1385,0.129,0.2453,208.62,53.25,0
29.94,0.1597,0.109,0.2204,128.92,53.87,0
36.53,0.166,0.1256,0.2185,214.09,52.32,0
43.88,0.1316,0.117,0.2718,229.95,59.77,0
70.81,0.1922,0.1274,0.3306,363.11,63.15,0
45.19,0.1702,0.115,0.2712,230.38,56.26,0
53.46,0.1739,0.1562,0.2839,263.53,60.18,0
23.69,0.1624,0.1074,0.2408,130.4,50.11,0
32.55,0.1436,0.1367,0.2739,170.23,51.09,0
21.69,0.1451,0.1143,0.2031,156.38,50.88,0
57.31,0.15,0.1552,0.3494,317.5,56.64,0
61.95,0.1775,0.1527,0.2941,302.67,60.47,0
71.31,0.2439,0.1744,0.2764,375.02,67.22,0
40.68,0.1864,0.1481,0.2731,198.03,55.65,0
30.63,0.1848,0.1188,0.249,189.68,53.31,0
23.68,0.1547,0.1101,0.2172,137.73,52.09,0
39.71,0.1572,0.1449,0.274,212.06,56.7,0
52.17,0.1835,0.1347,0.2852,266.84,57.85,0
55.87,0.1963,0.1603,0.2394,310.94,59.78,0
36.61,0.1621,0.116,0.2483,194.09,53.76,0
73.61,0.2372,0.157,0.2801,372.82,61.86,0
48.15,0.1777,0.142,0.2352,231.59,58.0,0
70.97,0.175,0.1753,0.2438,347.63,61.73,0
39.74,0.1397,0.1329,0.2274,223.55,52.48,0
44.56,0.1745,0.1323,0.2359,227.97,56.33,0
38.49,0.1534,0.1438,0.2522,227.94,52.91,0
53.75,0.2252,0.1356,0.2727,282.84,56.53,0
38.87,0.1635,0.1406,0.2272,195.65,55.23,0
68.41,0.1941,0.1628,0.329,374.6,61.08,0
76.03,0.202,0.1856,0.2675,380.07,63.76,0
32.06,0.1627,0.1232,0.2242,184.93,53.65,0
61.75,0.1714,0.1528,0.265,335.79,60.74,0
26.86,0.1353,0.1159,0.2206,137.67,51.6,0
59.46,0.1664,0.1438,0.2664,304.64,60.69,0
55.49,0.1736,0.1623,0.2326,284.76,56.96,0
57.59,0.1579,0.1422,0.2555,289.68,57.48,0
26.52,0.1418,0.1154,0.1888,147.67,51.47,0
73.0,0.1858,0.179,0.3474,364.79,63.43,0
76.29,0.2113,0.1465,0.2902,392.16,64.88,0
30.32,0.1589,0.1195,0.2015,176.61,53.64,0
76.07,0.1988,0.1172,0.3588,381.28,64.75,0
58.55,0.1965,0.1403,0.3124,300.05,61.23,0
61.72,0.1803,0.1389,0.2656,317.99,61.46,0
43.84,0.1614,0.1244,0.2276,231.76,55.53,0
61.1,0.1249,0.1542,0.315,318.59,59.74,0
47.58,0.1865,0.1272,0.2541,234.93,57.16,0
22.06,0.1289,0.1144,0.1792,136.72,49.29,0
70.76,0.1846,0.1668,0.3262,369.61,61.95,0
52.02,0.1835,0.1544,0.245,257.0,61.2,0
28.93,0.1533,0.1183,0.2245,128.75,54.3,0
64.08,0.154,0.1441,0.3074,346.04,61.71,0
67.33,0.1701,0.1356,0.2938,378.8,61.64,0
36.48,0.1449,0.095,0.2332,207.51,53.2,0
28.45,0.1815,0.1196,0.2396,157.87,53.14,0
32.16,0.1502,0.1322,0.2015,182.09,54.29,0
26.51,0.131,0.1119,0.2283,126.64,53.2,0
35.14,0.1667,0.1357,0.2058,212.58,53.73,0
56.75,0.1551,0.1638,0.2129,280.93,59.34,0
41.64,0.2056,0.1475,0.2231,205.39,56.69,0
22.41,0.1288,0.1303,0.2083,119.89,49.88,0
65.39,0.19,0.1561,0.2797,343.63,62.05,0
37.8,0.1789,0.1339,0.2302,212.78,54.31,0
43.69,0.1349,0.1534,0.1967,227.01,55.38,0
33.63,0.1095,0.1186,0.2719,197.05,54.35,0
23.22,0.1178,0.1239,0.2392,132.38,52.95,0
71.58,0.2103,0.1011,0.3367,367.8,61.0,0
62.99,0.1764,0.1393,0.3109,333.83,55.98,0
23.01,0.1443,0.1313,0.2239,155.65,51.11,0
70.14,0.2174,0.1516,0.2781,332.27,63.74,0
44.35,0.1336,0.1458,0.2169,257.38,54.07,0
27.32,0.1594,0.1399,0.2609,158.32,52.09,0
51.33,0.2044,0.1592,0.2475,270.67,57.86,0
57.77,0.2045,0.1393,0.2953,273.54,58.8,0
62.96,0.213,0.1483,0.2752,294.77,59.16,0
61.06,0.1811,0.1238,0.2698,307.82,58.6,0
41.51,0.1734,0.4808,0.2343,217.3,81.52,1
33.89,0.1608,0.1374,0.253,192.19,53.13,0
62.16,0.1904,0.1341,0.3011,333.09,59.35,0
30.71,0.1322,0.1297,0.2273,173.85,54.49,0
45.08,0.1425,0.1328,0.2598,224.61,58.49,0
36.07,0.5079,0.098,0.9518,211.05,56.01,1
22.58,0.1487,0.1344,0.1587,159.5,49.97,0
32.69,0.1054,0.1332,0.2089,192.54,53.51,0
45.49,0.1619,0.1529,0.2635,221.51,57.4,0
20.02,0.1533,0.1015,0.1882,110.87,48.46,0
35.98,0.1973,0.1418,0.2491,208.72,51.47,0
56.12,0.175,0.142,0.2573,276.13,58.81,0
60.03,0.1399,0.1598,0.2529,308.66,60.18,0
77.98,0.2211,0.1505,0.3065,398.7,64.07,0
27.59,0.1637,0.1203,0.2274,161.81,51.27,0
45.07,0.1452,0.1446,0.2713,263.93,57.54,0
42.43,0.1674,0.5781,0.2691,230.56,86.84,1
42.73,0.205,0.1229,0.2425,250.43,54.75,0
68.07,0.1583,0.1386,0.3011,338.81,63.04,0
27.0,0.1879,0.1131,0.1927,366.04,53.95,1
70.02,0.1963,0.173,0.2756,529.18,63.17,1
27.21,0.1279,0.1183,0.2773,148.97,53.01,0
46.59,0.174,0.118,0.3359,254.8,57.64,0
26.07,0.1322,0.0988,0.2078,140.38,49.7,0
27.02,0.2036,0.1261,0.2892,172.83,53.45,0
40.53,0.1619,0.0863,0.1953,212.54,56.47,0
49.1,0.1887,0.147,0.2317,258.27,56.43,0
36.55,0.1416,0.1163,0.2755,223.65,53.67,0
75.12,0.1854,0.1274,0.3035,397.62,63.2,0
69.17,0.1577,0.1591,0.3191,344.43,62.96,0
29.86,0.1053,0.075,0.2442,177.81,51.59,0
41.53,0.1638,0.1322,0.2358,228.88,56.63,0
28.27,0.1378,0.1557,0.2168,153.81,50.25,0
61.67,0.1895,0.1529,0.2989,336.72,61.38,0
75.71,0.1967,0.1715,0.287,397.87,63.14,0
51.94,0.1636,0.1457,0.2716,278.59,58.25,0
67.71,0.2013,0.1558,0.228,332.39,60.65,0
24.19,0.1518,0.1459,0.1976,113.93,52.38,0
65.44,0.1906,0.1185,0.2506,344.84,61.78,0
39.47,0.1701,0.097,0.2164,194.17,54.22,0
72.54,0.162,0.167,0.2889,396.8,63.76,0
40.09,0.1537,0.1267,0.2271,231.24,55.97,0
42.94,0.1449,0.1262,0.258,237.94,55.83,0
50.49,0.1563,0.1765,0.3031,252.08,58.21,0
64.08,0.167,0.1612,0.2614,313.77,61.37,0
49.38,0.1799,0.1373,0.2612,260.58,57.39,0
67.25,0.1778,0.1411,0.25,335.6,62.42,0
33.5,0.1295,0.158,0.2549,190.02,52.51,0
56.24,0.1959,0.1507,0.254,267.69,58.32,0
57.1,0.1826,0.1323,0.2663,288.51,61.55,0
34.09,0.1369,0.1478,0.1908,440.67,54.64,1
58.06,0.1402,0.1449,0.275,327.53,60.31,0
42.24,0.1649,0.1247,0.2086,225.7,56.16,0
33.04,0.1422,0.1008,0.1668,193.33,53.82,0
71.31,0.1789,0.1813,0.3262,334.18,63.12,0
77.35,0.1789,0.1423,0.266,382.64,65.37,0
41.36,0.1709,0.1443,0.2183,218.26,55.2,0
52.5,0.2232,0.1452,0.2718,272.81,57.66,0
52.03,0.1708,0.145,0.2498,271.04,58.89,0
72.92,0.1842,0.1784,0.2538,391.67,62.71,0
34.36,0.1537,0.1274,0.2499,179.22,55.39,0
33.43,0.1374,0.1261,0.2019,180.79,55.56,0
20.33,0.1564,0.1244,0.1989,119.14,49.06,0
45.95,0.1583,0.1346,0.2459,247.27,54.4,0
53.83,0.1886,0.1522,0.2689,288.12,58.68,0
50.78,0.1806,0.1346,0.2698,544.35,57.6,1
45.1,0.1556,0.1366,0.2818,244.55,54.33,0
46.02,0.158,0.1458,0.2881,219.53,56.75,0
29.06,0.1307,0.1317,0.2178,179.87,53.3,0
66.1,0.1789,0.1652,0.3158,357.24,58.47,0
24.19,0.1588,0.1181,0.2263,155.92,51.8,0
47.59,0.1697,0.1481,0.2489,282.64,57.01,0
77.42,0.222,0.149,0.2846,400.56,66.03,0
24.33,0.108,0.1618,0.2307,163.44,52.64,0
35.35,0.1392,0.1484,0.2339,211.87,50.96,0
64.93,0.1723,0.121,0.2535,322.48,59.77,0
55.77,0.1798,0.1391,0.1857,292.79,57.51,0
34.25,0.1832,0.1318,0.2818,180.38,54.31,0
68.31,0.1957,0.1471,0.2309,310.69,62.67,0
33.04,0.1965,0.1435,0.2859,199.64,51.35,0
68.94,0.1747,0.1302,0.3082,380.88,61.45,0
39.93,0.1743,0.1279,0.2305,200.0,53.32,0
26.66,0.1499,0.1208,0.261,173.15,52.94,0
22.4,0.17,0.1673,0.2624,170.49,48.78,0
35.08,0.1541,0.1109,0.2745,199.18,54.62,0
50.3,0.1848,0.1114,0.238,280.54,57.89,0
40.48,0.1831,0.1124,0.2505,202.68,56.41,0
33.26,0.1108,0.1628,0.2075,225.19,53.51,0
20.41,0.1592,0.133,0.2305,127.07,50.08,0
38.06,0.1732,0.1404,0.2356,214.14,56.13,0
75.56,0.1687,0.1477,0.2916,375.69,63.37,0
60.41,0.178,0.1424,0.2362,326.73,59.43,0
21.14,0.1469,0.1089,0.237,141.82,51.53,0
70.21,0.1965,0.1403,0.3431,378.7,63.48,0
41.9,0.1367,0.1424,0.259,232.25,55.12,0
63.03,0.2107,0.1624,0.2902,322.17,58.96,0
70.9,0.23,0.1325,0.3121,391.54,60.43,0
77.41,0.1974,0.1443,0.3731,422.05,63.29,0
61.16,0.1454,0.1626,0.3515,324.17,56.15,0
76.92,0.2281,0.1952,0.3239,392.73,63.3,0
70.87,0.1961,0.1528,0.2709,358.1,61.95,0
46.43,0.1371,0.4872,0.2292,259.82,101.79,1
31.26,0.1631,0.1162,0.2407,170.65,52.16,0
56.92,0.6269,0.11,0.7058,279.87,60.99,1
32.22,0.1695,0.1434,0.2449,202.29,52.57,0
40.66,0.1864,0.1331,0.2723,221.79,54.32,0
43.99,0.199,0.1375,0.2708,262.12,56.42,0
70.13,0.1938,0.153,0.2382,353.56,61.98,0
24.63,0.1453,0.0914,0.1781,145.27,48.35,0
41.3,0.1257,0.1198,0.2053,205.66,51.88,0
30.51,0.1561,0.1393,0.2037,195.17,52.53,0
45.24,0.1615,0.1537,0.2849,225.1,56.4,0
32.06,0.156,0.1062,0.2137,153.84,54.0,0
36.26,0.1251,0.1364,0.2263,188.32,52.68,0
53.69,0.1906,0.1509,0.2599,282.45,56.66,0
71.18,0.2113,0.1164,0.2977,357.15,62.95,0
44.16,0.1474,0.1419,0.2351,250.16,56.75,0
72.86,0.2024,0.1476,0.2832,347.14,61.02,0
76.48,0.1829,0.1703,0.3284,372.7,65.08,0
35.92,0.1147,0.1341,0.2346,184.95,53.17,0
53.52,0.1478,0.1336,0.2566,304.87,57.76,0
60.58,0.1737,0.1359,0.2806,324.43,60.56,0
74.08,0.1918,0.1847,0.3196,371.64,63.18,0
47.03,0.1703,0.1121,0.2931,263.57,54.81,0
38.12,0.157,0.112,0.2375,200.02,54.91,0
54.49,0.1887,0.1295,0.2829,260.86,58.52,0
42.57,0.1544,0.1393,0.2273,250.32,59.11,0
46.72,0.1434,0.1382,0.2247,257.96,55.25,0
52.67,0.1676,0.1351,0.2584,313.14,60.68,0
30.37,0.1255,0.111,0.234,204.08,53.78,0
45.95,0.1412,0.1468,0.2853,248.71,53.86,0
70.01,0.1843,0.1891,0.3314,368.89,60.63,0
77.91,0.2108,0.1891,0.3083,384.8,63.88,0
72.5,0.1683,0.1334,0.2959,350.8,62.17,0
33.76,0.1234,0.1274,0.2411,180.87,55.09,0
56.1,0.1788,0.1316,0.2553,300.47,58.62,0
26.34,0.1759,0.1264,0.2095,135.28,53.28,0
35.45,0.1495,0.1419,0.2553,227.74,55.56,0
48.19,0.1704,0.1569,0.2778,239.38,57.35,0
46.08,0.1264,0.1705,0.2539,247.28,57.87,0
74.67,0.2181,0.17,0.334,390.47,63.15,0
69.49,0.1909,0.1559,0.2947,324.07,60.31,0
70.04,0.1983,0.123,0.2785,382.5,64.32,0
65.83,0.1762,0.164,0.289,358.3,62.91,0
64.39,0.1977,0.164,0.3347,304.96,61.15,0
55.81,0.545,0.1796,0.7903,327.3,56.27,1
42.7,0.177,0.1638,0.242,233.11,54.57,0
20.44,0.1031,0.1173,0.2006,128.78,47.26,0
26.9,0.1323,0.1066,0.2161,191.17,51.3,0
22.4,0.145,0.0979,0.2102,146.85,50.68,0
67.71,0.1839,0.179,0.2955,341.12,61.89,0
48.92,0.158,0.1257,0.2717,271.78,56.3,0
60.3,0.1869,0.1383,0.2796,323.3,59.22,0
32.73,0.1771,0.1032,0.2749,181.65,53.52,0
24.17,0.1309,0.1662,0.1908,339.95,48.61,1
47.14,0.1933,0.1476,0.2776,253.31,58.57,0
23.98,0.1429,0.1252,0.2432,146.28,48.74,0
43.4,0.1684,0.144,0.3023,253.2,53.68,0
36.58,0.1563,0.1165,0.281,222.93,53.16,0
33.64,0.1097,0.1507,0.2664,472.75,53.14,1
40.51,0.1718,0.1294,0.2125,219.38,57.25,0
52.36,0.1677,0.1456,0.2874,266.63,58.86,0
34.05,0.149,0.5233,0.2002,205.41,81.39,1
65.39,0.1784,0.1392,0.2457,342.55,60.36,0
37.75,0.1611,0.1419,0.24,190.18,54.32,0
61.42,0.1944,0.195,0.2351,321.9,60.89,0
70.41,0.1893,0.1503,0.2507,336.17,63.09,0
32.82,0.1623,0.1142,0.2279,197.13,52.59,0
55.16,0.1549,0.1458,0.2608,263.3,59.68,0
45.1,0.1227,0.1182,0.2405,211.75,58.47,0
44.54,0.15,0.5087,0.2055,264.71,92.62,1
73.03,0.2232,0.1634,0.2877,368.93,67.76,0
49.71,0.175,0.1549,0.293,272.48,60.53,0
43.94,0.1706,0.1384,0.2428,237.64,54.24,0
60.54,0.1966,0.151,0.3087,331.07,61.4,0
58.32,0.16,0.138,0.335,303.42,57.13,0
65.81,0.1883,0.1966,0.3147,336.6,61.18,0
32.01,0.1944,0.1252,0.252,173.56,53.04,0
75.11,0.1785,0.1368,0.3109,382.14,63.37,0
32.54,0.1875,0.1278,0.222,204.09,53.45,0
28.5,0.1131,0.1368,0.2398,174.85,52.79,0
54.71,0.1969,0.1472,0.2597,298.14,55.59,0
60.54,0.2195,0.1821,0.3245,301.95,58.98,0
33.58,0.1628,0.0723,0.244,201.93,54.64,0
54.79,0.218,0.1155,0.2746,276.38,60.42,0
35.19,0.1667,0.1235,0.2427,158.84,55.07,0
46.89,0.1333,0.1156,0.2539,255.38,57.33,0
76.1,0.1995,0.1852,0.2561,396.17,66.04,0
52.6,0.1491,0.147,0.3024,264.83,57.8,0
48.72,0.1933,0.119,0.1943,261.24,57.69,0
65.24,0.1925,0.1722,0.2794,321.67,61.88,0
64.36,0.1685,0.1735,0.2775,336.7,61.37,0
65.0,0.1807,0.1598,0.2851,364.38,59.45,0
42.22,0.122,0.1116,0.182,238.39,54.21,0
61.89,0.2157,0.1354,0.3074,298.19,59.52,0
59.11,0.1756,0.1273,0.2878,310.27,60.42,0
24.54,0.1372,0.1232,0.2305,150.97,51.92,0
36.32,0.1565,0.1439,0.221,212.41,50.47,0
59.93,0.1843,0.1561,0.3011,303.54,61.59,0
62.67,0.2,0.1411,0.2302,316.2,60.41,0
22.56,0.1354,0.1527,0.2518,128.6,50.7,0
25.05,0.16,0.1256,0.2719,156.18,52.4,0
48.7,0.1612,0.1235,0.3017,235.12,54.96,0
47.8,0.174,0.1232,0.25,271.33,55.82,0
25.03,0.1711,0.1379,0.2549,154.28,50.79,0
33.39,0.1553,0.1343,0.2558,199.27,54.07,0
42.38,0.1791,0.1285,0.1561,238.75,53.15,0
33.01,0.1765,0.144,0.2196,150.54,51.72,0
31.47,0.1478,0.1311,0.2666,195.85,49.71,0
65.02,0.1642,0.1417,0.26,316.01,60.89,0
29.82,0.131,0.1048,0.2124,161.42,49.8,0
61.66,0.1599,0.6637,0.2778,321.62,96.65,1
28.83,0.1396,0.1148,0.2571,145.97,54.2,0
26.31,0.1612,0.1131,0.266,134.17,50.6,0
54.8,0.1967,0.1098,0.2453,300.41,59.8,0
65.72,0.1967,0.1599,0.2848,325.76,61.36,0
44.69,0.1649,0.149,0.2588,259.91,57.11,0
35.88,0.1362,0.1224,0.2152,199.48,54.9,0
72.02,0.2044,0.1879,0.3103,357.49,64.57,0
73.05,0.1985,0.1503,0.3356,389.63,63.06,0
23.23,0.1524,0.1362,0.2225,115.16,51.49,0
39.63,0.1657,0.1342,0.203,197.02,52.74,0
52.14,0.1593,0.1207,0.2407,264.54,58.13,0
37.63,0.1339,0.1147,0.2527,211.61,54.81,0
69.61,0.1648,0.1362,0.2943,344.81,64.15,0
54.86,0.1599,0.135,0.256,285.62,57.92,0
29.75,0.1527,0.1326,0.2016,155.05,50.85,0
57.55,0.1977,0.1184,0.2783,302.4,62.05,0
31.16,0.1549,0.1494,0.1966,392.62,51.18,1
70.29,0.2007,0.1646,0.3162,368.77,63.05,0
50.91,0.1876,0.146,0.2604,263.82,57.5,0
41.25,0.167,0.1006,0.2486,229.18,52.75,0
70.32,0.2084,0.1867,0.3395,380.67,62.99,0
23.3,0.1579,0.145,0.2253,124.57,49.26,0
59.17,0.1876,0.1279,0.3299,314.47,58.19,0
23.79,0.151,0.1436,0.2025,135.85,52.08,0
77.49,0.1899,0.164,0.2789,385.74,64.56,0
28.22,0.1609,0.136,0.1997,157.31,52.84,0
64.94,0.1793,0.1304,0.311,326.55,58.96,0
42.51,0.1311,0.1393,0.2701,250.3,57.23,0
49.75,0.137,0.1152,0.2847,270.16,55.55,0
49.5,0.1884,0.1485,0.2426,243.15,56.99,0
49.41,0.1798,0.1161,0.197,243.01,56.78,0
65.66,0.1779,0.1726,0.3128,347.42,63.51,0
65.89,0.1947,0.1734,0.2632,333.43,61.03,0
63.37,0.1705,0.1686,0.2662,302.57,61.36,0
50.11,0.1496,0.1295,0.2114,245.87,55.56,0
71.35,0.2045,0.1563,0.2954,380.83,62.97,0
38.73,0.1474,0.127,0.1638,221.05,54.03,0
56.11,0.1767,0.6041,0.2479,288.36,89.28,1
48.23,0.155,0.1171,0.2739,248.7,58.19,0
77.96,0.1824,0.1507,0.2944,387.55,64.61,0
54.92,0.2152,0.1695,0.2318,299.39,60.35,0
42.92,0.185,0.1662,0.2326,240.27,54.32,0
69.71,0.2295,0.1506,0.311,365.08,63.41,0
63.11,0.1802,0.1707,0.2713,348.95,59.66,0
28.65,0.1248,0.115,0.2405,178.66,52.92,0
58.62,0.1648,0.1746,0.2396,279.73,57.34,0
57.27,0.1576,0.1616,0.281,308.17,58.15,0
68.6,0.1787,0.117,0.316,352.08,61.5,0
64.25,0.1847,0.1368,0.2867,324.39,59.28,0
50.8,0.1945,0.1574,0.2783,295.43,57.33,0
48.02,0.2031,0.1493,0.2461,279.83,55.31,0
32.82,0.1435,0.1414,0.2398,186.68,53.09,0
49.96,0.1333,0.1598,0.3116,272.29,55.21,0
67.34,0.1656,0.1784,0.2911,338.49,62.38,0
57.47,0.1788,0.1205,0.2552,282.78,59.34,0
26.57,0.0846,0.123,0.2682,166.45,53.12,0
37.76,0.142,0.1131,0.2818,189.33,52.72,0
32.57,0.1299,0.1301,0.2342,171.87,52.38,0
57.1,0.1593,0.1276,0.2576,275.75,58.59,0
30.03,0.1649,0.1196,0.2249,184.16,50.29,0
35.79,0.1888,0.1459,0.279,177.65,54.46,0
28.74,0.1531,0.1015,0.2055,170.41,50.86,0
29.48,0.1075,0.1333,0.2947,160.34,52.11,0
36.52,0.1268,0.1386,0.2138,211.92,53.37,0
64.33,0.2092,0.1565,0.2633,320.84,62.85,0
28.53,0.1692,0.14,0.1967,144.35,52.49,0
60.39,0.1918,0.135,0.2668,282.13,58.55,0
71.58,0.1802,0.1374,0.3495,362.33,61.57,0
71.17,0.179,0.1716,0.2748,340.39,61.68,0
20.74,0.1444,0.1252,0.2186,128.49,48.92,0
40.68,0.2041,0.1297,0.2891,190.72,55.63,0
42.87,0.154,0.1501,0.2932,230.26,54.17,0
49.02,0.1583,0.1188,0.2357,251.5,55.55,0
73.95,0.1945,0.1875,0.2852,342.49,61.24,0
21.8,0.113,0.0985,0.2671,123.77,48.01,0
63.77,0.1937,0.1292,0.2555,351.95,59.66,0
33.71,0.1541,0.1263,0.2964,185.83,52.22,0
55.17,0.1517,0.0985,0.2248,263.54,59.67,0
52.8,0.1485,0.1256,0.2507,254.35,57.7,0
31.43,0.1443,0.1221,0.1887,178.46,52.9,0
24.47,0.1431,0.0877,0.3071,143.51,52.29,0
57.6,0.1865,0.1435,0.2694,343.41,58.61,0
26.19,0.1406,0.115,0.2074,153.51,52.29,0
21.33,0.1176,0.1526,0.2943,144.44,50.55,0
68.09,0.2023,0.1738,0.3146,329.29,62.98,0
26.39,0.164,0.1329,0.2314,155.32,54.42,0
74.21,0.1945,0.1349,0.3362,356.92,64.88,0
43.37,0.1594,0.1218,0.2758,239.12,54.36,0
69.0,0.1683,0.1795,0.3358,346.1,61.2,0
69.31,0.6806,0.1575,1.0268,351.84,63.51,1
34.68,0.1215,0.1318,0.2268,206.45,53.05,0
25.0,0.1263,0.1234,0.2536,140.04,49.73,0
32.72,0.1585,0.1181,0.2117,183.02,52.17,0
63.16,0.1948,0.1557,0.2864,317.04,63.0,0
56.65,0.1679,0.1481,0.3002,287.43,59.03,0
65.16,0.1754,0.1267,0.318,344.88,61.8,0
42.87,0.1585,0.1262,0.303,224.11,53.59,0
59.87,0.1397,0.1309,0.3158,326.32,59.25,0
71.97,0.1887,0.1517,0.3007,351.95,64.59,0
26.37,0.1501,0.1698,0.2178,425.69,52.3,1
54.61,0.1583,0.1416,0.2421,305.87,56.44,0
26.0,0.106,0.1602,0.2385,141.81,52.14,0
74.97,0.1757,0.1416,0.2993,395.06,62.24,0
35.06,0.1517,0.1171,0.2876,203.87,54.45,0
28.0,0.1552,0.0903,0.2329,149.0,51.42,0
20.84,0.1552,0.1104,0.221,133.44,49.89,0
58.36,0.183,0.1578,0.2459,286.54,61.58,0
38.73,0.1661,0.118,0.1974,218.53,52.01,0
42.08,0.1826,0.1072,0.2235,239.96,54.34,0
39.69,0.1832,0.1304,0.2163,239.08,54.12,0
45.58,0.1614,0.1381,0.2468,237.02,54.43,0
47.49,0.1378,0.1793,0.2872,245.31,58.73,0
29.41,0.1329,0.0876,0.27,148.15,50.35,0
35.54,0.5878,0.1077,0.7879,200.25,53.7,1
27.62,0.1437,0.1182,0.2355,171.63,53.52,0
71.74,0.1889,0.1465,0.2444,350.17,61.62,0
36.47,0.1774,0.126,0.2212,206.32,55.89,0
32.97,0.1607,0.1355,0.2539,204.3,53.43,0
75.88,0.1868,0.1423,0.3264,380.33,62.75,0
20.92,0.1092,0.1001,0.1731,103.09,50.09,0
61.11,0.2176,0.1295,0.259,321.03,60.2,0
21.51,0.1796,0.0956,0.2181,110.42,47.89,0
67.36,0.1993,0.1224,0.2399,329.55,61.78,0
77.15,0.1915,0.1058,0.2811,389.11,63.07,0
75.08,0.1673,0.1802,0.3708,370.03,63.6,0
67.6,0.1841,0.1836,0.3478,344.28,63.78,0
28.4,0.1179,0.1257,0.2128,189.4,52.35,0
71.99,0.183,0.1837,0.3215,362.85,65.16,0
31.53,0.1458,0.1022,0.2392,167.8,54.32,0
66.54,0.1685,0.602,0.2943,349.38,99.78,1
75.54,0.2109,0.1517,0.2927,397.77,64.92,0
44.07,0.146,0.1161,0.2336,223.85,57.63,0
24.07,0.1375,0.1068,0.1963,132.49,50.94,0
55.17,0.2144,0.1303,0.2765,315.44,62.89,0
73.62,0.2037,0.1419,0.3129,363.1,61.87,0
56.9,0.197,0.1141,0.2967,314.93,60.26,0
32.2,0.1407,0.5955,0.2987,200.01,85.61,1
34.19,0.1315,0.1161,0.3046,189.53,56.0,0
69.86,0.1911,0.1588,0.3104,336.96,61.18,0
34.92,0.1417,0.1386,0.1719,198.85,50.6,0
75.73,0.2076,0.1534,0.2335,379.89,63.13,0
63.6,0.1861,0.1584,0.2885,301.34,61.07,0
67.73,0.2164,0.5228,0.3127,351.41,113.89,1
45.72,0.1666,0.1346,0.2724,230.78,58.01,0
70.47,0.203,0.1625,0.2366,376.75,62.31,0
23.83,0.164,0.1278,0.2064,137.94,50.27,0
70.01,0.2006,0.1521,0.284,356.63,62.14,0
25.16,0.1431,0.1315,0.2389,129.93,52.27,0
57.38,0.2073,0.1374,0.2755,303.01,60.53,0
42.66,0.488,0.1299,0.8557,229.54,55.18,1
71.09,0.1768,0.1488,0.329,340.12,64.29,0
27.86,0.1865,0.1373,0.195,180.29,53.01,0
44.25,0.145,0.0896,0.2062,224.8,56.39,0
28.8,0.1488,0.1218,0.1986,155.28,50.86,0
51.87,0.1689,0.1525,0.2398,277.33,58.88,0
61.09,0.1928,0.6241,0.2899,317.48,91.41,1
45.79,0.1602,0.1559,0.2741,243.57,55.21,0
74.14,0.205,0.174,0.3402,386.06,64.29,0
61.17,0.1647,0.1475,0.268,296.78,60.1,0
22.43,0.0966,0.1674,0.1835,132.22,48.91,0
39.17,0.1608,0.1125,0.2576,221.81,55.23,0
43.79,0.1301,0.1436,0.2092,202.69,54.0,0
65.03,0.1893,0.1545,0.2861,356.53,62.62,0
43.94,0.1508,0.1238,0.2818,237.72,56.8,0
33.36,0.1372,0.1274,0.2176,200.73,52.91,0
58.82,0.1749,0.1931,0.2313,313.86,58.12,0
71.45,0.1928,0.1539,0.3476,359.83,63.6,0
57.21,0.1822,0.1401,0.2923,318.19,59.42,0
45.59,0.1221,0.1186,0.2381,227.7,54.86,0
54.31,0.1576,0.1486,0.3169,281.25,56.73,0
20.06,0.1545,0.1078,0.1643,146.37,50.94,0
62.71,0.1835,0.1317,0.3403,290.26,59.11,0
53.37,0.1936,0.1337,0.2608,294.1,61.7,0
46.25,0.2271,0.1594,0.2353,239.49,55.51,0
34.3,0.1671,0.0976,0.187,181.05,50.65,0
58.22,0.1866,0.1509,0.2651,308.65,60.45,0
38.75,0.1676,0.0994,0.2689,216.02,54.28,0
52.14,0.1544,0.1091,0.2748,292.41,56.37,0
34.76,0.1659,0.1156,0.2725,153.45,53.53,0
20.1,0.1369,0.1055,0.2131,105.58,51.24,0
33.64,0.1593,0.1618,0.2542,192.96,53.57,0
64.56,0.1767,0.1267,0.3042,346.66,58.29,0
41.43,0.1834,0.1427,0.2003,225.87,56.54,0
47.22,0.1566,0.1507,0.2736,253.19,59.01,0
39.85,0.1423,0.1286,0.2697,216.76,53.64,0
51.44,0.1496,0.1669,0.2704,277.79,57.08,0
44.85,0.1648,0.1371,0.2525,216.67,55.3,0
20.7,0.1208,0.1309,0.1761,121.47,50.03,0
54.83,0.1883,0.1326,0.2692,269.33,55.63,0
46.35,0.1623,0.1235,0.2005,192.26,55.52,0
41.0,0.1707,0.1753,0.1992,197.86,54.88,0
32.39,0.153,0.158,0.2273,160.17,53.83,0
64.0,0.2083,0.1706,0.2567,328.06,61.05,0
63.16,0.1826,0.1695,0.2822,623.38,62.23,1
48.37,0.1528,0.1564,0.2785,244.82,57.37,0
55.22,0.1688,0.1225,0.2646,308.18,59.0,0
51.69,0.1876,0.1403,0.239,282.05,58.15,0
36.06,0.1317,0.1722,0.2545,192.82,53.87,0
63.63,0.1962,0.167,0.29,336.23,61.75,0
31.44,0.161,0.1003,0.2033,191.22,52.54,0
74.98,0.192,0.1687,0.2592,353.11,64.43,0
76.77,0.1836,0.1765,0.2823,396.57,63.38,0
45.24,0.1675,0.1251,0.2687,210.86,53.44,0
40.61,0.1792,0.1255,0.2621,206.24,55.42,0
41.16,0.1457,0.1154,0.2587,235.72,54.62,0
54.78,0.1864,0.1489,0.269,300.86,56.58,0
39.36,0.1801,0.1193,0.2439,207.4,53.78,0
29.44,0.1574,0.1299,0.1895,175.31,53.91,0
36.15,0.1627,0.1131,0.2484,180.14,52.27,0
23.01,0.161,0.1167,0.2372,122.21,51.15,0
36.55,0.1562,0.1434,0.175,193.59,53.5,0
35.96,0.1427,0.1087,0.2279,187.03,53.79,0
61.74,0.2115,0.1923,0.2855,321.63,57.32,0
50.37,0.1976,0.1203,0.2579,247.76,57.01,0
54.78,0.1747,0.1071,0.2366,265.11,58.6,0
74.58,0.1969,0.4955,0.2433,399.33,105.67,1
33.23,0.189,0.1605,0.2675,194.99,52.98,0
35.66,0.1301,0.096,0.233,219.57,52.47,0
59.43,0.1767,0.1331,0.2655,319.41,58.27,0
44.21,0.1538,0.1157,0.2335,215.43,56.13,0
67.21,0.1948,0.1168,0.3198,320.1,61.86,0
73.74,0.1854,0.1621,0.3764,372.3,62.29,0
64.58,0.216,0.2031,0.3179,329.14,60.13,0
41.27,0.1556,0.1419,0.199,231.51,55.62,0
39.84,0.1468,0.1185,0.2464,199.43,55.47,0
47.06,0.1491,0.1488,0.2515,269.22,56.32,0
52.76,0.1741,0.1376,0.2258,274.22,58.53,0
50.17,0.139,0.1167,0.2648,233.99,54.36,0
49.27,0.1812,0.1538,0.3118,247.2,56.28,0
76.53,0.2273,0.2079,0.3217,365.6,65.28,0
34.86,0.1312,0.1489,0.2487,211.35,51.08,0
49.93,0.1757,0.1315,0.2484,244.8,56.71,0
34.29,0.1494,0.1181,0.2125,219.12,52.91,0
51.72,0.1568,0.1395,0.2585,281.45,58.47,0
59.69,0.1579,0.1516,0.3001,302.47,58.24,0
33.45,0.1612,0.1448,0.2294,152.29,55.71,0
29.83,0.1416,0.1264,0.2264,170.86,54.6,0
35.33,0.1323,0.1371,0.2366,185.05,53.01,0
45.18,0.1833,0.1138,0.2762,238.19,57.17,0
66.73,0.1873,0.1767,0.2588,349.91,59.83,0
72.86,0.4826,0.154,0.9147,372.18,62.84,1
30.24,0.1842,0.1441,0.2229,144.92,51.57,0
36.35,0.1653,0.1339,0.2227,205.1,51.69,0
52.14,0.1719,0.1148,0.2524,269.74,56.99,0
50.77,0.1626,0.1238,0.246,250.81,58.62,0
36.24,0.1674,0.1537,0.2554,186.43,55.16,0
41.25,0.1787,0.1208,0.2206,206.9,56.7,0
30.48,0.1766,0.1154,0.2191,171.89,54.05,0
55.94,0.1401,0.1829,0.2125,263.45,60.08,0
33.74,0.1646,0.0978,0.2054,181.97,53.32,0
72.03,0.2038,0.1738,0.3387,350.64,61.62,0
61.81,0.2257,0.1617,0.2642,326.71,62.26,0
59.18,0.1888,0.1294,0.3767,309.55,60.83,0
45.16,0.1457,0.5098,0.2295,230.54,81.93,1
61.31,0.1779,0.1672,0.3216,327.3,61.75,0
40.92,0.1661,0.1377,0.2521,218.5,54.21,0
57.32,0.4298,0.1659,0.831,258.54,59.02,1
43.27,0.1323,0.128,0.2576,239.58,56.83,0
45.35,0.1764,0.1239,0.2919,246.43,54.19,0
22.91,0.1002,0.1237,0.2387,134.68,51.97,0
32.58,0.1383,0.1375,0.247,222.31,52.83,0
41.25,0.1747,0.1368,0.2032,244.04,53.78,0
53.96,0.1754,0.1496,0.2187,266.32,57.01,0
54.94,0.1562,0.1645,0.2934,263.61,59.6,0
27.26,0.1543,0.1253,0.1635,158.36,51.92,0
59.5,0.1727,0.1395,0.2775,315.09,60.28,0
33.89,0.1737,0.135,0.2194,194.65,53.52,0
44.87,0.1168,0.1207,0.2566,244.04,56.54,0
66.1,0.2081,0.1104,0.3044,340.28,60.44,0
37.42,0.1459,0.1163,0.2199,199.26,52.13,0
54.42,0.158,0.1741,0.2438,262.72,57.79,0
64.87,0.1642,0.1632,0.2885,313.82,59.69,0
60.95,0.1898,0.1782,0.2878,314.97,62.37,0
41.05,0.1754,0.1291,0.2664,235.93,55.94,0
64.77,0.2082,0.1763,0.283,324.87,60.02,0
20.68,0.4703,0.1113,0.7562,116.71,49.98,1
61.22,0.2136,0.1266,0.2899,315.67,60.81,0
29.25,0.1651,0.1075,0.2265,167.99,52.64,0
30.12,0.1347,0.1092,0.2178,171.08,51.61,0
27.45,0.135,0.1239,0.1764,173.16,52.75,0
58.39,0.2077,0.1731,0.2923,272.91,61.6,0
69.61,0.1809,0.1479,0.2634,335.41,61.66,0
33.77,0.1435,0.1179,0.2706,202.71,51.17,0
44.41,0.1824,0.1509,0.2825,231.27,52.96,0
39.49,0.1782,0.1486,0.2742,203.03,56.35,0
53.25,0.1774,0.1464,0.2963,288.38,58.88,0
41.93,0.1714,0.1354,0.2114,203.62,54.22,0
29.43,0.1312,0.1159,0.2343,146.31,51.48,0
65.78,0.1559,0.159,0.2662,323.43,61.38,0
49.08,0.1557,0.1152,0.2604,283.39,59.34,0
40.39,0.1752,0.147,0.2509,209.19,55.17,0
63.94,0.1763,0.1405,0.3083,339.58,61.65,0
47.57,0.1939,0.1247,0.2535,276.03,58.31,0
71.89,0.1914,0.1601,0.3436,386.81,61.71,0
42.4,0.1352,0.1356,0.1931,238.67,56.07,0
42.72,0.1429,0.1675,0.1909,510.64,53.43,1
40.86,0.1365,0.1558,0.2327,215.55,54.27,0
28.33,0.1541,0.0956,0.2002,146.01,54.7,0
21.97,0.1531,0.113,0.2595,102.18,51.26,0
41.12,0.1735,0.1278,0.2404,205.37,55.28,0
69.77,0.172,0.1751,0.3107,358.9,61.34,0
23.12,0.1595,0.1411,0.2063,143.57,49.34,0
38.18,0.1812,0.1259,0.2287,205.18,53.08,0
26.53,0.1409,0.0889,0.2099,148.31,50.86,0
73.37,0.2001,0.1638,0.2745,385.82,65.91,0
27.42,0.1331,0.1012,0.2289,133.0,53.63,0
40.83,0.1638,0.106,0.231,228.07,56.52,0
61.49,0.1907,0.1482,0.2357,325.55,59.34,0
42.95,0.1726,0.1258,0.2104,207.81,56.81,0
59.7,0.1492,0.1393,0.2537,292.3,62.03,0
30.11,0.1412,0.1309,0.2605,168.61,50.07,0
37.8,0.1659,0.1163,0.2362,191.19,53.03,0
76.85,0.2013,0.1504,0.329,411.36,65.83,0
58.85,0.1899,0.1174,0.2672,302.78,57.37,0
54.66,0.1768,0.1264,0.2615,271.58,59.74,0
27.25,0.1256,0.1381,0.2496,146.7,50.9,0
47.47,0.196,0.1363,0.212,235.8,58.58,0
24.04,0.1576,0.1437,0.1978,165.86,50.07,0
53.47,0.1529,0.7098,0.191,257.08,94.48,1
61.57,0.1866,0.1294,0.2528,324.28,64.11,0
72.77,0.1998,0.1121,0.3102,370.29,64.52,0
39.95,0.1471,0.1501,0.2528,229.48,54.99,0
21.23,0.128,0.1098,0.2607,118.55,48.75,0
76.15,0.1998,0.1607,0.2941,384.93,61.88,0
51.85,0.1158,0.1209,0.304,275.33,56.4,0
36.01,0.1677,0.0984,0.2467,181.37,52.53,0
75.63,0.192,0.1523,0.2795,401.97,65.69,0
74.58,0.1998,0.1513,0.2677,387.37,62.88,0
67.23,0.2237,0.5248,0.3365,335.49,113.52,1
45.54,0.1696,0.1072,0.2548,221.8,57.01,0
72.03,0.1807,0.1537,0.2757,348.4,63.55,0
71.1,0.1613,0.1804,0.2739,346.58,63.18,0
25.57,0.4554,0.0972,0.798,120.98,52.76,1
67.56,0.1662,0.137,0.2937,353.55,62.5,0
36.88,0.1405,0.1272,0.2102,181.75,54.0,0
55.26,0.194,0.1557,0.2449,287.21,60.14,0
68.96,0.1925,0.1609,0.2647,358.16,61.83,0
20.8,0.1212,0.128,0.2144,128.44,51.53,0
63.83,0.1814,0.1352,0.33,310.1,59.4,0
35.72,0.159,0.134,0.1926,218.06,53.34,0
28.95,0.147,0.1355,0.2218,145.71,50.34,0
22.81,0.1317,0.4116,0.2541,117.53,81.35,1
27.32,0.1493,0.1574,0.2187,163.17,55.12,0
50.77,0.182,0.134,0.2745,272.33,57.42,0
47.17,0.1698,0.1006,0.2621,241.63,57.52,0
75.31,0.2044,0.1796,0.2426,381.1,63.74,0
38.12,0.1701,0.1271,0.2351,226.03,51.89,0
44.18,0.1446,0.1481,0.2226,277.51,58.39,0
47.39,0.1706,0.1513,0.2869,262.8,55.16,0
40.73,0.1422,0.1387,0.2855,227.49,57.47,0
63.27,0.2011,0.1746,0.2945,344.3,62.66,0
74.44,0.2148,0.1426,0.322,382.9,61.63,0
68.73,0.1884,0.184,0.2741,351.82,61.32,0
49.0,0.1667,0.107,0.2999,264.71,58.89,0
45.86,0.1778,0.1516,0.2719,242.51,57.27,0
52.66,0.1782,0.1475,0.2407,267.39,59.02,0
76.0,0.2095,0.1861,0.2471,392.26,65.52,0
38.33,0.1267,0.1099,0.2797,204.78,56.67,0
37.69,0.1669,0.1335,0.2061,224.47,53.59,0
52.1,0.1567,0.1791,0.2807,267.92,59.24,0
28.43,0.1531,0.106,0.252,149.84,49.99,0
67.46,0.2008,0.1387,0.2614,333.87,63.78,0
37.41,0.1665,0.1623,0.3004,203.56,58.85,0
20.92,0.1058,0.1516,0.1937,125.29,48.64,0
25.22,0.1347,0.1213,0.1995,156.03,51.24,0
56.55,0.1869,0.1086,0.2702,289.82,56.49,0
72.91,0.1843,0.1422,0.2921,392.25,62.3,0
21.64,0.1303,0.0917,0.1957,133.04,48.23,0
30.6,0.1777,0.1629,0.2237,172.48,51.77,0
58.97,0.1638,0.144,0.2977,307.24,60.95,0
53.57,0.1948,0.1263,0.2505,285.93,61.19,0
40.84,0.1319,0.1351,0.2325,217.43,57.15,0
57.11,0.1762,0.1264,0.215,321.59,60.65,0
28.49,0.1379,0.1151,0.1926,144.96,51.63,0
73.18,0.2171,0.1585,0.25,380.06,64.15,0
61.13,0.1841,0.1295,0.3072,315.06,59.8,0
25.49,0.1561,0.0833,0.2323,113.63,51.73,0
30.27,0.1235,0.13,0.2352,152.89,51.37,0
68.07,0.2151,0.1763,0.2843,342.04,61.32,0
33.3,0.155,0.1047,0.2423,199.34,54.98,0
25.12,0.1649,0.1429,0.2518,129.53,49.66,0
29.3,0.1255,0.1054,0.2509,133.91,51.1,0
35.08,0.6183,0.1316,1.01,173.06,51.37,1
70.36,0.1867,0.1595,0.2385,348.81,61.48,0
64.75,0.1842,0.1222,0.2552,322.1,61.54,0
68.8,0.222,0.137,0.2612,357.1,59.14,0
69.18,0.2031,0.1415,0.3164,371.59,63.61,0
34.01,0.1479,0.1198,0.2608,205.81,53.14,0
41.87,0.1357,0.1478,0.319,250.51,54.91,0
51.64,0.1876,0.1602,0.2288,255.69,58.17,0
65.81,0.158,0.1343,0.2909,317.84,61.55,0
26.9,0.1464,0.1568,0.2502,168.08,51.96,0
71.01,0.1472,0.1303,0.3192,354.93,62.42,0
61.72,0.155,0.1391,0.2379,309.48,59.91,0
55.83,0.1988,0.1379,0.2955,283.41,58.77,0
30.74,0.1826,0.1586,0.2378,196.43,53.39,0
59.32,0.2182,0.1392,0.283,306.32,60.15,0
27.78,0.1574,0.0832,0.2608,150.54,54.06,0
20.09,0.135,0.1076,0.1843,95.44,50.39,0
31.05,0.1334,0.1429,0.2304,197.72,51.64,0
23.22,0.1298,0.1357,0.1737,124.25,51.04,0
56.54,0.1754,0.1297,0.2968,298.05,57.59,0
65.92,0.1533,0.1435,0.2679,336.93,63.31,0
73.16,0.203,0.175,0.2692,387.98,61.5,0
48.59,0.1861,0.1487,0.2145,248.38,57.02,0
47.41,0.1302,0.1401,0.2847,278.35,56.32,0
28.2,0.1601,0.083,0.235,161.86,50.08,0
57.92,0.5924,0.1384,0.7717,285.13,56.12,1
47.59,0.1711,0.1373,0.3035,247.18,56.99,0
33.04,0.1785,0.673,0.2586,177.53,111.84,1
22.81,0.1689,0.1092,0.1867,125.68,48.97,0
74.84,0.2088,0.1327,0.2874,420.74,64.22,0
63.42,0.1909,0.1582,0.2842,330.63,62.42,0
72.26,0.1557,0.1741,0.333,356.28,61.97,0
49.33,0.1716,0.1276,0.3322,274.19,55.62,0
77.74,0.1844,0.1372,0.3171,411.57,64.85,0
68.5,0.1759,0.1348,0.2582,347.99,60.1,0
21.49,0.1531,0.0849,0.2389,123.99,48.95,0
70.71,0.1962,0.1452,0.3171,374.85,62.91,0
65.23,0.166,0.1515,0.2722,359.33,62.05,0
42.18,0.1711,0.1292,0.2684,226.55,55.71,0
75.15,0.1745,0.1988,0.2735,371.71,65.94,0
64.66,0.2261,0.1576,0.2527,340.46,59.52,0
50.47,0.1859,0.1379,0.3082,285.81,57.34,0
69.64,0.185,0.1534,0.2949,351.52,61.6,0
63.1,0.1561,0.1705,0.3289,333.65,59.91,0
39.76,0.1369,0.1569,0.2374,218.21,53.95,0
40.15,0.1575,0.1471,0.2458,230.72,52.94,0
26.07,0.1369,0.1642,0.2557,153.38,49.9,0
60.25,0.1911,0.1561,0.2323,304.75,60.98,0
73.95,0.1408,0.1682,0.3126,379.8,64.68,0
35.75,0.1404,0.1529,0.231,204.09,54.55,0
29.73,0.2078,0.1208,0.202,135.03,54.04,0
59.83,0.2239,0.132,0.2591,285.28,59.68,0
59.41,0.1923,0.1441,0.2866,293.59,59.67,0
44.69,0.1862,0.149,0.2842,217.51,54.2,0
36.91,0.1636,0.1521,0.2889,207.31,52.04,0
29.41,0.0904,0.1346,0.2262,162.16,51.88,0
73.33,0.2121,0.1763,0.326,374.74,65.98,0
34.73,0.1921,0.1424,0.3005,204.08,52.48,0
47.81,0.1674,0.154,0.2712,234.02,59.02,0
54.29,0.1559,0.1568,0.3032,293.45,56.52,0
43.3,0.1708,0.1106,0.2532,237.51,53.42,0
20.13,0.1446,0.1165,0.2834,148.68,49.4,0
45.99,0.1913,0.15,0.2666,451.48,55.95,1
34.24,0.1633,0.1123,0.1987,182.46,53.31,0
53.63,0.1743,0.1393,0.3093,265.25,59.14,0
51.49,0.208,0.1064,0.302,250.91,58.47,0
27.53,0.1675,0.116,0.2733,138.53,48.54,0
22.56,0.1344,0.1336,0.189,117.25,50.12,0
23.95,0.1189,0.1695,0.222,135.43,53.55,0
29.01,0.1543,0.1083,0.1873,154.32,52.24,0
20.89,0.1637,0.1059,0.1538,114.17,48.64,0
25.64,0.3563,0.1639,0.7786,163.06,52.4,1
33.25,0.1666,0.1671,0.2399,216.01,53.13,0
31.02,0.1315,0.1616,0.2216,192.64,52.79,0
72.57,0.1932,0.135,0.3055,351.8,63.98,0
67.27,0.1946,0.177,0.3117,321.7,60.74,0
28.14,0.1403,0.1336,0.3024,178.0,52.61,0
73.78,0.1938,0.1901,0.2986,403.25,64.62,0
64.43,0.1729,0.15,0.2246,310.57,60.59,0
63.05,0.196,0.1728,0.2368,323.4,61.41,0
71.44,0.175,0.1613,0.2932,354.88,62.72,0
64.27,0.1451,0.1696,0.2814,327.57,62.67,0
45.32,0.1699,0.1262,0.2467,253.75,54.82,0
59.1,0.1546,0.1802,0.3422,315.5,59.27,0
22.22,0.1259,0.1245,0.2018,128.33,48.4,0
30.46,0.1444,0.1022,0.2242,171.72,50.31,0
52.09,0.1339,0.1466,0.2851,278.54,57.04,0
32.98,0.1253,0.0787,0.2083,188.41,53.07,0
71.79,0.2078,0.1606,0.2744,364.66,61.8,0
41.09,0.1484,0.1383,0.2806,198.27,55.83,0
37.53,0.2015,0.1327,0.2516,213.87,55.79,0
59.71,0.1905,0.1837,0.2852,309.96,59.53,0
43.16,0.1846,0.1298,0.2128,221.73,55.71,0
66.38,0.1933,0.159,0.3434,341.57,62.44,0
61.02,0.1665,0.1881,0.3511,321.98,59.63,0
57.49,0.1799,0.1699,0.2032,301.1,59.96,0
55.46,0.1677,0.1624,0.2545,313.63,59.28,0
73.4,0.2301,0.1463,0.2783,335.95,61.82,0
71.13,0.1701,0.193,0.2843,373.27,62.21,0
40.53,0.1592,0.1244,0.2332,221.84,55.36,0
77.53,0.1957,0.1862,0.2705,356.48,66.71,0
73.01,0.2107,0.1746,0.2908,362.14,64.02,0
57.13,0.1945,0.1658,0.2357,310.35,59.94,0
75.79,0.2186,0.1803,0.2797,363.43,62.7,0
22.14,0.1389,0.1222,0.2345,112.64,49.89,0
36.14,0.2099,0.1491,0.206,176.76,54.66,0
31.1,0.1968,0.1236,0.2343,167.74,54.69,0
63.0,0.1581,0.1571,0.3204,322.28,59.85,0
50.58,0.1363,0.1285,0.2619,275.24,57.49,0
35.57,0.153,0.1295,0.2451,188.67,54.32,0
63.96,0.1931,0.1319,0.3073,320.61,60.71,0
21.8,0.1597,0.1196,0.2186,132.31,50.48,0
63.96,0.2097,0.1543,0.2675,334.9,63.32,0
62.53,0.1821,0.145,0.2965,324.82,61.96,0
55.41,0.1781,0.1165,0.2533,286.86,59.89,0
46.86,0.1349,0.1374,0.2191,242.54,55.42,0
50.47,0.1553,0.1298,0.2784,240.13,56.89,0
73.05,0.1997,0.1667,0.2977,362.42,62.7,0
42.65,0.1631,0.1395,0.2314,240.56,55.52,0
32.67,0.1312,0.1168,0.2779,167.35,53.98,0
31.49,0.1503,0.1115,0.2415,156.25,54.18,0
29.95,0.1603,0.0938,0.2555,144.51,52.7,0
64.09,0.1672,0.1703,0.289,340.53,59.32,0
20.49,0.1455,0.1182,0.2439,125.17,48.01,0
69.96,0.1842,0.1654,0.2773,347.87,61.54,0
74.91,0.6926,0.1465,1.0365,382.63,63.06,1
65.54,0.2061,0.1706,0.268,340.13,61.1,0
38.57,0.0968,0.1118,0.2684,210.55,54.6,0
38.54,0.1764,0.1101,0.2017,187.67,55.2,0
31.18,0.1444,0.1129,0.2365,127.24,53.13,0
65.23,0.1697,0.1354,0.2983,328.01,61.3,0
41.65,0.1547,0.1133,0.2877,234.73,55.09,0
74.21,0.1951,0.1346,0.3327,375.34,65.32,0
46.9,0.1711,0.0963,0.231,251.03,55.87,0
31.4,0.1501,0.1354,0.205,156.84,55.37,0
35.5,0.1376,0.526,0.3154,199.49,103.88,1
48.51,0.1696,0.1326,0.3236,272.88,58.8,0
64.11,0.1926,0.1942,0.2503,319.92,62.43,0
32.14,0.1594,0.1539,0.2111,203.03,49.83,0
35.47,0.1745,0.1259,0.2622,181.93,55.07,0
54.16,0.1963,0.1621,0.2227,287.49,56.78,0
73.03,0.2501,0.1513,0.2896,382.18,64.35,0
69.72,0.1847,0.1627,0.2884,368.46,62.32,0
43.52,0.208,0.1065,0.2627,241.06,57.13,0
72.62,0.2259,0.1401,0.3309,393.74,59.03,0
75.89,0.1798,0.141,0.3502,396.33,64.95,0
41.92,0.1528,0.133,0.233,219.59,53.12,0
25.28,0.1237,0.1594,0.2061,132.54,53.96,0
45.16,0.1446,0.1427,0.2783,214.14,58.29,0
47.51,0.1645,0.1065,0.2989,256.43,58.26,0
26.3,0.1118,0.1221,0.2305,164.91,53.75,0
67.97,0.1463,0.1683,0.3284,336.41,62.61,0
38.16,0.1644,0.1107,0.2534,210.73,54.26,0
53.95,0.1596,0.65,0.2768,283.67,86.22,1
25.32,0.1768,0.1279,0.2128,128.3,51.48,0
67.94,0.1655,0.1968,0.258,354.15,61.4,0
47.35,0.1635,0.145,0.227,259.71,58.98,0
75.78,0.6197,0.1536,1.0549,408.57,63.8,1
74.42,0.2048,0.1677,0.318,334.55,64.8,0
52.59,0.1447,0.1777,0.2852,267.38,59.17,0
71.89,0.204,0.1657,0.2998,351.98,62.85,0
76.38,0.1851,0.166,0.2808,373.74,64.22,0
31.62,0.1847,0.1193,0.2389,164.94,52.62,0
46.82,0.1776,0.1463,0.2292,242.95,57.31,0
27.76,0.178,0.0917,0.2105,149.44,51.33,0
21.8,0.1202,0.1236,0.2128,135.87,48.91,0
72.2,0.2107,0.1043,0.2915,366.39,63.86,0
33.52,0.1394,0.1511,0.1959,195.4,51.61,0
23.96,0.1655,0.1302,0.2212,146.89,50.12,0
64.78,0.2266,0.1647,0.28,318.89,61.05,0
31.97,0.155,0.178,0.265,183.76,52.76,0
49.86,0.175,0.5965,0.2417,278.54,95.52,1
71.04,0.1885,0.1754,0.3236,355.33,63.11,0
37.07,0.1272,0.143,0.2858,207.33,54.74,0
76.61,0.1707,0.1467,0.2923,395.95,64.27,0
44.86,0.1618,0.1189,0.271,226.8,57.25,0
40.75,0.1322,0.146,0.2976,218.84,56.47,0
68.15,0.2073,0.1753,0.2328,341.98,60.45,0
41.4,0.1822,0.1237,0.2314,218.97,53.28,0
21.99,0.1737,0.1161,0.2817,147.3,49.99,0
68.58,0.1833,0.1548,0.3055,340.31,60.88,0
25.93,0.1483,0.1588,0.2425,180.01,51.86,0
65.46,0.218,0.1589,0.2444,340.93,62.83,0
24.89,0.132,0.1064,0.2279,145.22,52.22,0
56.89,0.1736,0.1485,0.2809,276.02,58.52,0
60.97,0.1707,0.1374,0.2624,309.87,59.78,0
76.32,0.1799,0.1637,0.3099,383.93,62.08,0
62.86,0.175,0.1389,0.2231,329.1,60.76,0
20.88,0.1314,0.0775,0.2546,119.25,51.66,0
35.04,0.1499,0.1427,0.286,208.69,53.55,0
37.1,0.1726,0.1354,0.2019,217.91,53.86,0
38.88,0.1461,0.0755,0.2503,219.68,54.74,0
54.52,0.1761,0.162,0.2426,276.0,56.77,0
51.65,0.2045,0.1362,0.2773,269.08,53.3,0
46.1,0.1958,0.1404,0.253,220.17,56.17,0
41.4,0.1388,0.163,0.2398,207.82,55.33,0
36.22,0.1372,0.1277,0.265,213.94,55.51,0
23.03,0.1421,0.1256,0.2497,130.74,51.78,0
26.7,0.1365,0.1283,0.1794,154.22,50.79,0
29.68,0.1415,0.1311,0.2721,165.04,49.02,0
65.77,0.1964,0.156,0.2988,333.34,63.19,0
55.56,0.2011,0.1383,0.2369,262.21,59.05,0
32.85,0.1187,0.1064,0.2359,160.3,52.8,0
24.01,0.1432,0.1008,0.2083,153.82,51.81,0
36.92,0.1727,0.1344,0.244,210.01,51.97,0
65.15,0.1676,0.1734,0.2825,333.89,61.28,0
29.17,0.149,0.1072,0.2046,161.56,54.78,0
43.38,0.1572,0.1355,0.2226,230.77,55.59,0
34.49,0.1294,0.1119,0.2165,176.37,51.52,0
21.3,0.0826,0.1252,0.1844,124.97,47.76,0
53.17,0.1731,0.1615,0.3054,259.9,59.49,0
71.97,0.1833,0.1763,0.2883,378.43,65.21,0
40.17,0.1503,0.132,0.243,221.08,53.49,0
40.47,0.1344,0.1628,0.2658,209.93,55.99,0
55.63,0.1919,0.1365,0.3177,283.27,57.5,0
30.22,0.1391,0.1416,0.2262,166.38,53.84,0
55.95,0.1585,0.1266,0.2923,278.01,59.08,0
72.33,0.1942,0.1581,0.2998,374.46,61.63,0
65.84,0.1994,0.181,0.2941,339.48,62.37,0
27.65,0.1511,0.1081,0.2159,150.62,49.89,0
48.62,0.1854,0.1369,0.2531,259.38,56.41,0
37.92,0.1607,0.1361,0.2652,236.26,54.44,0
37.29,0.2007,0.1271,0.24,204.7,52.82,0
66.82,0.2068,0.1637,0.2655,320.15,61.58,0
63.37,0.1836,0.1453,0.2825,300.49,62.87,0
66.99,0.1717,0.6497,0.2722,335.23,95.5,1
77.47,0.1713,0.1668,0.3225,390.96,63.38,0
28.95,0.151,0.1523,0.1812,155.74,50.01,0
44.35,0.1557,0.1524,0.2706,230.36,57.5,0
40.8,0.1781,0.1343,0.2669,207.24,57.32,0
64.88,0.1704,0.1629,0.3023,318.27,62.77,0
40.51,0.1646,0.1114,0.2222,231.85,54.86,0
46.67,0.1649,0.1799,0.2505,251.34,55.81,0
46.72,0.1678,0.148,0.2679,253.71,58.42,0
20.76,0.1428,0.1337,0.1874,438.0,48.65,1
32.37,0.1684,0.1312,0.2002,180.74,52.36,0
66.39,0.19,0.1785,0.2859,341.41,61.2,0
49.36,0.1613,0.1206,0.2616,239.75,60.54,0
40.35,0.1337,0.1333,0.2657,243.4,54.7,0
60.76,0.1956,0.1463,0.283,317.1,60.71,0
72.58,0.1813,0.1866,0.2336,369.29,65.78,0
62.36,0.177,0.1494,0.267,302.19,62.15,0
37.02,0.1481,0.1213,0.2537,193.75,52.52,0
29.09,0.1273,0.1012,0.2049,158.87,53.49,0
77.15,0.1791,0.1625,0.3142,401.24,64.11,0
59.45,0.4933,0.1341,0.7554,315.59,59.53,1
30.68,0.1423,0.1064,0.2233,163.78,48.57,0
44.97,0.1451,0.136,0.26,247.74,55.43,0
40.31,0.1713,0.1103,0.2949,224.08,56.21,0
28.87,0.1681,0.0906,0.2186,140.18,50.65,0
60.89,0.1876,0.1353,0.2895,304.07,60.27,0
27.05,0.1499,0.1575,0.2087,178.99,52.29,0
67.2,0.1371,0.1714,0.2593,343.69,61.96,0
36.05,0.1454,0.1202,0.2264,222.14,54.9,0
48.12,0.184,0.1473,0.245,264.61,57.94,0
34.97,0.1528,0.1446,0.2255,188.66,54.25,0
34.99,0.161,0.1506,0.2412,195.26,55.04,0
46.32,0.183,0.1137,0.2446,261.43,58.86,0
32.81,0.1736,0.1343,0.1962,177.61,52.34,0
27.02,0.1576,0.1179,0.2171,174.83,51.32,0
24.43,0.1715,0.1342,0.2407,164.39,50.27,0
62.25,0.1701,0.1333,0.3139,342.86,63.57,0
71.22,0.1929,0.1523,0.3179,345.02,62.15,0
37.18,0.1528,0.1239,0.2529,209.9,55.04,0
67.15,0.1605,0.1258,0.2806,342.96,60.25,0
53.2,0.1665,0.1407,0.2066,269.3,57.49,0
29.86,0.1483,0.1183,0.1942,191.74,53.92,0
70.62,0.1951,0.1455,0.3142,346.28,60.12,0
21.08,0.1571,0.1026,0.2672,121.52,48.64,0
63.64,0.1616,0.1224,0.2575,324.11,57.72,0
58.98,0.2261,0.154,0.3012,298.41,57.96,0
35.6,0.1313,0.134,0.2185,202.45,54.17,0
39.4,0.1609,0.1169,0.2214,202.72,55.64,0
51.01,0.1625,0.1282,0.2752,262.94,55.66,0
51.07,0.1411,0.1386,0.2466,264.95,58.03,0
76.82,0.2094,0.1737,0.2617,340.63,64.29,0
65.22,0.1878,0.521,0.2741,361.06,103.45,1
39.05,0.1775,0.1283,0.2326,226.21,56.22,0
53.62,0.1369,0.1351,0.2221,260.1,58.93,0
21.54,0.111,0.1288,0.257,132.24,50.75,0
54.52,0.1671,0.155,0.2794,279.12,60.45,0
66.58,0.21,0.1346,0.2711,358.44,60.12,0
76.04,0.2014,0.1806,0.2737,392.23,64.75,0
35.81,0.1441,0.0994,0.2369,175.48,55.41,0
70.52,0.1954,0.1712,0.2626,352.23,63.54,0
39.39,0.1766,0.1352,0.2465,221.43,57.3,0
44.61,0.1695,0.1342,0.1866,225.31,56.05,0
69.41,0.1871,0.1697,0.2801,349.21,62.98,0
72.12,0.6464,0.16,0.7302,371.86,64.52,1
55.16,0.1684,0.1383,0.2694,259.43,59.27,0
60.35,0.1734,0.1774,0.2244,327.63,61.19,0
27.28,0.1669,0.1656,0.268,175.26,53.76,0
46.61,0.1371,0.0984,0.2731,220.87,55.18,0
25.97,0.15,0.1264,0.2124,152.32,50.07,0
46.11,0.1755,0.1409,0.2795,220.44,58.12,0
62.72,0.1802,0.1341,0.2318,336.19,61.02,0
52.56,0.1908,0.2123,0.2447,267.24,57.44,0
71.5,0.1935,0.1583,0.3105,351.53,61.7,0
45.87,0.1758,0.1155,0.297,254.07,56.3,0
46.18,0.1612,0.1364,0.2133,220.35,56.17,0
31.02,0.1877,0.161,0.1441,158.12,53.09,0
55.09,0.1492,0.1805,0.2808,296.91,56.85,0
71.3,0.1665,0.2159,0.3015,395.19,63.86,0
44.18,0.1307,0.1554,0.2227,263.11,57.48,0
36.89,0.1904,0.095,0.2488,218.37,54.45,0
26.78,0.165,0.107,0.2317,160.86,51.89,0
26.07,0.1673,0.1137,0.2486,128.52,50.08,0
55.83,0.1357,0.1444,0.3009,288.32,58.61,0
63.23,0.2086,0.1274,0.2651,305.85,62.27,0
29.42,0.1509,0.0981,0.2302,177.33,54.27,0
51.97,0.1631,0.1318,0.243,294.57,57.45,0
73.77,0.198,0.1652,0.3132,363.52,63.55,0
54.67,0.4256,0.1799,1.1044,292.81,57.69,1
46.39,0.5432,0.1626,0.6577,247.81,57.12,1
40.89,0.4438,0.142,0.8829,214.07,53.15,1
63.98,0.2012,0.1444,0.2576,378.73,61.51,0
37.32,0.1374,0.1317,0.2133,184.6,56.15,0
20.83,0.1714,0.1246,0.1984,107.43,49.92,0
73.16,0.1906,0.1388,0.3033,365.5,62.92,0
42.35,0.1397,0.1068,0.284,249.09,55.17,0
25.95,0.1668,0.1117,0.2316,168.4,52.07,0
31.86,0.1846,0.1208,0.2355,180.96,51.92,0
21.67,0.5347,0.0992,0.6525,159.13,47.7,1
65.96,0.1894,0.1576,0.2602,337.45,61.18,0
32.17,0.1969,0.1237,0.1804,187.77,51.66,0
31.46,0.1395,0.1055,0.2529,173.75,52.77,0
36.61,0.1316,0.1133,0.2249,193.39,52.73,0
49.34,0.1441,0.1724,0.2798,257.91,58.36,0
59.75,0.1293,0.1678,0.2728,291.64,59.93,0
20.62,0.104,0.1072,0.1705,117.95,49.06,0
64.06,0.1903,0.1417,0.2688,319.96,59.7,0
66.88,0.2178,0.1698,0.3344,331.81,63.68,0
59.0,0.2042,0.1635,0.3032,305.65,56.43,0
44.92,0.169,0.1101,0.2124,232.24,57.86,0
39.75,0.1657,0.112,0.2114,214.56,53.12,0
37.17,0.1867,0.1225,0.2613,196.57,53.27,0
41.15,0.1255,0.1366,0.2419,189.28,56.48,0
28.52,0.1465,0.1135,0.2658,152.15,52.79,0
74.08,0.1747,0.1826,0.3094,372.71,64.15,0
68.8,0.1838,0.1715,0.2101,379.84,60.21,0
24.66,0.1011,0.0855,0.1763,136.46,47.82,0
25.18,0.1643,0.1449,0.1902,157.24,49.1,0
25.93,0.1592,0.1397,0.2478,121.67,51.47,0
32.8,0.1846,0.1487,0.2931,187.81,54.91,0
28.49,0.1433,0.1303,0.2416,171.11,50.46,0
72.04,0.2024,0.1677,0.2627,354.66,62.55,0
67.51,0.207,0.1574,0.3423,329.95,61.02,0
40.17,0.1256,0.1658,0.2369,203.48,56.2,0
37.95,0.1576,0.139,0.2552,215.79,54.67,0
29.14,0.1587,0.1137,0.2975,176.15,52.82,0
24.13,0.111,0.1369,0.2085,154.81,50.47,0
59.87,0.186,0.1433,0.2526,328.03,60.47,0
69.82,0.191,0.1352,0.3359,544.39,60.35,1
31.86,0.1671,0.1167,0.2064,133.55,54.72,0
25.26,0.1657,0.0825,0.1813,113.05,49.71,0
56.14,0.1664,0.1608,0.3126,277.93,59.62,0
48.46,0.1636,0.1589,0.2613,235.9,57.41,0
20.2,0.1189,0.0879,0.2238,121.95,51.06,0
22.88,0.1491,0.1148,0.2446,411.36,50.09,1
34.7,0.1352,0.0989,0.3114,213.14,51.92,0
25.09,0.1391,0.1119,0.2429,161.29,51.79,0
24.45,0.1765,0.097,0.2497,130.83,50.78,0
31.4,0.1429,0.1325,0.1738,188.3,53.65,0
41.32,0.1583,0.1356,0.2897,232.84,54.03,0
42.27,0.1572,0.1268,0.2983,224.33,54.08,0
56.97,0.1705,0.5935,0.2346,268.67,107.0,1
56.41,0.1605,0.1229,0.2639,272.21,57.65,0
61.2,0.1246,0.1391,0.2958,308.99,59.05,0
52.97,0.1535,0.1475,0.3039,281.47,57.2,0
23.5,0.0999,0.1266,0.1599,139.45,49.58,0
27.3,0.1709,0.1408,0.2185,139.99,50.29,0
22.66,0.1128,0.1255,0.1841,108.42,48.67,0
20.69,0.1189,0.1275,0.1332,125.79,50.55,0
48.75,0.1633,0.1551,0.2754,251.39,57.39,0
77.45,0.2414,0.1297,0.2942,372.66,66.14,0
40.36,0.1585,0.1629,0.2666,216.93,55.21,0
21.35,0.1395,0.1211,0.1945,120.94,49.05,0
45.46,0.1203,0.133,0.2747,253.34,53.57,0
20.69,0.187,0.1416,0.182,116.45,50.87,0
73.66,0.2149,0.1875,0.2576,402.52,63.88,0
26.56,0.1478,0.1729,0.2275,166.62,53.7,0
49.88,0.1916,0.095,0.2437,247.13,58.94,0
57.89,0.1355,0.1694,0.2336,309.91,59.7,0
57.04,0.2003,0.149,0.2609,290.63,61.07,0
32.46,0.1218,0.1694,0.1849,197.41,51.33,0
71.55,0.1816,0.1325,0.3023,382.28,61.76,0
28.82,0.1714,0.0882,0.2087,153.28,51.26,0
63.87,0.2387,0.1492,0.2738,319.84,58.26,0
46.15,0.172,0.1048,0.2501,251.85,57.44,0
36.89,0.2013,0.1418,0.2365,210.4,54.78,0
57.72,0.1941,0.0897,0.2491,285.08,60.19,0
35.65,0.5785,0.133,0.8993,198.07,57.44,1
60.94,0.1874,0.1459,0.2886,325.31,60.22,0
58.28,0.2168,0.1619,0.2861,295.63,62.24,0
31.97,0.1196,0.1297,0.2245,180.48,53.14,0
31.34,0.1496,0.1233,0.2059,170.64,53.43,0
71.3,0.2265,0.1345,0.2931,335.75,63.69,0
70.31,0.1838,0.1687,0.2692,365.57,60.6,0
35.54,0.1555,0.1208,0.2396,206.36,55.47,0
59.06,0.1583,0.1885,0.2198,297.5,61.8,0
58.71,0.1967,0.1455,0.2604,306.32,58.3,0
53.64,0.1741,0.1678,0.269,269.18,56.93,0
65.81,0.2256,0.1508,0.3192,341.55,59.82,0
49.6,0.1424,0.1655,0.237,256.81,54.6,0
70.26,0.1743,0.1625,0.3468,357.04,61.39,0
71.32,0.7156,0.1526,0.9117,382.68,62.08,1
33.66,0.1788,0.1177,0.2265,167.16,52.62,0
60.3,0.1581,0.1483,0.2865,312.21,61.24,0
31.14,0.2018,0.1277,0.238,190.71,52.96,0
50.51,0.1919,0.1366,0.2067,270.71,59.01,0
33.24,0.1636,0.1338,0.2527,182.08,52.4,0
68.74,0.1753,0.1399,0.263,342.91,64.32,0
65.22,0.2034,0.1149,0.2986,316.68,57.88,0
43.51,0.1911,0.1372,0.2596,238.41,57.7,0
36.93,0.1466,0.1339,0.2176,210.65,53.38,0
25.35,0.0976,0.1602,0.221,105.86,47.64,0
61.6,0.2255,0.1429,0.2806,304.96,61.49,0
23.23,0.1709,0.164,0.1874,151.64,52.76,0
74.16,0.198,0.1336,0.2536,367.91,64.17,0
50.3,0.1452,0.1758,0.1702,263.26,55.46,0
70.9,0.2096,0.1308,0.2782,344.29,62.82,0
77.03,0.193,0.1897,0.3169,370.17,64.14,0
65.47,0.163,0.1519,0.2592,333.68,60.28,0
32.08,0.1183,0.0899,0.2383,461.69,51.3,1
76.9,0.2151,0.1382,0.3467,404.27,65.14,0
33.63,0.1784,0.1266,0.2377,210.44,51.13,0
34.04,0.1912,0.1359,0.242,181.52,55.13,0
32.85,0.1573,0.1205,0.2034,181.48,53.31,0
68.61,0.1917,0.1459,0.3001,333.81,62.04,0
64.35,0.1947,0.1007,0.2943,357.46,59.93,0
42.93,0.1676,0.136,0.257,246.3,57.76,0
59.02,0.1672,0.1625,0.2729,322.65,59.66,0
66.62,0.1643,0.154,0.318,337.81,61.17,0
24.07,0.1433,0.1409,0.1577,148.33,49.35,0
62.35,0.215,0.1822,0.2732,304.34,61.69,0
74.87,0.2092,0.1278,0.3039,397.32,64.85,0
29.18,0.1352,0.1242,0.1834,148.05,52.62,0
40.01,0.1582,0.1111,0.2777,223.3,56.26,0
29.79,0.1431,0.1329,0.2144,169.71,53.84,0
76.9,0.209,0.1753,0.3209,395.39,64.11,0
58.87,0.184,0.1649,0.2763,326.16,60.86,0
45.52,0.1792,0.1512,0.2338,239.24,52.07,0
45.85,0.1717,0.1411,0.2411,252.22,56.87,0
43.43,0.147,0.1682,0.2587,229.67,56.84,0
28.82,0.1701,0.1134,0.1851,168.48,52.3,0
27.33,0.1849,0.1127,0.2186,150.13,53.59,0
23.18,0.1341,0.104,0.2274,138.65,50.74,0
59.28,0.1609,0.1449,0.2748,299.22,58.5,0
37.57,0.1667,0.1185,0.199,197.56,54.65,0
61.43,0.2109,0.1888,0.2909,318.75,62.28,0
60.94,0.1866,0.1942,0.2627,308.23,59.27,0
46.76,0.179,0.1408,0.2843,240.89,58.63,0
74.03,0.1615,0.1225,0.3414,402.6,62.9,0
51.48,0.1604,0.1469,0.239,271.18,57.78,0
74.58,0.2095,0.1701,0.2737,362.19,64.76,0
41.2,0.1426,0.1418,0.2337,210.1,55.98,0
25.1,0.143,0.0902,0.2314,163.3,51.72,0
76.74,0.1949,0.1746,0.287,405.7,63.59,0
60.36,0.1644,0.1669,0.2491,328.61,61.64,0
36.53,0.1678,0.1332,0.2522,215.9,56.12,0
49.63,0.1847,0.1787,0.2398,263.55,58.64,0
77.24,0.2239,0.1213,0.3547,382.08,64.34,0
55.14,0.1918,0.1504,0.2384,296.16,59.63,0
25.06,0.1324,0.1075,0.2079,135.23,51.5,0
77.38,0.2085,0.1608,0.2642,392.35,63.08,0
63.67,0.1869,0.1637,0.2925,339.46,61.56,0
24.61,0.1635,0.1113,0.1919,144.45,52.47,0
74.35,0.2237,0.1703,0.3056,363.95,65.43,0
28.9,0.1263,0.1311,0.272,158.06,50.25,0
62.47,0.1844,0.1516,0.2458,331.01,62.04,0
72.33,0.2087,0.1598,0.3379,384.17,60.47,0
38.3,0.1586,0.1526,0.299,233.74,51.93,0
46.94,0.1861,0.1375,0.3095,227.64,54.08,0
47.34,0.131,0.1117,0.3121,236.25,58.59,0
50.14,0.16,0.1401,0.2862,263.33,58.79,0
41.25,0.182,0.137,0.2122,215.01,57.8,0
73.1,0.1742,0.1751,0.269,405.2,64.65,0
33.47,0.1569,0.1453,0.1901,176.04,52.72,0
25.1,0.1234,0.1257,0.2282,155.08,50.61,0
56.7,0.2079,0.154,0.2157,291.87,59.29,0
35.29,0.131,0.1622,0.253,181.64,54.83,0
68.46,0.1862,0.1563,0.3206,351.45,59.06,0
75.91,0.1975,0.1714,0.2715,377.16,65.23,0
51.79,0.1711,0.1535,0.2371,283.06,56.24,0
25.62,0.1388,0.1048,0.1319,157.12,48.38,0
77.93,0.2061,0.1514,0.3021,379.28,64.91,0
60.61,0.1862,0.1724,0.2982,308.15,62.0,0
76.62,0.1909,0.1789,0.3214,366.89,63.62,0
76.38,0.1795,0.182,0.2547,414.18,65.02,0
48.72,0.1674,0.1284,0.263,271.01,57.06,0
64.5,0.216,0.1281,0.2758,329.43,60.8,0
69.28,0.1887,0.1837,0.2601,343.51,60.46,0
64.5,0.17,0.1265,0.2527,300.9,61.61,0
30.81,0.1231,0.1296,0.2505,180.69,52.72,0
33.9,0.138,0.1279,0.2067,198.71,52.07,0
46.25,0.1343,0.1623,0.2613,258.9,55.68,0
48.71,0.1368,0.1486,0.2677,260.58,57.56,0
55.4,0.1628,0.7342,0.2314,289.74,82.43,1
67.24,0.1657,0.1727,0.3523,360.95,60.91,0
26.44,0.1429,0.1323,0.2009,173.5,55.35,0
50.8,0.179,0.1543,0.2341,285.49,56.62,0
74.66,0.2125,0.1736,0.2643,607.57,61.77,1
51.63,0.1511,0.1415,0.2631,257.28,60.74,0
75.22,0.2283,0.1478,0.2783,366.94,62.82,0
48.55,0.6286,0.1389,1.0992,240.71,56.42,1
70.69,0.1897,0.1788,0.3162,358.16,61.1,0
29.16,0.143,0.1871,0.2406,177.27,51.21,0
66.66,0.1895,0.1533,0.2753,351.4,62.43,0
25.32,0.1532,0.0757,0.1619,138.25,53.52,0
49.29,0.1831,0.1169,0.1928,282.46,58.55,0
24.68,0.1146,0.124,0.2827,146.16,52.53,0
63.94,0.1643,0.1652,0.3138,327.08,62.01,0
36.6,0.1528,0.1456,0.189,177.66,55.03,0
29.92,0.1492,0.1217,0.2197,190.8,52.96,0
56.84,0.1826,0.2273,0.2683,290.27,60.83,0
39.7,0.147,0.134,0.3029,199.05,53.43,0
70.97,0.2109,0.1453,0.2922,381.25,62.91,0
30.84,0.1447,0.1097,0.1951,174.82,52.63,0
59.27,0.2103,0.1676,0.2508,299.5,58.25,0
69.53,0.1769,0.1528,0.3074,340.54,60.54,0
26.68,0.1652,0.1387,0.2567,118.75,51.7,0
41.12,0.1585,0.1337,0.2716,222.84,55.2,0
60.16,0.1741,0.1413,0.2443,320.4,56.54,0
31.32,0.1255,0.0843,0.206,186.31,54.51,0
51.2,0.1621,0.1396,0.2705,286.33,57.13,0
26.08,0.1183,0.1215,0.2485,175.5,53.27,0
22.74,0.1276,0.15,0.1985,164.94,48.6,0
34.2,0.1434,0.1452,0.2548,171.55,55.63,0
76.8,0.209,0.1818,0.3255,366.37,62.59,0
29.4,0.1576,0.1394,0.2308,172.06,53.05,0
31.73,0.1561,0.1007,0.2039,151.94,53.99,0
28.95,0.1262,0.1198,0.1935,144.91,50.67,0
49.49,0.2088,0.1381,0.2779,249.03,59.73,0
33.77,0.183,0.145,0.2095,175.99,53.81,0
74.01,0.212,0.1478,0.3093,376.7,63.35,0
35.63,0.1149,0.1278,0.24,186.01,56.25,0
74.98,0.1886,0.1387,0.2338,398.96,64.83,0
69.76,0.1784,0.1441,0.2952,350.83,59.79,0
24.46,0.1217,0.132,0.2138,128.21,51.15,0
37.11,0.1541,0.1158,0.2117,213.12,54.92,0
43.29,0.1622,0.1546,0.215,231.11,54.49,0
67.58,0.1909,0.1182,0.3387,321.99,62.32,0
23.53,0.1148,0.1103,0.2052,126.74,52.32,0
62.03,0.1808,0.1573,0.261,308.99,57.99,0
27.83,0.1636,0.1574,0.2419,146.21,52.27,0
22.39,0.1225,0.1171,0.2198,108.92,51.96,0
64.82,0.1801,0.1599,0.2669,316.95,63.31,0
29.69,0.152,0.125,0.2495,155.66,50.81,0
51.15,0.1515,0.1628,0.2787,296.69,58.93,0
50.54,0.1828,0.1271,0.2656,264.19,57.28,0
22.45,0.1199,0.1312,0.2054,145.12,51.09,0
70.26,0.1512,0.1572,0.3035,381.22,60.58,0
41.81,0.1983,0.1066,0.26,231.52,55.27,0
39.58,0.1456,0.153,0.2262,219.44,52.81,0
54.81,0.1666,0.1452,0.2645,301.52,59.06,0
69.81,0.1481,0.1736,0.3083,343.81,65.08,0
43.91,0.1943,0.1286,0.2215,245.78,59.3,0
38.28,0.1656,0.1338,0.2003,196.33,52.96,0
35.55,0.126,0.1244,0.2065,182.51,53.77,0
65.85,0.172,0.154,0.2707,334.7,62.57,0
40.0,0.1537,0.1377,0.2441,218.8,53.09,0
72.4,0.164,0.1624,0.2661,386.46,61.29,0
36.59,0.1377,0.1204,0.2501,195.97,51.34,0
64.83,0.4073,0.1561,0.6228,345.54,61.42,1
54.74,0.1618,0.1516,0.2021,297.27,57.91,0
51.95,0.1746,0.1388,0.2643,257.11,56.64,0
36.1,0.1585,0.1473,0.2948,204.33,53.55,0
32.05,0.1421,0.1207,0.2207,190.03,51.56,0
42.35,0.1436,0.1839,0.2301,238.3,56.01,0
49.04,0.1776,0.1328,0.2369,261.05,56.89,0
20.29,0.113,0.1527,0.1764,127.86,52.11,0
32.86,0.1547,0.0938,0.2366,167.88,53.43,0
69.34,0.2006,0.1714,0.3199,343.62,60.4,0
23.32,0.1471,0.1042,0.1729,167.68,47.99,0
51.52,0.1489,0.1894,0.3047,283.69,59.26,0
28.99,0.1198,0.0903,0.2548,170.21,54.81,0
31.77,0.1694,0.1018,0.2097,187.82,56.21,0
43.2,0.185,0.1416,0.2651,229.51,57.6,0
30.67,0.1443,0.1017,0.1797,193.9,51.63,0
31.7,0.1314,0.121,0.2855,164.26,51.61,0
73.27,0.1858,0.1613,0.2676,376.77,65.67,0
54.3,0.1529,0.1571,0.2706,271.76,58.4,0
41.27,0.1636,0.1025,0.216,217.39,55.64,0
37.97,0.1621,0.1186,0.2692,193.66,54.51,0
20.79,0.1442,0.1174,0.1777,155.29,49.98,0
20.55,0.1297,0.1415,0.1898,150.54,49.72,0
34.28,0.3762,0.16,1.0009,204.29,53.85,1
24.55,0.1368,0.1167,0.2211,173.47,52.23,0
20.25,0.1096,0.124,0.2295,119.89,51.5,0
62.25,0.2088,0.1796,0.2715,300.12,62.34,0
47.12,0.1552,0.1447,0.2313,247.01,56.23,0
59.87,0.1448,0.1334,0.2915,295.55,59.4,0
40.74,0.1704,0.1079,0.24,212.9,54.58,0
29.65,0.1726,0.1281,0.1967,160.06,55.48,0
23.4,0.1323,0.1227,0.2023,158.39,50.66,0
51.0,0.1676,0.1244,0.2592,265.09,56.79,0
72.13,0.2024,0.1561,0.2478,353.84,62.21,0
64.0,0.2364,0.1461,0.2525,327.96,61.61,0
75.54,0.1946,0.151,0.2886,401.76,61.42,0
31.17,0.1365,0.1397,0.207,169.24,51.15,0
22.97,0.1344,0.1091,0.1807,137.18,51.59,0
75.02,0.1906,0.1658,0.3426,397.0,64.25,0
68.83,0.1559,0.1302,0.2932,340.05,61.74,0
54.71,0.1655,0.169,0.2486,296.26,59.31,0
54.25,0.1364,0.1621,0.2962,285.42,59.5,0
28.13,0.1711,0.1342,0.2395,168.08,52.43,0
76.22,0.1563,0.1359,0.2869,390.68,63.03,0
70.45,0.1952,0.1439,0.3363,362.96,61.31,0
20.19,0.1178,0.1183,0.2204,113.41,49.52,0
39.83,0.1448,0.4759,0.1873,219.42,90.28,1
54.19,0.159,0.1652,0.2693,305.48,57.5,0
57.45,0.1627,0.1249,0.253,297.58,60.42,0
32.89,0.199,0.1548,0.1961,189.61,53.98,0
24.48,0.1544,0.0917,0.173,146.23,51.11,0
48.09,0.1792,0.1394,0.2313,239.93,57.14,0
61.52,0.1935,0.1884,0.2748,340.85,60.69,0
49.14,0.1664,0.1308,0.2456,238.69,54.86,0
22.52,0.129,0.1559,0.226,147.52,51.4,0
21.91,0.359,0.1138,0.6903,147.91,50.74,1
51.1,0.1807,0.1243,0.2465,275.88,60.67,0
24.94,0.127,0.6551,0.2124,155.7,84.85,1
66.68,0.1903,0.1401,0.3019,325.31,63.61,0
30.44,0.1365,0.0917,0.2496,161.57,54.23,0
32.79,0.1028,0.1586,0.2281,216.4,54.23,0
43.72,0.1611,0.1218,0.2371,238.17,53.9,0
35.37,0.1584,0.1478,0.1904,209.21,53.45,0
28.03,0.1339,0.4766,0.2316,185.7,83.7,1
67.37,0.1921,0.159,0.3204,318.23,63.22,0
57.46,0.1851,0.1521,0.2939,280.59,58.97,0
27.5,0.1588,0.1075,0.2717,173.37,53.97,0
70.85,0.1945,0.1874,0.3019,330.06,62.84,0
31.9,0.1547,0.1452,0.2647,183.17,53.29,0
58.21,0.1863,0.1818,0.2771,311.84,57.36,0
44.57,0.1578,0.4071,0.2434,222.75,92.74,1
71.51,0.1469,0.1885,0.2463,360.45,62.77,0
25.13,0.125,0.1358,0.2594,146.89,51.6,0
43.01,0.1503,0.1853,0.2808,230.19,53.71,0
49.04,0.1609,0.1501,0.2296,255.83,58.06,0
21.07,0.1581,0.1158,0.208,324.06,52.52,1
39.66,0.1624,0.1509,0.19,222.43,52.47,0
66.8,0.1879,0.1588,0.2603,352.04,62.52,0
31.71,0.1456,0.0994,0.2006,181.46,53.23,0
62.77,0.1627,0.1659,0.2707,317.47,60.73,0
66.09,0.1901,0.1156,0.3316,332.64,59.28,0
30.2,0.158,0.1293,0.213,169.85,53.18,0
53.5,0.1908,0.168,0.3024,279.72,58.67,0
65.92,0.4874,0.1388,1.0963,345.27,61.67,1
72.66,0.2249,0.1727,0.2641,397.87,62.38,0
47.23,0.1873,0.1431,0.2287,273.89,56.16,0
53.68,0.1481,0.1575,0.2322,266.06,60.21,0
32.72,0.1568,0.1216,0.2372,178.71,54.67,0
56.83,0.1881,0.1691,0.1931,283.97,60.69,0
73.73,0.2173,0.167,0.3376,372.31,60.1,0
70.02,0.1855,0.1882,0.289,356.3,60.82,0
24.84,0.1726,0.1535,0.2251,155.91,53.15,0
48.75,0.16,0.133,0.2849,246.5,56.38,0
52.34,0.1818,0.1394,0.2992,277.88,58.1,0
63.18,0.1943,0.166,0.29,342.01,60.52,0
32.32,0.1639,0.4018,0.2659,183.08,98.4,1
40.66,0.1728,0.1372,0.2228,229.29,56.5,0
57.98,0.6106,0.1117,0.8913,277.29,59.88,1
33.11,0.137,0.0921,0.2014,156.66,51.9,0
37.63,0.1452,0.1624,0.2661,200.35,54.9,0
74.39,0.1732,0.1937,0.3183,379.6,59.93,0
47.28,0.1513,0.1385,0.2923,232.62,56.97,0
27.69,0.1648,0.5495,0.1674,152.3,106.03,1
28.59,0.1273,0.1207,0.2559,167.82,49.96,0
61.34,0.183,0.1431,0.2868,327.72,59.64,0
20.87,0.1492,0.1052,0.2126,114.61,47.69,0
55.69,0.1702,0.1379,0.2581,325.64,58.48,0
39.7,0.1798,0.1257,0.2369,208.32,51.75,0
21.71,0.1121,0.0813,0.2841,128.17,50.01,0
71.22,0.1764,0.1256,0.2895,383.58,61.59,0
24.61,0.1707,0.0962,0.2321,124.95,49.48,0
36.84,0.1531,0.1483,0.2605,202.21,54.32,0
24.25,0.1454,0.6803,0.1992,159.47,99.66,1
32.58,0.1264,0.1564,0.2641,181.52,54.95,0
34.44,0.1282,0.1098,0.2132,198.83,56.38,0
40.09,0.1637,0.1487,0.2775,382.28,54.9,1
52.72,0.1969,0.1443,0.2413,269.76,55.9,0
64.17,0.1614,0.1421,0.2692,337.9,59.8,0
73.98,0.203,0.1572,0.3216,378.08,61.21,0
72.67,0.2095,0.149,0.3036,368.8,64.72,0
61.15,0.1639,0.1324,0.293,301.33,56.82,0
25.97,0.1587,0.1405,0.1913,184.34,51.12,0
60.82,0.21,0.1252,0.3262,298.75,61.05,0
55.12,0.1923,0.1243,0.22,260.89,55.79,0
21.42,0.1288,0.1135,0.2462,118.88,51.29,0
54.2,0.1647,0.144,0.2845,259.36,56.73,0
47.41,0.1849,0.1226,0.2389,233.47,57.93,0
56.09,0.1991,0.1465,0.2802,292.83,58.53,0
60.19,0.1543,0.1461,0.2941,296.53,62.83,0
69.34,0.2031,0.1311,0.2853,369.01,63.36,0
65.01,0.1682,0.1547,0.2692,325.04,59.6,0
53.44,0.139,0.1913,0.2835,262.7,59.66,0
42.24,0.1395,0.1175,0.2996,237.82,54.17,0
64.55,0.1965,0.1629,0.2637,321.73,60.62,0
32.94,0.1277,0.1331,0.2569,180.4,53.21,0
33.19,0.157,0.1168,0.2509,173.14,53.25,0
70.58,0.18,0.1422,0.3528,349.97,62.94,0
63.85,0.1613,0.1476,0.3238,329.55,61.96,0
77.89,0.2083,0.168,0.3383,362.45,63.28,0
66.75,0.1633,0.1525,0.3377,381.39,60.89,0
56.63,0.1902,0.1474,0.2807,277.88,60.19,0
73.35,0.2,0.1423,0.2934,373.82,62.48,0
77.98,0.173,0.1337,0.334,373.26,62.07,0
56.17,0.1936,0.1482,0.2501,287.05,61.55,0
45.35,0.148,0.1431,0.2961,247.4,56.28,0
34.91,0.1815,0.6439,0.202,230.18,106.71,1
23.46,0.1651,0.1525,0.1857,142.11,47.97,0
32.5,0.1296,0.155,0.213,179.71,52.35,0
25.01,0.1441,0.103,0.1947,139.82,51.91,0
75.44,0.182,0.1737,0.2817,391.6,63.15,0
62.54,0.1984,0.1406,0.2229,323.46,62.66,0
50.14,0.1493,0.1443,0.2391,242.17,56.17,0
53.45,0.1895,0.1587,0.2589,268.68,62.25,0
38.9,0.1753,0.133,0.2514,205.54,57.21,0
73.44,0.2264,0.1741,0.2935,366.12,60.49,0
55.95,0.1927,0.1606,0.2787,271.52,59.84,0
45.62,0.1514,0.1731,0.2627,236.24,56.59,0
26.31,0.1799,0.0986,0.1818,161.3,52.37,0
63.78,0.2083,0.1355,0.31,353.1,62.28,0
33.07,0.1402,0.1456,0.218,188.43,53.5,0
23.38,0.1309,0.0954,0.1421,141.27,51.9,0
45.68,0.1693,0.144,0.2313,254.57,57.64,0
38.0,0.1801,0.1301,0.2467,196.41,55.63,0
28.74,0.1395,0.1421,0.2729,158.58,49.29,0
34.53,0.1356,0.1262,0.2744,228.38,51.2,0
42.82,0.1496,0.1238,0.195,239.27,55.72,0
48.58,0.1793,0.1578,0.2261,231.28,56.62,0
39.63,0.1295,0.133,0.2538,224.33,55.84,0
33.74,0.1567,0.1231,0.2421,202.78,49.97,0
50.2,0.158,0.1255,0.264,256.23,55.35,0
65.38,0.2194,0.1696,0.2959,330.9,59.71,0
27.63,0.1211,0.1013,0.1751,182.03,51.72,0
27.18,0.1276,0.1346,0.2191,152.92,50.18,0
37.11,0.1186,0.1399,0.2377,195.42,51.4,0
42.02,0.1799,0.1354,0.2171,241.93,52.04,0
51.2,0.1527,0.1008,0.2591,262.64,55.83,0
75.74,0.2374,0.1695,0.3016,364.0,64.67,0
28.81,0.1547,0.1345,0.2257,166.07,51.63,0
62.22,0.1461,0.1758,0.337,322.45,59.3,0
40.14,0.1519,0.1552,0.2545,231.84,53.81,0
49.1,0.1611,0.1221,0.25,259.95,58.2,0
63.35,0.1503,0.1284,0.2521,376.39,58.5,0
68.15,0.2123,0.1341,0.3255,333.98,62.67,0
65.5,0.1764,0.1637,0.292,299.85,59.67,0
64.71,0.2121,0.1689,0.2656,336.47,62.25,0
22.16,0.1036,0.111,0.1738,119.43,51.86,0
44.24,0.1702,0.1227,0.2774,251.78,58.86,0
51.17,0.1818,0.1302,0.2785,273.55,58.09,0
51.82,0.1513,0.5896,0.2413,265.5,94.95,1
44.21,0.1701,0.1247,0.2317,247.17,55.94,0
61.36,0.1868,0.1521,0.2827,291.18,60.38,0
68.74,0.1715,0.1317,0.3248,352.71,62.21,0
22.67,0.1279,0.1195,0.2274,141.67,51.3,0
51.52,0.158,0.15,0.2367,266.16,57.7,0
54.93,0.1763,0.1301,0.311,292.86,60.2,0
64.49,0.1759,0.1538,0.2901,342.81,61.27,0
66.53,0.2216,0.1534,0.2664,343.94,61.22,0
35.49,0.1274,0.1357,0.2303,191.35,53.42,0
51.04,0.1531,0.1292,0.2687,294.52,59.0,0
25.92,0.1194,0.1389,0.2574,136.94,51.4,0
52.16,0.17,0.117,0.2587,295.31,55.25,0
28.92,0.1712,0.1526,0.184,194.23,52.4,0
43.44,0.1796,0.1744,0.2314,213.61,53.92,0
33.01,0.1554,0.1346,0.2943,190.36,51.0,0
56.97,0.171,0.4973,0.3295,306.53,109.9,1
29.67,0.1458,0.1091,0.2477,181.59,53.37,0
76.81,0.225,0.1893,0.2406,387.52,61.53,0
40.11,0.1777,0.1159,0.3065,207.76,54.64,0
75.34,0.1659,0.1573,0.2779,384.25,62.7,0
72.35,0.2028,0.1937,0.3226,324.7,63.49,0
61.67,0.1792,0.1547,0.2815,312.63,59.69,0
72.36,0.1595,0.1722,0.3179,379.34,62.78,0
33.48,0.1462,0.1238,0.2475,195.76,53.82,0
47.33,0.6648,0.1428,0.9071,233.47,60.18,1
39.05,0.1644,0.1481,0.2381,212.61,55.64,0
20.64,0.1159,0.1323,0.1823,143.2,49.24,0
46.19,0.1847,0.1342,0.2278,244.06,56.51,0
56.44,0.1803,0.1327,0.2717,299.34,57.6,0
41.23,0.1731,0.1159,0.2328,200.05,57.47,0
23.46,0.1131,0.1186,0.2174,125.35,52.82,0
37.24,0.1346,0.1406,0.2687,206.56,55.11,0
55.36,0.1864,0.1875,0.2904,298.87,57.32,0
52.68,0.1726,0.1626,0.2774,301.09,59.06,0
47.51,0.1812,0.1516,0.2674,266.11,57.5,0
48.74,0.1709,0.6642,0.2663,240.1,110.36,1
57.23,0.1914,0.1622,0.3053,297.29,57.98,0
32.13,0.1019,0.1135,0.2384,165.38,53.27,0
73.58,0.1797,0.1722,0.2744,362.14,63.27,0
41.2,0.1589,0.1292,0.3223,218.21,56.3,0
51.77,0.1954,0.1302,0.2504,259.68,59.96,0
73.41,0.1853,0.1763,0.2496,355.91,60.2,0
52.79,0.176,0.1365,0.2657,286.51,57.77,0
23.45,0.1597,0.1444,0.1841,126.68,51.16,0
63.86,0.161,0.1463,0.2454,341.17,60.17,0
69.68,0.182,0.1815,0.299,369.61,62.37,0
63.28,0.171,0.1419,0.2945,337.87,62.2,0
26.24,0.1366,0.0941,0.1962,153.98,50.82,0
62.42,0.1595,0.1412,0.2739,328.76,60.86,0
67.46,0.1678,0.1479,0.326,331.72,61.82,0
75.72,0.2207,0.1588,0.2518,385.81,67.0,0
76.99,0.1845,0.5966,0.3085,389.95,109.6,1
65.56,0.1504,0.1384,0.2681,318.88,59.68,0
38.7,0.1562,0.1507,0.2509,207.7,56.6,0
35.39,0.1437,0.1159,0.2251,209.68,52.65,0
69.42,0.1984,0.138,0.2555,354.43,60.73,0
36.18,0.1823,0.1299,0.2582,189.87,55.46,0
61.11,0.2009,0.1782,0.3409,320.68,61.98,0
22.51,0.1585,0.0923,0.2368,115.52,50.4,0
41.37,0.1527,0.1399,0.2456,222.53,56.09,0
46.72,0.2046,0.1486,0.279,251.89,56.18,0
62.68,0.1839,0.1535,0.2793,305.16,60.42,0
41.85,0.1599,0.1318,0.2976,246.62,56.65,0
64.22,0.186,0.1043,0.2875,340.01,62.26,0
49.03,0.1744,0.1449,0.3132,259.52,53.98,0
31.69,0.1492,0.1388,0.2579,185.64,54.5,0
41.37,0.1587,0.1577,0.2624,201.36,53.29,0
73.08,0.1855,0.1271,0.3064,360.22,64.4,0
42.51,0.1369,0.1727,0.2607,271.76,56.12,0
61.46,0.1596,0.1734,0.2429,333.91,60.22,0
35.06,0.5502,0.1178,0.755,165.68,55.83,1
33.5,0.1779,0.148,0.2854,206.39,55.19,0
54.93,0.1518,0.4653,0.253,294.46,86.03,1
65.75,0.2267,0.1459,0.2808,339.12,59.39,0
63.46,0.1637,0.1698,0.3039,326.66,61.88,0
22.71,0.1658,0.1046,0.1726,126.8,49.02,0
71.25,0.1996,0.1598,0.2639,331.47,63.5,0
71.58,0.1757,0.0991,0.3404,355.09,62.25,0
41.54,0.1425,0.1556,0.2404,244.51,54.79,0
41.96,0.1712,0.1226,0.2965,216.12,55.65,0
21.73,0.15,0.102,0.2403,137.92,50.44,0
77.44,0.2317,0.1671,0.2928,411.25,63.74,0
36.35,0.184,0.1265,0.2732,208.77,54.9,0
35.62,0.1689,0.1158,0.229,186.23,55.91,0
25.74,0.1527,0.1036,0.1891,128.46,49.98,0
64.86,0.1857,0.148,0.3325,319.7,60.38,0
68.74,0.1594,0.1531,0.2399,366.01,61.56,0
52.18,0.1409,0.146,0.2524,279.06,57.33,0
77.52,0.2062,0.1495,0.2668,399.66,67.45,0
72.65,0.2204,0.1559,0.298,386.44,62.42,0
73.41,0.1954,0.1592,0.3095,357.64,65.63,0
40.76,0.1215,0.163,0.2683,197.87,53.9,0
31.09,0.1858,0.0906,0.2896,160.96,50.92,0
62.61,0.1955,0.1137,0.3062,333.91,60.76,0
39.93,0.1534,0.1553,0.2446,198.93,55.1,0
72.11,0.2245,0.1817,0.289,359.43,63.19,0
70.93,0.1609,0.1836,0.2694,357.05,63.49,0
43.66,0.1509,0.1434,0.2576,252.41,56.72,0
50.13,0.153,0.1552,0.2474,274.07,57.25,0
35.07,0.1428,0.1313,0.2935,181.94,55.31,0
54.57,0.1821,0.1471,0.2779,296.3,59.11,0
44.23,0.1622,0.1352,0.2296,242.12,59.14,0
74.4,0.186,0.1527,0.2991,361.57,60.64,0
74.17,0.2208,0.1674,0.3327,394.68,63.84,0
69.08,0.1451,0.1936,0.3019,335.6,64.44,0
38.25,0.1974,0.0962,0.2386,202.26,55.82,0
77.48,0.1996,0.1616,0.2991,402.05,65.66,0
59.01,0.1291,0.1563,0.2942,295.67,61.77,0
34.73,0.1657,0.1326,0.2388,205.45,53.58,0
69.68,0.1875,0.1461,0.2769,369.72,62.09,0
34.73,0.1336,0.4736,0.2436,187.81,92.82,1
64.83,0.1723,0.1608,0.2906,341.38,60.32,0
30.61,0.1495,0.121,0.2369,203.63,51.11,0
32.25,0.1523,0.1521,0.262,177.76,54.51,0
23.08,0.148,0.1329,0.1842,131.38,52.53,0
26.02,0.1239,0.0978,0.2133,162.77,51.81,0
49.67,0.16,0.1221,0.2572,250.33,57.93,0
75.44,0.2065,0.1462,0.2838,369.32,64.82,0
23.76,0.1507,0.1256,0.1949,136.76,53.2,0
55.71,0.1885,0.1594,0.2758,272.15,57.02,0
20.43,0.141,0.1227,0.223,105.93,49.84,0
52.48,0.1729,0.1589,0.2534,279.5,57.26,0
33.2,0.1806,0.1598,0.2776,184.26,56.18,0
56.79,0.1723,0.1319,0.2653,298.78,62.55,0
58.35,0.2114,0.1508,0.2306,309.43,62.3,0
52.02,0.1496,0.133,0.2854,254.11,56.04,0
25.89,0.613,0.1136,0.8091,154.42,48.3,1
33.81,0.1887,0.1006,0.2894,196.15,53.01,0
33.04,0.1373,0.1269,0.2118,209.96,53.16,0
51.37,0.1563,0.1576,0.2355,285.75,57.84,0
51.07,0.1493,0.1547,0.2951,241.03,57.18,0
42.35,0.1797,0.1311,0.2399,225.56,56.34,0
70.67,0.2068,0.1902,0.2937,368.67,65.23,0
52.82,0.1823,0.129,0.2361,272.4,56.54,0
20.2,0.1359,0.1086,0.2085,131.87,50.81,0
74.03,0.1693,0.1328,0.2938,394.77,63.17,0
77.71,0.1687,0.1841,0.2805,364.97,67.56,0
67.58,0.1771,0.1341,0.3269,347.32,57.71,0
76.66,0.1995,0.1759,0.2772,361.52,67.76,0
67.88,0.1865,0.1007,0.2772,340.46,62.29,0
53.24,0.1881,0.1391,0.2441,292.02,56.9,0
24.9,0.1413,0.0858,0.2056,160.68,50.29,0
63.41,0.2065,0.1571,0.2448,330.48,60.84,0
27.5,0.1177,0.1531,0.2366,154.43,54.33,0
31.97,0.1469,0.1128,0.2729,195.11,54.62,0
33.87,0.1415,0.1137,0.2561,208.72,54.73,0
26.46,0.1455,0.1038,0.2515,147.73,52.78,0
73.11,0.2205,0.1771,0.3088,356.69,63.1,0
63.65,0.1574,0.1332,0.2558,326.4,61.26,0
76.62,0.2063,0.168,0.2669,372.84,64.27,0
49.07,0.2036,0.1174,0.2362,265.48,57.4,0
20.79,0.1471,0.1365,0.2285,153.5,50.36,0
33.91,0.1797,0.1538,0.2665,192.91,54.86,0
21.19,0.1207,0.1181,0.187,139.0,50.54,0
42.61,0.1787,0.1452,0.2552,236.31,56.75,0
21.89,0.0974,0.1074,0.2444,124.59,48.9,0
24.1,0.1535,0.1223,0.2587,138.43,49.66,0
57.96,0.1564,0.1512,0.3076,302.91,59.4,0
60.09,0.1588,0.1689,0.2744,309.19,60.26,0
25.04,0.1017,0.1156,0.2899,144.69,49.87,0
74.01,0.1989,0.1669,0.358,347.97,63.56,0
51.84,0.1594,0.1133,0.2551,268.95,54.89,0
21.57,0.1631,0.0939,0.2416,140.6,46.71,0
64.45,0.1994,0.1587,0.2891,344.28,62.19,0
47.64,0.1776,0.1379,0.2577,251.15,57.24,0
33.3,0.1729,0.1261,0.1847,177.72,53.29,0
25.26,0.1478,0.1146,0.309,153.56,53.02,0
47.17,0.205,0.1372,0.2329,235.06,58.29,0
66.03,0.1888,0.1484,0.2667,337.38,62.19,0
75.28,0.205,0.186,0.2928,358.7,62.56,0
77.48,0.2144,0.1494,0.3458,407.26,69.85,0
31.1,0.1245,0.1258,0.2275,141.92,56.27,0
75.06,0.2029,0.1769,0.2419,358.28,60.36,0
57.27,0.1652,0.146,0.2482,294.0,58.35,0
47.3,0.1655,0.1476,0.3004,241.7,58.85,0
29.25,0.1389,0.1387,0.2269,172.13,52.97,0
29.0,0.1526,0.133,0.2134,171.66,53.63,0
40.26,0.1462,0.099,0.2751,207.26,55.22,0
52.86,0.1515,0.1172,0.2987,266.89,58.53,0
77.57,0.1771,0.1861,0.3167,384.16,65.51,0
40.18,0.1693,0.1384,0.2591,213.91,53.28,0
37.07,0.183,0.1638,0.3065,188.93,54.7,0
77.91,0.2086,0.1658,0.2905,394.21,63.74,0
24.37,0.1637,0.132,0.1732,128.81,50.95,0
76.9,0.2126,0.1706,0.2879,394.71,64.87,0
46.34,0.4734,0.1476,0.7425,241.7,58.29,1
39.73,0.1657,0.1546,0.2679,229.63,55.08,0
44.38,0.1654,0.1383,0.2393,249.02,55.37,0
64.4,0.627,0.1405,0.9403,327.54,58.7,1
47.29,0.1497,0.1291,0.2655,236.14,57.9,0
77.72,0.2259,0.1642,0.2902,383.8,63.01,0
66.91,0.201,0.1404,0.2749,341.83,57.47,0
42.71,0.1365,0.1358,0.2215,216.19,58.96,0
71.17,0.1809,0.141,0.2702,360.04,62.73,0
41.43,0.1855,0.1187,0.2405,206.43,54.09,0
44.52,0.1653,0.1738,0.2271,224.84,55.6,0
45.67,0.2056,0.1568,0.2894,204.72,54.26,0
38.69,0.1358,0.0888,0.212,216.67,56.23,0
28.71,0.1479,0.1351,0.2339,177.93,54.28,0
77.7,0.2349,0.1513,0.3114,405.65,65.66,0
60.61,0.1887,0.1535,0.2882,281.68,63.35,0
69.36,0.1974,0.1355,0.3152,384.52,61.71,0
53.47,0.1906,0.5701,0.2905,294.45,99.21,1
55.25,0.226,0.1513,0.2615,313.39,58.43,0
70.14,0.1979,0.1601,0.3042,372.05,61.6,0
70.63,0.1702,0.17,0.2526,368.74,62.54,0
41.01,0.1507,0.1117,0.3051,210.76,55.33,0
59.22,0.1924,0.1479,0.2602,277.14,58.41,0
21.98,0.1413,0.0894,0.174,131.99,51.59,0
34.09,0.1634,0.1138,0.2175,189.08,54.12,0
22.92,0.1453,0.09,0.2266,148.25,51.85,0
36.65,0.1344,0.1148,0.2735,187.06,57.66,0
54.54,0.1685,0.1724,0.276,318.18,61.67,0
22.41,0.1613,0.1006,0.2204,117.62,49.59,0
75.04,0.1628,0.1605,0.3306,383.87,61.65,0
21.44,0.1685,0.0879,0.2091,126.77,50.4,0
47.15,0.16,0.1151,0.2539,234.06,54.55,0
28.0,0.1531,0.1148,0.2446,188.54,57.24,0
52.59,0.1758,0.1243,0.2964,285.88,58.02,0
30.63,0.1308,0.0933,0.2453,162.54,51.52,0
44.27,0.1741,0.1562,0.2111,258.61,55.97,0
71.46,0.1767,0.1469,0.3421,353.25,65.15,0
20.64,0.1667,0.0757,0.2207,94.58,50.61,0
42.19,0.1747,0.108,0.183,214.04,55.5,0
25.59,0.1488,0.1274,0.2051,146.47,52.35,0
51.9,0.2126,0.1677,0.3004,269.49,60.11,0
46.81,0.1432,0.1635,0.2203,254.89,55.93,0
28.97,0.1543,0.1184,0.229,166.14,52.73,0
35.92,0.1767,0.14,0.3011,217.9,54.87,0
69.57,0.1971,0.1628,0.3154,347.37,60.56,0
47.76,0.1943,0.128,0.2176,233.6,58.02,0
34.31,0.1561,0.1281,0.2274,175.14,53.28,0
38.88,0.6278,0.096,0.8737,188.3,53.52,1
55.51,0.1984,0.1229,0.2884,283.99,60.41,0
46.62,0.1447,0.1446,0.2838,258.33,56.58,0
20.87,0.2025,0.1363,0.193,141.82,49.57,0
41.7,0.1635,0.1429,0.2077,229.24,55.36,0
25.51,0.1578,0.1323,0.2343,149.27,51.78,0
69.04,0.1892,0.1445,0.3122,338.07,60.54,0
65.17,0.1548,0.164,0.309,360.27,62.66,0
57.12,0.1695,0.1283,0.2916,288.73,55.58,0
65.13,0.1577,0.1732,0.2747,352.84,60.69,0
49.96,0.1629,0.1372,0.1829,263.35,58.02,0
53.55,0.2079,0.1225,0.2467,297.45,58.02,0
60.55,0.186,0.1774,0.2989,308.81,58.25,0
65.42,0.1806,0.156,0.2855,327.56,61.4,0
52.66,0.2053,0.1175,0.2766,273.11,57.02,0
63.34,0.2038,0.1591,0.2315,349.52,61.39,0
27.52,0.1715,0.1399,0.2161,182.32,50.96,0
35.1,0.1955,0.141,0.2293,184.25,52.58,0
35.9,0.1462,0.1216,0.2507,187.76,54.36,0
32.51,0.1619,0.1131,0.2265,166.92,53.99,0
51.93,0.1515,0.1338,0.251,276.67,54.4,0
23.28,0.1157,0.1582,0.1767,154.31,53.6,0
46.16,0.1914,0.1301,0.2621,251.96,57.31,0
27.53,0.1649,0.1049,0.2271,170.32,53.26,0
41.8,0.143,0.1358,0.2249,250.64,55.99,0
46.23,0.1582,0.1279,0.2188,264.89,62.55,0
49.27,0.1613,0.1188,0.3288,253.87,59.15,0
28.97,0.1437,0.109,0.2,152.43,51.93,0
77.65,0.1547,0.1505,0.3251,387.19,64.8,0
52.53,0.1591,0.0968,0.2525,285.71,57.44,0
40.76,0.1717,0.1706,0.1976,207.21,54.81,0
76.11,0.2121,0.1967,0.3355,381.01,64.56,0
44.32,0.1426,0.1467,0.2534,213.19,57.79,0
77.51,0.1891,0.1443,0.3113,401.29,62.83,0
75.97,0.1751,0.1649,0.2982,390.74,65.55,0
31.41,0.1563,0.1514,0.2179,189.21,52.57,0
53.35,0.1777,0.1338,0.2735,264.49,57.83,0
55.7,0.1626,0.1892,0.2779,294.99,58.0,0
62.66,0.1919,0.1864,0.2437,321.29,60.31,0
46.05,0.1639,0.1224,0.2001,261.69,57.59,0
29.51,0.2107,0.1181,0.2054,158.55,52.84,0
52.69,0.166,0.1607,0.2601,299.4,59.71,0
35.43,0.1719,0.1333,0.2703,185.21,52.11,0
23.32,0.1732,0.12,0.237,158.61,50.68,0
49.02,0.1804,0.1645,0.3148,266.96,57.57,0
54.15,0.1839,0.1454,0.2673,250.96,59.7,0
76.13,0.2008,0.1525,0.2456,392.91,61.55,0
54.32,0.166,0.1437,0.2276,285.47,59.8,0
45.18,0.1104,0.1484,0.2362,245.87,52.83,0
32.68,0.1595,0.1152,0.2472,176.65,54.32,0
22.79,0.1412,0.1042,0.197,135.97,51.7,0
41.74,0.1729,0.1552,0.2382,229.73,53.49,0
35.46,0.6149,0.0867,0.8236,199.53,53.38,1
73.16,0.187,0.16,0.2863,397.48,64.87,0
59.02,0.1416,0.1428,0.2619,291.95,59.34,0
21.5,0.142,0.134,0.2294,131.17,48.25,0
28.76,0.1534,0.1273,0.1524,145.87,52.24,0
57.85,0.1438,0.166,0.2913,295.28,60.01,0
65.0,0.1814,0.127,0.3011,329.91,60.6,0
58.73,0.185,0.1431,0.2832,297.8,58.38,0
45.83,0.1201,0.1265,0.2944,240.28,59.11,0
77.1,0.2391,0.2006,0.3337,392.07,63.83,0
24.33,0.1518,0.0809,0.249,132.5,52.16,0
21.71,0.1349,0.112,0.1998,128.61,48.74,0
68.55,0.1792,0.1459,0.2915,339.71,59.66,0
64.08,0.157,0.1546,0.2627,334.39,61.01,0
36.74,0.1656,0.1582,0.2767,190.36,55.43,0
31.2,0.1717,0.1326,0.2187,178.02,51.61,0
70.06,0.163,0.1549,0.3221,353.04,61.55,0
61.03,0.203,0.1137,0.2664,325.85,59.67,0
59.27,0.1748,0.1754,0.256,293.02,58.53,0
44.35,0.1592,0.137,0.2907,238.64,56.16,0
28.15,0.191,0.1142,0.2547,153.16,50.96,0
72.05,0.1891,0.1364,0.3392,372.23,62.65,0
55.25,0.19,0.1653,0.2348,289.45,57.98,0
28.28,0.1527,0.4533,0.1906,180.13,83.84,1
66.57,0.1526,0.163,0.2387,337.91,64.1,0
31.48,0.1298,0.1195,0.2373,187.35,53.62,0
71.05,0.1981,0.1668,0.286,346.39,63.94,0
24.13,0.1373,0.1228,0.2097,137.21,50.35,0
32.38,0.1491,0.1384,0.247,176.43,54.29,0
75.34,0.2022,0.1376,0.2807,397.81,63.37,0
34.93,0.115,0.146,0.1862,216.15,50.47,0
31.45,0.1298,0.1467,0.1845,185.45,56.44,0
74.64,0.1916,0.1709,0.2688,388.01,64.51,0
44.52,0.1522,0.128,0.2569,241.19,56.78,0
36.5,0.1429,0.1323,0.249,190.12,54.94,0
35.1,0.1726,0.1626,0.2697,168.77,53.69,0
59.5,0.1731,0.1926,0.2463,304.49,59.8,0
60.61,0.1534,0.1234,0.26,325.24,60.21,0
62.55,0.2177,0.145,0.2905,311.28,60.49,0
26.45,0.161,0.1322,0.2055,105.91,50.44,0
76.85,0.2207,0.1573,0.2991,381.18,65.74,0
24.51,0.1265,0.1146,0.2247,148.15,53.08,0
50.72,0.1665,0.1528,0.3091,295.79,59.27,0
61.57,0.1389,0.1625,0.2985,328.96,59.72,0
21.56,0.1527,0.1343,0.1942,162.83,49.36,0
45.9,0.1916,0.1521,0.2875,283.86,55.86,0
60.65,0.1638,0.1417,0.2656,315.04,60.92,0
32.95,0.1244,0.109,0.2557,186.89,55.11,0
66.57,0.1618,0.1625,0.2953,360.02,62.92,0
56.44,0.1885,0.1365,0.2251,313.3,59.42,0
40.67,0.1887,0.1473,0.2478,218.27,55.81,0
29.59,0.1748,0.1298,0.2364,180.91,50.23,0
69.6,0.1881,0.1761,0.2137,329.67,61.1,0
48.22,0.1278,0.1323,0.2577,456.48,59.91,1
76.59,0.2299,0.1515,0.335,409.76,62.53,0
56.1,0.1482,0.1611,0.2679,283.66,59.96,0
29.36,0.1467,0.1346,0.2085,166.48,53.0,0
26.91,0.1573,0.1275,0.2293,132.98,52.44,0
29.13,0.1126,0.1519,0.2548,174.79,53.22,0
53.36,0.1959,0.1405,0.2998,268.18,54.28,0
38.71,0.1868,0.124,0.2563,216.85,53.42,0
21.7,0.1349,0.107,0.2005,146.96,50.75,0
23.02,0.1292,0.1115,0.1841,126.45,50.57,0
33.28,0.1686,0.1512,0.2579,201.62,53.05,0
40.95,0.1656,0.1191,0.2303,241.24,51.17,0
35.39,0.1802,0.1419,0.2092,218.87,54.75,0
32.73,0.1653,0.1432,0.1802,158.69,51.7,0
62.02,0.2173,0.1327,0.2234,325.72,59.11,0
43.78,0.1613,0.1517,0.2747,228.63,55.65,0
48.28,0.1595,0.1127,0.2496,253.2,55.66,0
25.96,0.1544,0.1289,0.2386,159.15,52.32,0
69.47,0.1869,0.1331,0.3308,349.5,60.47,0
40.29,0.1614,0.1337,0.278,219.17,55.07,0
69.91,0.1974,0.1735,0.2205,359.76,62.92,0
73.72,0.2045,0.1411,0.261,373.44,63.88,0
46.2,0.1515,0.1538,0.2508,242.06,57.0,0
68.56,0.1664,0.1923,0.3112,345.13,61.12,0
38.9,0.1293,0.1065,0.2569,203.67,53.55,0
69.11,0.1988,0.1272,0.3485,357.35,62.54,0
52.5,0.1827,0.1152,0.281,266.36,57.41,0
72.87,0.2014,0.1557,0.2857,389.83,60.66,0
35.35,0.156,0.1446,0.2229,192.56,53.34,0
70.08,0.1971,0.1648,0.2637,363.65,61.17,0
53.31,0.1525,0.1042,0.2804,279.29,61.68,0
73.92,0.2341,0.1542,0.2897,357.78,62.61,0
48.87,0.168,0.1247,0.2012,264.67,59.05,0
25.16,0.1557,0.0919,0.2417,148.78,53.4,0
61.56,0.1893,0.135,0.2806,310.33,60.45,0
62.49,0.1634,0.1474,0.2911,329.37,59.61,0
36.44,0.1736,0.1177,0.2037,169.96,51.68,0
20.26,0.1175,0.105,0.2606,131.18,50.74,0
46.16,0.1797,0.4279,0.2324,239.6,105.43,1
56.06,0.1815,0.1543,0.312,258.66,59.04,0
72.02,0.1969,0.1451,0.3023,376.06,64.11,0
24.4,0.1261,0.1101,0.2101,155.62,49.4,0
21.29,0.1474,0.1375,0.2679,130.84,51.06,0
30.26,0.1429,0.1336,0.2347,161.38,48.69,0
38.58,0.1474,0.0915,0.248,186.39,55.38,0
46.06,0.1631,0.6805,0.2449,247.54,90.52,1
29.26,0.158,0.1378,0.158,482.41,53.76,1
43.38,0.1796,0.1499,0.2773,244.09,55.72,0
52.07,0.1379,0.1262,0.2549,284.95,56.48,0
53.23,0.1427,0.1355,0.257,279.98,57.75,0
45.33,0.2038,0.1467,0.2251,239.03,57.49,0
67.28,0.1626,0.1439,0.2728,345.19,61.25,0
69.56,0.2046,0.1469,0.2627,325.67,62.44,0
23.03,0.152,0.1239,0.2505,107.25,51.96,0
37.61,0.1578,0.1521,0.1967,173.52,53.24,0
70.82,0.1892,0.1665,0.2316,375.83,62.77,0
27.96,0.1475,0.1309,0.1868,159.43,53.34,0
48.82,0.1419,0.1409,0.2973,268.77,57.88,0
50.52,0.1887,0.1042,0.2291,283.69,60.75,0
48.05,0.1803,0.1281,0.2843,236.33,57.19,0
26.65,0.1479,0.1139,0.1514,143.91,50.31,0
66.68,0.2017,0.1234,0.2665,354.29,61.73,0
45.98,0.1615,0.1396,0.2461,247.84,53.68,0
72.75,0.2002,0.1479,0.2627,363.58,62.97,0
20.7,0.1221,0.0645,0.2137,125.02,50.44,0
39.59,0.1603,0.1316,0.2452,217.9,58.25,0
34.3,0.1698,0.1407,0.2014,195.02,55.54,0
76.65,0.1992,0.1773,0.269,375.51,61.73,0
34.09,0.1647,0.119,0.2379,198.21,52.35,0
42.2,0.1646,0.1336,0.2897,215.7,55.32,0
69.12,0.1984,0.1312,0.3186,361.56,59.06,0
26.91,0.126,0.0938,0.2545,161.16,54.43,0
61.88,0.1865,0.1608,0.3028,335.48,61.62,0
34.36,0.1454,0.1196,0.2603,177.86,56.3,0
54.7,0.1741,0.6661,0.2554,288.16,83.11,1
23.91,0.1395,0.1026,0.2007,148.95,49.8,0
37.72,0.1403,0.1536,0.276,194.73,52.06,0
38.24,0.173,0.1043,0.2309,215.31,53.58,0
45.39,0.1651,0.1325,0.2286,243.38,55.64,0
24.64,0.1275,0.118,0.2443,152.06,50.32,0
77.13,0.183,0.166,0.2847,381.77,62.55,0
29.53,0.1819,0.133,0.2331,173.58,51.7,0
38.82,0.1415,0.1325,0.1804,193.96,52.9,0
60.17,0.1871,0.1162,0.294,326.86,60.2,0
73.75,0.2141,0.183,0.2563,375.98,66.66,0
41.39,0.1626,0.1427,0.2553,242.07,54.81,0
53.27,0.1297,0.1316,0.2609,275.58,57.37,0
29.62,0.1457,0.1127,0.2973,163.72,55.71,0
47.09,0.1691,0.141,0.2548,243.3,59.34,0
57.69,0.1935,0.194,0.2852,285.46,58.14,0
41.05,0.1925,0.1,0.2573,224.88,53.62,0
57.91,0.1397,0.1418,0.2498,280.9,59.88,0
20.68,0.1518,0.1187,0.2406,122.29,50.91,0
30.67,0.1447,0.0743,0.2381,166.91,52.32,0
39.45,0.1668,0.1166,0.2645,189.75,51.14,0
52.67,0.2055,0.1524,0.332,260.97,57.45,0
69.7,0.1874,0.1659,0.2497,333.06,65.62,0
33.85,0.142,0.1302,0.2456,190.3,54.49,0
21.61,0.1478,0.117,0.218,153.39,49.86,0
31.57,0.1408,0.151,0.1916,173.9,49.87,0
54.92,0.1859,0.1644,0.2284,289.52,56.89,0
39.96,0.1588,0.0966,0.2671,205.29,57.3,0
32.92,0.1525,0.107,0.2834,166.61,53.77,0
72.53,0.2112,0.1722,0.3336,368.89,62.06,0
32.44,0.1661,0.1623,0.2566,173.56,52.42,0
30.95,0.1789,0.1498,0.2374,139.7,52.08,0
76.4,0.2018,0.5026,0.3229,400.41,112.74,1
38.01,0.162,0.1086,0.2416,238.95,54.76,0
39.42,0.1028,0.1594,0.2717,213.97,55.13,0
38.67,0.1504,0.1187,0.2247,212.11,56.28,0
40.6,0.1808,0.1418,0.2732,184.43,55.98,0
36.8,0.1398,0.1195,0.2682,198.61,57.21,0
74.35,0.203,0.1636,0.3089,374.79,63.93,0
60.36,0.1749,0.1619,0.3551,311.11,61.13,0
74.54,0.185,0.1525,0.2834,375.04,61.66,0
55.42,0.144,0.1344,0.3128,273.53,59.47,0
33.8,0.1219,0.1307,0.2149,189.45,53.97,0
32.81,0.1278,0.1267,0.2441,188.35,56.8,0
66.32,0.2052,0.1542,0.2811,385.88,63.22,0
35.21,0.1826,0.1056,0.2844,190.96,55.47,0
25.61,0.142,0.1005,0.2296,152.58,50.95,0
21.08,0.1642,0.1356,0.1851,136.73,51.01,0
65.94,0.2022,0.1437,0.2979,344.86,60.33,0
61.63,0.1989,0.1557,0.2457,316.74,60.88,0
34.4,0.1367,0.139,0.2432,213.02,52.06,0
39.41,0.1567,0.1131,0.2499,203.95,53.13,0
57.97,0.1693,0.1417,0.223,296.01,57.84,0
61.46,0.1966,0.1568,0.3276,326.62,61.12,0
40.56,0.1351,0.0971,0.2518,219.07,55.87,0
46.06,0.1635,0.1326,0.2914,237.25,58.76,0
39.24,0.129,0.1246,0.2837,232.67,56.33,0
45.7,0.1746,0.1367,0.2546,262.72,58.12,0
26.89,0.1246,0.0991,0.2025,177.02,49.37,0
70.27,0.1659,0.178,0.3185,345.93,63.46,0
70.67,0.1441,0.1697,0.2731,398.42,63.3,0
74.05,0.2319,0.1822,0.2795,401.57,64.44,0
44.27,0.1632,0.1379,0.2951,213.96,56.19,0
75.19,0.2026,0.1578,0.2898,379.92,65.79,0
27.65,0.1251,0.1072,0.2181,145.66,52.59,0
36.41,0.1642,0.1198,0.2672,184.41,53.0,0
49.39,0.1579,0.1193,0.2514,253.92,57.43,0
40.29,0.1377,0.1368,0.2164,225.62,53.95,0
53.47,0.1696,0.1196,0.2632,291.79,58.84,0
41.18,0.1457,0.1271,0.2604,223.25,53.8,0
42.43,0.1601,0.0849,0.2367,211.35,54.73,0
26.43,0.0937,0.0617,0.226,125.78,54.19,0
56.86,0.1965,0.1572,0.2645,305.24,59.89,0
25.09,0.1536,0.0876,0.1919,149.32,51.62,0
77.34,0.2083,0.149,0.2451,399.0,64.32,0
26.45,0.1491,0.121,0.2478,170.05,48.81,0
53.61,0.1718,0.1554,0.2725,275.82,59.87,0
69.88,0.1961,0.1653,0.292,371.55,63.81,0
37.84,0.1447,0.1396,0.2282,206.46,56.27,0
27.43,0.1343,0.1126,0.2353,146.93,53.19,0
71.39,0.2024,0.144,0.2805,363.06,63.08,0
44.24,0.132,0.1353,0.2669,242.69,55.17,0
49.96,0.1629,0.1572,0.2555,266.72,58.82,0
53.53,0.1725,0.1298,0.241,267.86,55.7,0
69.32,0.1822,0.1103,0.3428,359.87,61.35,0
37.48,0.1535,0.1214,0.2658,215.07,54.9,0
77.0,0.1616,0.1963,0.3451,375.64,64.73,0
25.51,0.2042,0.0891,0.2538,130.2,49.82,0
25.78,0.1252,0.1451,0.208,136.79,52.28,0
73.2,0.1785,0.1041,0.2953,373.21,63.45,0
53.48,0.1602,0.1199,0.2938,274.41,58.03,0
32.74,0.1784,0.1415,0.2314,186.34,53.01,0
49.33,0.1864,0.1248,0.2341,260.23,57.19,0
62.38,0.193,0.1518,0.2836,334.37,60.52,0
46.87,0.1513,0.1369,0.3072,236.84,56.93,0
68.36,0.2009,0.1893,0.3,339.25,64.64,0
35.24,0.1625,0.1122,0.1926,201.8,52.21,0
24.93,0.1715,0.1506,0.2046,105.99,51.48,0
57.8,0.201,0.1344,0.3151,301.0,59.58,0
50.49,0.1839,0.1417,0.2586,265.63,58.22,0
26.04,0.1436,0.1144,0.1778,163.41,52.17,0
52.45,0.1567,0.1493,0.2747,286.91,55.75,0
51.54,0.1526,0.1204,0.2533,254.41,59.81,0
20.29,0.1168,0.1102,0.2474,128.73,49.62,0
30.9,0.1557,0.1195,0.2293,163.05,52.78,0
51.43,0.2119,0.1705,0.3199,291.44,58.4,0
74.63,0.2398,0.129,0.2867,363.09,63.87,0
51.32,0.1814,0.1113,0.2965,276.39,58.2,0
23.59,0.1628,0.1024,0.2216,132.37,49.84,0
20.68,0.3368,0.1132,0.6341,132.39,51.65,1
66.34,0.1735,0.1505,0.2825,359.93,62.24,0
25.15,0.1118,0.1009,0.193,167.89,52.15,0
32.92,0.1519,0.1096,0.2658,189.94,55.7,0
58.23,0.1793,0.148,0.2576,288.06,61.45,0
74.97,0.1819,0.1515,0.3452,388.24,61.82,0
29.4,0.1377,0.1334,0.2499,144.0,51.7,0
47.43,0.1792,0.1346,0.2531,252.94,56.3,0
59.22,0.2132,0.1311,0.2837,317.31,59.9,0
23.28,0.1795,0.0715,0.2372,134.46,50.86,0
44.58,0.18,0.1495,0.2759,237.94,57.16,0
43.53,0.1775,0.1288,0.3068,211.28,57.21,0
31.3,0.1742,0.1486,0.2809,217.23,52.81,0
26.13,0.1586,0.0994,0.1723,123.74,52.58,0
77.34,0.1891,0.1385,0.3427,382.75,62.4,0
36.33,0.149,0.1372,0.2527,203.66,55.37,0
63.16,0.1675,0.1515,0.255,300.11,61.53,0
45.15,0.1388,0.1245,0.2321,262.01,56.5,0
54.81,0.1841,0.1436,0.2975,313.6,59.72,0
30.14,0.155,0.1201,0.2401,164.54,54.35,0
47.31,0.1449,0.1433,0.256,225.5,57.2,0
72.79,0.2128,0.1753,0.3445,370.96,64.3,0
46.81,0.1462,0.1248,0.2538,246.9,58.07,0
77.41,0.1684,0.1605,0.3438,403.86,62.03,0
56.01,0.1483,0.1841,0.1692,299.99,59.82,0
55.25,0.1897,0.1615,0.3283,287.5,56.64,0
51.5,0.1718,0.1494,0.3005,258.77,57.99,0
34.47,0.1021,0.1284,0.2261,207.98,52.97,0
64.72,0.1766,0.1869,0.2734,317.98,58.81,0
52.9,0.146,0.1293,0.2578,283.22,56.9,0
24.77,0.0905,0.1213,0.2579,156.17,51.75,0
53.56,0.1771,0.1516,0.2824,278.62,59.34,0
65.75,0.1794,0.1252,0.2619,332.21,62.2,0
43.47,0.1867,0.1241,0.2498,226.3,55.3,0
54.26,0.1694,0.2001,0.2942,287.89,57.41,0
54.46,0.1869,0.1457,0.2973,273.05,59.18,0
21.02,0.1834,0.1208,0.2584,130.62,48.84,0
30.75,0.1502,0.1244,0.2199,155.25,52.45,0
26.39,0.1597,0.0858,0.2131,139.86,51.57,0
30.78,0.1692,0.1167,0.2705,154.32,51.34,0
29.27,0.1475,0.1278,0.2224,162.67,51.28,0
46.13,0.1859,0.1254,0.2859,245.11,57.68,0
57.41,0.2117,0.1537,0.2682,279.13,58.0,0
21.77,0.1369,0.0915,0.1911,131.78,47.58,0
68.69,0.1712,0.1644,0.2799,346.35,63.39,0
30.06,0.1604,0.1473,0.2236,159.46,52.75,0
42.65,0.1816,0.1316,0.2104,222.42,54.35,0
64.19,0.1731,0.1318,0.3007,343.29,60.73,0
67.99,0.1649,0.1485,0.3114,326.98,62.26,0
34.85,0.1432,0.1109,0.2191,333.57,54.99,1
39.36,0.1691,0.0993,0.2959,215.07,55.34,0
69.85,0.1785,0.1872,0.3134,357.3,61.3,0
76.52,0.1711,0.1373,0.3189,382.34,65.67,0
28.77,0.1486,0.1562,0.2484,145.67,50.58,0
55.84,0.1876,0.1606,0.2596,286.58,60.37,0
23.61,0.1625,0.1483,0.1945,136.31,53.26,0
33.51,0.1907,0.1201,0.1853,183.32,53.29,0
46.0,0.1757,0.12,0.3077,255.65,58.53,0
66.35,0.2121,0.138,0.2622,334.48,61.52,0
29.84,0.1459,0.1296,0.2289,139.15,53.73,0
53.23,0.1621,0.1345,0.281,286.84,57.38,0
39.88,0.1671,0.1193,0.2547,205.7,58.3,0
67.49,0.1805,0.1778,0.318,307.77,59.16,0
35.33,0.1907,0.1326,0.2551,194.0,52.2,0
46.91,0.1404,0.1803,0.2567,229.18,59.71,0
51.74,0.2139,0.1272,0.2506,280.66,56.55,0
50.86,0.1518,0.1239,0.2981,261.8,58.03,0
30.13,0.6118,0.0999,0.8521,182.21,54.91,1
46.61,0.1844,0.1375,0.3119,252.12,57.07,0
55.91,0.1819,0.1658,0.2804,306.58,61.73,0
43.55,0.1823,0.1537,0.2262,242.51,54.15,0
27.64,0.1507,0.1561,0.2086,132.94,53.72,0
70.92,0.1765,0.1793,0.3307,362.22,63.25,0
38.11,0.1283,0.1247,0.2192,174.62,54.1,0
37.14,0.1464,0.1376,0.253,209.49,56.18,0
29.59,0.1597,0.1477,0.2197,181.53,52.34,0
31.24,0.1373,0.1117,0.2384,168.1,53.18,0
28.02,0.0861,0.1031,0.2702,161.26,51.09,0
46.55,0.1775,0.1431,0.2496,272.56,57.34,0
36.74,0.1686,0.1267,0.279,207.57,51.24,0
23.22,0.1425,0.13,0.2153,155.88,51.09,0
44.08,0.1341,0.1176,0.2377,233.26,56.15,0
52.05,0.1752,0.1445,0.2856,276.05,55.7,0
56.78,0.1547,0.1376,0.2784,295.71,58.17,0
68.15,0.1708,0.1477,0.3319,317.79,58.45,0
31.97,0.1483,0.1263,0.2154,150.35,52.84,0
50.11,0.1465,0.1024,0.234,274.03,59.11,0
52.11,0.1553,0.1312,0.2995,305.37,60.01,0
29.03,0.1356,0.1141,0.1935,172.49,52.75,0
71.47,0.2116,0.161,0.3321,394.33,62.73,0
27.28,0.1719,0.1031,0.191,148.22,50.76,0
58.37,0.1765,0.1484,0.303,316.14,58.83,0
53.76,0.1696,0.1183,0.2785,305.15,59.08,0
44.91,0.1672,0.1306,0.2114,527.82,57.34,1
65.55,0.1989,0.1056,0.2251,343.02,63.71,0
65.54,0.1679,0.1637,0.2938,336.53,58.72,0
60.18,0.1594,0.1129,0.3101,287.17,59.25,0
74.17,0.1846,0.1464,0.3402,375.5,62.12,0
71.91,0.201,0.1512,0.2614,354.36,63.9,0
43.48,0.166,0.1449,0.2766,235.21,54.66,0
21.89,0.1428,0.1189,0.2196,130.48,53.12,0
21.09,0.1415,0.1163,0.2639,118.18,48.46,0
52.03,0.2107,0.1588,0.2513,266.69,56.98,0
72.52,0.197,0.1379,0.3099,392.98,62.22,0
77.48,0.1935,0.164,0.2612,391.71,64.92,0
46.86,0.1753,0.1215,0.2798,243.44,55.07,0
38.64,0.1412,0.0691,0.2115,186.86,54.13,0
62.42,0.1742,0.1792,0.3008,293.97,59.73,0
48.32,0.1956,0.1202,0.2666,259.1,56.19,0
50.64,0.1848,0.1206,0.2498,275.96,60.76,0
33.22,0.1742,0.1211,0.2199,177.16,51.55,0
51.14,0.5961,0.1119,0.8422,269.62,56.52,1
29.34,0.1761,0.0929,0.2458,180.11,52.34,0
32.99,0.1392,0.0982,0.246,185.31,55.09,0
27.48,0.1072,0.1117,0.2557,139.89,50.74,0
20.31,0.1272,0.0861,0.21,126.05,48.99,0
35.9,0.1423,0.1464,0.2459,194.79,56.15,0
49.89,0.1993,0.4176,0.3078,297.25,108.84,1
59.92,0.1579,0.1487,0.3027,316.15,58.16,0
64.83,0.2029,0.1575,0.2489,321.95,61.37,0
20.39,0.1451,0.1301,0.1971,134.11,46.34,0
74.67,0.1776,0.1575,0.2977,365.35,64.19,0
45.98,0.182,0.1365,0.2351,250.8,56.08,0
58.08,0.1738,0.1191,0.2965,304.76,62.03,0
74.03,0.2011,0.1795,0.2743,374.24,64.8,0
42.64,0.1672,0.1315,0.214,242.72,53.38,0
54.74,0.1958,0.1277,0.267,291.62,56.37,0
48.59,0.1786,0.1871,0.2291,261.3,56.06,0
67.27,0.1622,0.1668,0.2717,337.07,64.31,0
40.3,0.1552,0.1516,0.2652,243.54,54.26,0
63.52,0.3721,0.1322,0.7229,342.62,62.09,1
21.17,0.1628,0.1303,0.2277,129.61,51.47,0
53.88,0.159,0.1406,0.2514,261.2,57.32,0
47.72,0.1994,0.1007,0.249,270.52,58.67,0
67.0,0.1925,0.1452,0.3112,322.94,61.18,0
65.05,0.1866,0.1382,0.2934,334.65,61.46,0
52.98,0.1795,0.137,0.3027,266.86,58.54,0
36.51,0.1459,0.124,0.2216,183.15,53.8,0
25.11,0.1526,0.1094,0.2252,122.67,50.82,0
74.15,0.2145,0.1258,0.2631,371.68,67.0,0
46.48,0.1366,0.1455,0.2496,265.02,57.08,0
66.32,0.1945,0.1537,0.25,352.76,61.04,0
43.85,0.1645,0.1508,0.268,226.97,55.86,0
52.82,0.1865,0.1058,0.2548,297.16,58.37,0
26.64,0.1241,0.1403,0.2393,160.63,50.38,0
23.75,0.168,0.1367,0.2443,138.19,52.17,0
44.59,0.171,0.1125,0.2534,232.22,58.32,0
26.21,0.1349,0.1265,0.2656,126.76,49.36,0
67.86,0.1885,0.1661,0.2926,355.23,60.46,0
34.21,0.1596,0.1249,0.2251,195.74,53.35,0
51.83,0.1912,0.1592,0.2498,277.84,57.83,0
55.54,0.1701,0.1814,0.2459,281.3,59.1,0
74.01,0.2129,0.1664,0.2804,375.61,61.23,0
48.02,0.1784,0.1287,0.2243,265.68,56.14,0
73.64,0.2103,0.1569,0.2968,375.77,62.75,0
48.82,0.2067,0.1594,0.2727,241.87,57.18,0
45.39,0.1613,0.1343,0.229,245.23,55.71,0
76.77,0.1723,0.1601,0.3419,403.83,66.1,0
34.24,0.1549,0.1156,0.3018,177.63,51.05,0
47.65,0.1821,0.1407,0.2315,257.89,56.22,0
67.31,0.1701,0.1894,0.3396,336.37,59.47,0
37.06,0.1526,0.1326,0.2505,202.36,56.95,0
48.1,0.1604,0.1563,0.2752,244.35,56.32,0
71.88,0.171,0.1401,0.2167,363.16,63.0,0
23.14,0.1402,0.1568,0.1909,113.58,50.91,0
51.52,0.2127,0.1357,0.2467,226.25,57.44,0
27.76,0.1142,0.1304,0.1502,146.02,50.43,0
56.98,0.1247,0.1604,0.259,297.32,60.54,0
45.67,0.173,0.1269,0.2729,438.4,58.51,1
71.42,0.2174,0.2098,0.2698,380.99,64.67,0
69.49,0.1963,0.1481,0.3102,365.08,63.58,0
52.39,0.1356,0.1434,0.245,250.68,57.43,0
61.42,0.1876,0.5134,0.3178,331.21,99.18,1
44.05,0.1341,0.1452,0.2293,209.02,55.31,0
31.28,0.1619,0.1215,0.2785,185.99,51.37,0
76.37,0.21,0.1495,0.3062,404.92,64.64,0
37.36,0.1582,0.1398,0.2465,198.88,56.64,0
21.23,0.1354,0.1405,0.2021,139.22,48.24,0
49.78,0.1767,0.1172,0.2759,264.66,54.98,0
70.58,0.1848,0.1461,0.252,331.05,64.06,0
37.44,0.1215,0.1111,0.2344,206.64,55.47,0
24.36,0.1235,0.0912,0.2144,140.87,48.62,0
36.48,0.1251,0.1732,0.2355,230.68,54.78,0
48.97,0.1555,0.1536,0.2398,254.06,58.95,0
63.44,0.1683,0.114,0.2624,316.94,58.5,0
49.38,0.165,0.1481,0.2469,266.28,56.29,0
66.02,0.2308,0.1181,0.2712,327.62,61.88,0
46.05,0.1795,0.1157,0.2563,241.82,57.5,0
32.94,0.1497,0.1288,0.2947,183.35,53.79,0
37.5,0.1705,0.1447,0.2316,216.59,54.39,0
36.5,0.1794,0.1456,0.2623,178.44,52.63,0
76.99,0.2037,0.4255,0.3093,386.45,107.91,1
77.58,0.1924,0.1733,0.3923,404.47,65.75,0
58.02,0.1787,0.1567,0.3056,300.23,61.4,0
73.32,0.2113,0.1775,0.3225,347.27,63.54,0
73.53,0.2397,0.1534,0.2903,378.91,63.24,0
68.82,0.1965,0.14,0.3158,362.11,63.08,0
54.08,0.1671,0.1519,0.2718,292.82,57.78,0
30.55,0.164,0.1582,0.2377,153.04,53.46,0
31.53,0.1648,0.1172,0.2891,157.1,53.7,0
38.18,0.1193,0.1312,0.2288,214.0,55.79,0
55.27,0.1807,0.1607,0.2968,312.31,58.56,0
73.74,0.1628,0.1794,0.2527,384.91,63.73,0
61.65,0.1993,0.1726,0.301,329.96,61.61,0
50.92,0.1519,0.1357,0.2739,265.18,61.39,0
42.88,0.1746,0.1577,0.2602,210.18,56.12,0
59.31,0.232,0.1718,0.2992,311.29,59.14,0
38.19,0.1465,0.1175,0.2872,214.62,55.27,0
65.11,0.1985,0.1401,0.281,332.74,60.69,0
67.41,0.1797,0.1943,0.2854,327.56,63.72,0
76.07,0.2061,0.1866,0.312,387.32,66.45,0
45.54,0.1351,0.1227,0.2322,243.34,55.03,0
69.9,0.1639,0.1491,0.2982,389.26,62.23,0
69.23,0.1965,0.1352,0.2844,351.35,61.28,0
50.8,0.1974,0.1077,0.2912,287.33,59.27,0
42.63,0.1803,0.119,0.2491,212.1,59.69,0
55.12,0.1686,0.1493,0.2614,316.45,59.36,0
26.32,0.1109,0.1471,0.2288,126.4,51.12,0
67.43,0.2178,0.102,0.2406,329.98,63.4,0
60.87,0.197,0.1424,0.2533,327.11,59.97,0
65.27,0.2005,0.156,0.3215,341.29,62.78,0
32.21,0.159,0.1305,0.1759,162.31,51.71,0
48.13,0.1793,0.1548,0.2696,262.89,55.69,0
56.35,0.1453,0.1614,0.2965,276.3,60.14,0
55.39,0.1635,0.1211,0.2538,288.54,58.1,0
26.22,0.1449,0.1506,0.2263,132.42,50.84,0
49.58,0.1601,0.1672,0.2339,254.6,57.88,0
27.36,0.1263,0.1258,0.2365,161.37,53.36,0
53.04,0.1466,0.1286,0.2449,266.49,59.24,0
52.82,0.1511,0.1002,0.2653,270.06,59.35,0
47.35,0.1737,0.1429,0.2561,251.98,56.55,0
30.8,0.1754,0.1061,0.2554,187.05,53.18,0
58.84,0.1985,0.137,0.2609,283.31,59.75,0
47.54,0.1827,0.1307,0.2666,268.22,56.41,0
20.06,0.1551,0.1014,0.1711,160.6,50.99,0
21.73,0.1324,0.1026,0.17,135.22,50.81,0
69.85,0.1966,0.1233,0.2729,347.21,63.43,0
24.75,0.1406,0.1326,0.2092,154.79,50.8,0
24.33,0.1711,0.1114,0.2341,121.73,51.09,0
48.43,0.2027,0.1355,0.2132,260.27,58.08,0
47.85,0.1674,0.1713,0.2692,258.05,55.2,0
48.57,0.1546,0.1147,0.2734,245.58,58.06,0
76.31,0.177,0.1512,0.2266,389.14,63.63,0
54.35,0.1999,0.1514,0.2408,280.83,60.76,0
65.94,0.1578,0.1643,0.2532,500.43,60.48,1
26.7,0.1527,0.1129,0.1788,150.58,52.75,0
20.44,0.1462,0.1179,0.1557,115.49,50.69,0
32.76,0.1431,0.0768,0.2824,183.17,54.21,0
30.26,0.173,0.1015,0.2001,153.23,54.46,0
72.65,0.1978,0.4267,0.282,372.16,104.67,1
70.12,0.1662,0.1465,0.3025,367.49,63.0,0
34.14,0.158,0.1234,0.2175,421.91,51.77,1
66.71,0.166,0.1597,0.2909,343.85,59.42,0
27.32,0.1583,0.1326,0.2493,160.03,51.72,0
58.13,0.1493,0.1308,0.2188,289.01,58.58,0
44.86,0.1909,0.1291,0.197,253.81,58.73,0
41.05,0.1769,0.1138,0.2459,215.97,57.32,0
21.33,0.1466,0.1201,0.1612,133.09,48.4,0
45.01,0.1568,0.1053,0.2277,255.7,55.54,0
31.22,0.1379,0.1353,0.1926,179.06,51.33,0
30.04,0.1274,0.1126,0.2142,180.97,51.54,0
59.34,0.1835,0.1472,0.2439,294.06,63.38,0
74.81,0.1642,0.1589,0.2937,376.08,63.33,0
40.2,0.1671,0.1529,0.1612,215.34,53.47,0
28.34,0.1319,0.1339,0.2052,174.36,54.62,0
31.61,0.1571,0.1167,0.2061,163.82,49.63,0
74.03,0.1699,0.1626,0.2904,384.81,64.6,0
43.3,0.1527,0.1139,0.198,248.1,55.74,0
42.76,0.1197,0.1072,0.2262,225.49,53.93,0
56.56,0.1608,0.1749,0.2102,344.53,58.53,0
77.68,0.1761,0.1502,0.3449,423.84,63.74,0
37.87,0.1494,0.1291,0.2221,217.44,55.87,0
71.03,0.1876,0.1582,0.2766,354.95,63.9,0
34.55,0.1499,0.1551,0.2429,193.43,49.85,0
50.41,0.1796,0.1737,0.2684,260.69,59.35,0
53.91,0.153,0.1399,0.2834,295.04,54.6,0
37.98,0.1402,0.1199,0.2581,215.33,53.19,0
57.15,0.1688,0.1203,0.2877,314.14,59.8,0
68.69,0.2146,0.1389,0.2708,364.45,61.5,0
49.31,0.2029,0.1405,0.1773,256.98,57.69,0
65.34,0.1907,0.1272,0.3347,314.96,63.09,0
48.42,0.2028,0.4463,0.2901,272.32,100.8,1
38.92,0.1781,0.1403,0.2477,212.89,53.87,0
72.37,0.2088,0.1368,0.3074,362.98,61.83,0
42.03,0.1655,0.1316,0.2998,224.89,56.87,0
77.33,0.2029,0.1591,0.3054,392.34,65.89,0
44.43,0.1514,0.1206,0.2268,241.65,57.84,0
30.06,0.1266,0.1405,0.2368,161.08,53.3,0
55.66,0.1922,0.1727,0.2442,316.06,60.38,0
28.52,0.1669,0.1228,0.248,164.87,50.68,0
34.84,0.1535,0.1369,0.2318,193.5,55.98,0
29.93,0.119,0.1106,0.1924,182.68,53.19,0
60.77,0.1808,0.182,0.2685,276.81,60.94,0
64.73,0.1835,0.1516,0.2449,343.79,61.95,0
26.9,0.1183,0.1677,0.2056,159.7,50.47,0
63.59,0.1975,0.1397,0.2685,339.27,62.9,0
32.27,0.1538,0.1342,0.2122,165.47,54.62,0
24.96,0.161,0.1121,0.2326,134.71,49.1,0
45.33,0.2175,0.1307,0.2376,234.6,56.96,0
25.18,0.1328,0.1346,0.2119,138.74,54.1,0
72.46,0.1954,0.155,0.309,371.36,65.63,0
75.86,0.167,0.1831,0.3229,365.86,64.06,0
30.95,0.1669,0.1342,0.1959,208.04,50.44,0
60.27,0.174,0.1447,0.2491,336.36,60.28,0
33.41,0.1412,0.1468,0.2747,179.14,55.4,0
30.8,0.1329,0.1172,0.2012,158.31,54.06,0
64.88,0.1889,0.1572,0.2476,345.52,60.97,0
76.71,0.202,0.1466,0.3585,414.59,65.44,0
39.72,0.1623,0.1563,0.2088,233.76,49.18,0
65.59,0.197,0.1657,0.2611,336.31,59.98,0
33.5,0.109,0.1281,0.2302,168.89,53.1,0
29.77,0.1362,0.1157,0.2236,167.79,52.82,0
76.38,0.2336,0.1772,0.2561,405.06,63.93,0
32.96,0.1585,0.1104,0.211,198.39,54.8,0
49.17,0.1494,0.1353,0.262,263.32,58.2,0
57.59,0.1622,0.1382,0.3123,274.13,60.33,0
73.08,0.4409,0.1429,0.9362,376.1,63.42,1
77.38,0.1936,0.1708,0.2936,385.35,62.89,0
21.91,0.1477,0.1202,0.2141,141.22,51.21,0
39.12,0.1356,0.1576,0.256,215.1,53.19,0
68.13,0.2135,0.1599,0.2745,375.44,64.36,0
38.6,0.1331,0.1238,0.2209,219.51,52.8,0
33.54,0.1547,0.1263,0.2098,175.7,53.0,0
34.99,0.1564,0.1286,0.2587,186.5,55.98,0
38.0,0.166,0.1268,0.2395,209.21,56.51,0
65.07,0.1839,0.1797,0.2684,323.58,62.11,0
36.02,0.1962,0.1087,0.2363,175.61,52.02,0
70.44,0.1942,0.1851,0.2456,393.76,63.08,0
27.51,0.1537,0.0973,0.2545,145.85,50.33,0
64.04,0.1783,0.172,0.2975,368.7,61.85,0
39.55,0.1556,0.5327,0.2226,211.5,111.04,1
39.01,0.1531,0.1404,0.2773,192.59,56.25,0
75.19,0.1871,0.1674,0.2904,382.18,66.07,0
48.92,0.177,0.1325,0.2256,256.16,55.92,0
69.6,0.1835,0.1679,0.3166,363.63,61.42,0
43.74,0.15,0.1265,0.259,236.17,56.25,0
39.46,0.1656,0.1483,0.2437,198.06,56.21,0
35.89,0.16,0.1223,0.219,198.35,51.52,0
60.48,0.1707,0.1431,0.238,301.34,61.36,0
44.62,0.1328,0.1447,0.211,234.0,57.05,0
54.76,0.1598,0.14,0.2385,285.43,58.43,0
37.01,0.1568,0.0974,0.2308,205.51,55.12,0
24.28,0.1178,0.078,0.2296,119.34,51.29,0
28.54,0.1942,0.1292,0.1925,143.46,53.76,0
25.1,0.1276,0.147,0.2181,156.85,52.65,0
47.01,0.169,0.1559,0.2757,255.73,55.43,0
64.68,0.1993,0.1376,0.2601,349.11,61.35,0
37.08,0.1915,0.1198,0.2253,189.31,51.22,0
38.76,0.5101,0.1232,1.0016,241.1,53.69,1
56.7,0.1484,0.1515,0.2522,265.4,59.96,0
22.27,0.1599,0.1538,0.2135,145.33,50.56,0
30.96,0.1621,0.1293,0.281,194.7,51.76,0
64.15,0.1871,0.1311,0.3345,324.95,59.44,0
46.56,0.1503,0.1513,0.2571,236.07,56.12,0
28.73,0.1352,0.1522,0.185,166.56,50.17,0
69.15,0.1837,0.1471,0.2907,352.14,62.94,0
36.37,0.167,0.1501,0.2251,194.74,54.46,0
57.07,0.1608,0.1036,0.2586,303.9,56.75,0
20.53,0.1549,0.1341,0.2113,153.41,50.25,0
64.06,0.1839,0.1184,0.3083,327.05,60.98,0
41.78,0.138,0.1273,0.2228,232.37,53.89,0
32.31,0.369,0.128,0.801,208.97,51.27,1
62.11,0.1901,0.1784,0.2639,330.25,56.18,0
32.67,0.1236,0.118,0.2377,215.07,54.46,0
33.99,0.1487,0.1208,0.2369,171.97,56.43,0
40.63,0.1272,0.1338,0.2427,201.13,53.56,0
37.64,0.1617,0.0933,0.2184,183.0,52.71,0
28.09,0.15,0.1422,0.2174,173.75,50.92,0
41.67,0.1739,0.1491,0.2648,216.09,55.26,0
51.33,0.1463,0.141,0.2266,283.3,55.65,0
23.9,0.1578,0.129,0.2589,137.87,50.09,0
75.36,0.2051,0.1634,0.2604,386.7,62.09,0
65.05,0.1888,0.169,0.3239,318.31,62.89,0
27.97,0.1624,0.1182,0.1746,179.65,52.84,0
31.12,0.1646,0.1292,0.2387,164.52,52.56,0
33.9,0.1425,0.134,0.2702,212.2,54.23,0
21.31,0.1203,0.1302,0.2334,123.8,50.95,0
73.06,0.1981,0.1216,0.2621,368.2,64.38,0
39.61,0.1642,0.122,0.24,218.0,56.17,0
68.65,0.1464,0.1695,0.2814,358.06,62.48,0
33.28,0.1197,0.1265,0.1754,199.66,54.32,0
76.2,0.1944,0.1632,0.2726,377.65,65.5,0
60.9,0.1809,0.1468,0.3078,308.25,60.79,0
28.66,0.154,0.1331,0.2147,158.85,53.65,0
57.16,0.15,0.1299,0.2638,284.92,58.34,0
70.96,0.2175,0.1745,0.2848,367.28,62.47,0
52.51,0.1735,0.1311,0.273,263.54,59.58,0
73.35,0.1851,0.162,0.3325,371.44,63.1,0
21.31,0.1419,0.0949,0.2368,143.76,50.5,0
57.93,0.1942,0.1395,0.2659,307.99,59.83,0
21.21,0.144,0.1437,0.1963,123.96,48.62,0
25.1,0.1466,0.1269,0.2463,168.51,50.98,0
44.6,0.128,0.1342,0.2337,233.15,54.58,0
31.16,0.1235,0.1629,0.2338,171.17,53.58,0
37.43,0.1782,0.1236,0.2994,226.24,54.42,0
38.39,0.1328,0.1379,0.2052,236.58,52.18,0
54.11,0.1596,0.1619,0.2345,266.9,57.29,0
55.08,0.1409,0.1257,0.2555,323.47,60.06,0
58.35,0.1512,0.1298,0.2452,303.43,57.25,0
47.33,0.1597,0.1449,0.2573,255.13,56.54,0
26.8,0.1869,0.1302,0.177,164.55,53.61,0
44.49,0.191,0.1551,0.2915,233.17,54.73,0
49.44,0.1678,0.1344,0.2415,244.72,58.68,0
37.95,0.1461,0.1084,0.2146,224.84,56.64,0
75.4,0.2013,0.142,0.3336,355.28,63.51,0
37.7,0.1736,0.1397,0.2583,201.45,55.14,0
29.13,0.1447,0.1566,0.2141,161.88,52.72,0
26.34,0.1145,0.1304,0.2272,156.74,50.99,0
26.59,0.1401,0.1327,0.2095,166.85,52.11,0
25.97,0.1537,0.1178,0.2044,169.17,50.64,0
24.49,0.1111,0.1032,0.1855,127.49,50.26,0
39.97,0.1461,0.1321,0.2648,236.39,53.33,0
35.31,0.1701,0.1304,0.2943,174.12,52.52,0
45.79,0.1676,0.1274,0.2238,235.82,56.67,0
40.8,0.1533,0.1411,0.2415,262.13,51.66,0
39.41,0.1383,0.1542,0.2672,228.1,53.17,0
53.45,0.1466,0.1472,0.2908,296.41,56.06,0
54.69,0.2068,0.1693,0.2394,295.05,57.34,0
69.78,0.5054,0.1431,0.8704,390.59,62.39,1
27.09,0.161,0.1092,0.1938,186.69,49.21,0
50.33,0.1751,0.1747,0.221,274.44,55.9,0
30.56,0.1431,0.1505,0.18,170.89,53.29,0
76.39,0.1759,0.1958,0.324,377.23,65.66,0
64.95,0.1743,0.1147,0.2456,326.68,59.61,0
76.43,0.19,0.1606,0.2957,390.51,63.9,0
26.93,0.1404,0.1309,0.2343,147.85,52.57,0
60.47,0.1642,0.1316,0.3125,319.68,58.29,0
69.83,0.1949,0.1253,0.2887,566.77,64.84,1
25.69,0.1616,0.155,0.231,159.78,50.35,0
51.75,0.164,0.1235,0.2765,263.42,59.91,0
45.85,0.1663,0.1341,0.235,255.32,56.48,0
51.93,0.2095,0.1109,0.2431,275.63,57.59,0
42.21,0.1743,0.1189,0.2473,230.57,56.35,0
28.93,0.171,0.0709,0.226,143.09,53.25,0
66.01,0.2066,0.1836,0.3417,331.46,60.29,0
22.56,0.1696,0.1345,0.2194,131.25,51.19,0
24.49,0.1417,0.1466,0.2155,129.19,49.93,0
32.42,0.1612,0.144,0.2208,170.07,55.22,0
59.51,0.1848,0.1684,0.2631,302.18,60.69,0
44.44,0.1814,0.1404,0.2428,241.15,56.14,0
40.23,0.1481,0.1051,0.2571,215.2,56.63,0
40.97,0.1799,0.1859,0.2432,242.13,54.75,0
51.96,0.1254,0.1327,0.2648,270.95,55.97,0
73.63,0.1944,0.1286,0.3086,369.88,62.41,0
33.2,0.1464,0.1527,0.2169,207.83,51.95,0
35.66,0.1354,0.167,0.2764,212.25,51.1,0
27.1,0.6156,0.1193,0.9741,170.05,53.25,1
42.14,0.1401,0.136,0.2925,223.23,54.03,0
61.76,0.1855,0.1781,0.2636,317.29,63.46,0
32.89,0.131,0.1178,0.1961,186.81,53.06,0
31.76,0.1242,0.1029,0.2654,191.16,51.77,0
22.04,0.1193,0.1402,0.1732,120.55,49.97,0
46.57,0.1481,0.1393,0.2964,271.15,56.57,0
22.92,0.1263,0.1481,0.1568,113.29,50.51,0
74.64,0.1995,0.1726,0.3297,376.06,62.38,0
46.13,0.1774,0.1301,0.2383,275.15,57.08,0
30.16,0.1185,0.1236,0.2038,168.48,52.74,0
42.69,0.1498,0.1207,0.2905,235.22,57.13,0
64.49,0.1959,0.1364,0.2538,324.44,61.67,0
48.89,0.1617,0.1523,0.2509,275.29,60.82,0
70.79,0.2101,0.1673,0.2545,389.39,62.46,0
42.33,0.1386,0.1491,0.252,230.1,56.05,0
48.56,0.1924,0.1221,0.2753,248.22,58.05,0
34.3,0.1654,0.1384,0.2876,218.73,53.44,0
77.96,0.1899,0.1668,0.3192,422.18,63.3,0
69.57,0.169,0.1268,0.2631,359.92,64.44,0
77.68,0.2094,0.1815,0.2974,413.01,62.96,0
77.45,0.1789,0.1645,0.2821,364.86,64.28,0
75.45,0.1944,0.1866,0.2949,375.64,62.67,0
48.26,0.1822,0.13,0.2749,249.69,55.31,0
61.72,0.1703,0.1374,0.2579,315.72,60.29,0
25.82,0.1604,0.1063,0.1873,134.87,51.92,0
45.39,0.1621,0.1358,0.2464,255.93,54.16,0
71.08,0.1998,0.1777,0.2871,351.49,62.32,0
45.39,0.1651,0.1701,0.2416,247.87,56.44,0
35.47,0.181,0.1125,0.2397,190.62,52.6,0
57.21,0.2162,0.4679,0.2493,296.92,85.68,1
61.23,0.2086,0.1659,0.2714,323.82,60.2,0
33.96,0.1778,0.1412,0.1937,191.43,53.12,0
40.89,0.1238,0.1269,0.2551,193.77,55.33,0
42.47,0.1626,0.1346,0.2168,228.49,55.36,0
65.96,0.2026,0.1758,0.2906,347.71,62.59,0
33.54,0.1329,0.1364,0.199,164.23,55.75,0
70.43,0.2147,0.1466,0.2658,509.93,61.89,1
31.05,0.1195,0.117,0.2162,184.41,54.71,0
63.19,0.1733,0.1382,0.3267,330.73,61.32,0
40.74,0.1471,0.1347,0.2645,198.58,54.02,0
41.87,0.1304,0.1004,0.215,212.79,55.21,0
71.11,0.2287,0.149,0.3056,378.2,61.76,0
40.72,0.1644,0.1373,0.2795,219.87,56.69,0
57.78,0.171,0.1493,0.2397,309.64,60.66,0
30.61,0.1726,0.1266,0.2277,178.18,50.71,0
72.19,0.1948,0.1718,0.3109,376.12,62.63,0
75.08,0.5466,0.1806,0.839,391.81,62.71,1
43.48,0.2038,0.0872,0.2572,238.51,54.71,0
47.56,0.1721,0.1107,0.2146,275.78,54.69,0
31.82,0.1226,0.1211,0.2421,165.9,53.68,0
66.95,0.1364,0.5197,0.2307,347.09,110.19,1
35.95,0.1796,0.1288,0.1673,185.22,55.93,0
66.42,0.2204,0.1175,0.2242,347.62,64.27,0
34.47,0.1853,0.1294,0.2862,191.1,51.07,0
30.34,0.1468,0.1255,0.184,158.34,52.71,0
77.07,0.167,0.1623,0.3111,395.92,65.97,0
58.78,0.156,0.1534,0.3176,312.68,59.68,0
44.17,0.1126,0.1191,0.2501,238.66,54.95,0
42.12,0.1548,0.1303,0.2363,201.22,56.51,0
50.94,0.16,0.1612,0.2559,285.05,58.62,0
61.22,0.1867,0.1385,0.3024,306.4,59.62,0
38.88,0.1466,0.1342,0.2566,221.58,53.83,0
46.63,0.1615,0.1549,0.2803,218.46,57.31,0
55.5,0.186,0.152,0.2656,274.37,60.15,0
51.51,0.1912,0.1335,0.3112,281.6,56.93,0
68.55,0.2126,0.163,0.2957,337.46,63.55,0
74.48,0.1644,0.1484,0.3107,367.24,65.54,0
54.64,0.1677,0.1547,0.2741,284.98,57.73,0
65.19,0.2097,0.186,0.2866,323.99,60.67,0
75.05,0.2038,0.1824,0.2942,399.95,61.84,0
57.59,0.1568,0.1523,0.2124,304.31,61.49,0
48.28,0.2179,0.1176,0.2195,269.35,56.78,0
25.41,0.1333,0.1435,0.1953,138.44,51.64,0
75.12,0.1824,0.1874,0.2997,382.51,66.02,0
74.66,0.1982,0.1581,0.2835,391.13,62.49,0
34.47,0.1579,0.134,0.2746,196.96,53.42,0
24.25,0.1092,0.128,0.2493,130.65,48.96,0
54.51,0.1816,0.154,0.2273,291.26,57.24,0
68.96,0.2047,0.1648,0.2593,366.31,61.16,0
50.44,0.1826,0.1548,0.2289,274.48,59.09,0
61.24,0.1921,0.1433,0.2483,303.72,56.37,0
29.93,0.1133,0.0794,0.2466,176.2,52.95,0
20.81,0.1387,0.1086,0.2005,126.51,51.45,0
28.6,0.1856,0.1242,0.222,172.99,50.89,0
73.58,0.2011,0.1666,0.3393,340.89,61.8,0
34.53,0.165,0.1356,0.2465,212.2,53.67,0
35.4,0.1326,0.1232,0.1669,168.4,53.17,0
68.29,0.1876,0.1265,0.3605,357.37,60.01,0
37.82,0.1527,0.1157,0.1728,187.1,54.98,0
56.67,0.1882,0.1314,0.211,280.23,58.09,0
33.0,0.1658,0.1161,0.2497,202.76,54.31,0
41.72,0.1506,0.1154,0.2465,254.0,57.45,0
46.17,0.1754,0.1304,0.2807,237.76,57.21,0
36.41,0.165,0.1013,0.2433,202.16,53.54,0
23.01,0.1438,0.1183,0.2534,146.82,50.24,0
25.34,0.1738,0.1041,0.2006,158.19,48.84,0
59.5,0.1806,0.1305,0.2612,326.21,60.2,0
46.27,0.1417,0.1566,0.2316,232.23,57.01,0
73.51,0.197,0.1683,0.294,372.11,64.0,0
73.63,0.1993,0.141,0.3016,370.79,63.4,0
44.07,0.171,0.1485,0.2813,213.01,54.58,0
46.23,0.1877,0.1176,0.308,245.93,56.25,0
42.64,0.1614,0.1399,0.2592,227.25,56.93,0
34.78,0.135,0.1173,0.2407,204.99,50.9,0
36.07,0.1228,0.1057,0.2419,195.56,56.4,0
21.8,0.1715,0.1049,0.2218,150.39,52.07,0
40.06,0.1492,0.139,0.2316,222.43,58.21,0
56.63,0.1692,0.167,0.2382,306.94,57.35,0
61.1,0.2419,0.1479,0.2534,334.53,60.4,0
23.46,0.1161,0.1295,0.2402,105.21,49.64,0
69.7,0.2032,0.1401,0.3257,368.3,62.5,0
50.45,0.2003,0.1586,0.2827,280.07,57.95,0
37.35,0.1487,0.1578,0.2482,228.63,56.74,0
29.81,0.1432,0.1373,0.2837,133.8,51.31,0
29.74,0.1102,0.0886,0.241,185.71,52.66,0
58.03,0.1858,0.1368,0.3033,281.63,62.54,0
71.93,0.1877,0.1461,0.3044,375.38,64.83,0
32.03,0.1655,0.1511,0.2643,202.02,53.64,0
41.9,0.14,0.1386,0.2814,205.93,54.37,0
50.3,0.2102,0.1644,0.2243,266.91,57.22,0
62.89,0.1526,0.117,0.3097,335.61,60.87,0
44.77,0.1889,0.1511,0.253,270.46,56.12,0
74.54,0.2088,0.1795,0.2624,370.84,63.21,0
59.33,0.2154,0.1947,0.2411,300.58,58.95,0
40.02,0.1514,0.1274,0.293,213.79,57.5,0
40.54,0.2049,0.1242,0.2466,219.71,54.18,0
73.1,0.1934,0.1692,0.2789,351.96,61.89,0
51.5,0.1263,0.1573,0.2335,296.29,56.7,0
37.46,0.1692,0.1136,0.2199,218.6,56.07,0
74.69,0.2068,0.1711,0.2998,353.83,64.82,0
44.86,0.1886,0.1254,0.28,222.81,56.33,0
46.22,0.2002,0.1235,0.2798,252.73,55.23,0
74.95,0.2133,0.1634,0.3784,372.85,63.8,0
71.21,0.1595,0.1413,0.3198,346.02,64.76,0
72.61,0.1777,0.1344,0.2975,362.69,60.55,0
71.15,0.2111,0.1587,0.34,356.98,61.32,0
68.59,0.1978,0.1436,0.2568,350.97,65.38,0
35.01,0.1728,0.0872,0.2648,198.13,53.87,0
25.4,0.1155,0.1243,0.2663,167.72,53.35,0
21.08,0.1673,0.081,0.2341,120.7,51.84,0
64.02,0.1934,0.1466,0.3215,350.15,59.67,0
73.43,0.1731,0.1613,0.3087,356.97,63.22,0
39.68,0.1732,0.1038,0.2737,210.08,53.14,0
27.39,0.1323,0.1648,0.2051,134.32,51.8,0
20.33,0.1415,0.1123,0.2322,140.01,48.98,0
43.82,0.1807,0.1377,0.2198,256.46,55.55,0
44.84,0.1608,0.113,0.2903,225.44,55.09,0
70.04,0.1804,0.1362,0.3241,350.97,60.99,0
39.57,0.1515,0.1455,0.2312,233.21,52.15,0
29.0,0.1874,0.1613,0.1706,165.56,49.62,0
29.56,0.0906,0.1489,0.2045,176.82,54.51,0
29.38,0.1507,0.1223,0.2301,178.18,55.05,0
32.06,0.1361,0.1151,0.2285,189.43,51.59,0
29.46,0.124,0.1204,0.1912,156.91,56.0,0
76.14,0.1896,0.1668,0.3379,381.46,65.26,0
52.29,0.1261,0.1479,0.2854,285.98,57.86,0
40.46,0.1557,0.1171,0.2476,427.16,56.26,1
41.28,0.1539,0.1417,0.264,221.47,53.98,0
74.44,0.2118,0.1656,0.3005,393.99,63.58,0
60.63,0.1853,0.1178,0.2105,334.18,59.22,0
51.56,0.1868,0.1289,0.3071,255.23,57.05,0
28.25,0.169,0.074,0.2893,179.99,52.28,0
45.14,0.1628,0.1506,0.2681,264.67,54.6,0
75.59,0.1874,0.1267,0.2926,378.69,63.75,0
70.57,0.1607,0.1364,0.2403,375.31,65.45,0
42.94,0.1474,0.1175,0.2371,237.92,56.04,0
36.4,0.1516,0.0694,0.1961,211.38,54.96,0
76.74,0.174,0.1813,0.2909,415.86,61.89,0
57.56,0.1846,0.1403,0.2499,287.66,59.11,0
30.29,0.1501,0.0988,0.2264,168.27,52.38,0
76.65,0.1845,0.1532,0.2931,387.06,67.99,0
34.95,0.1279,0.1619,0.2332,193.65,53.02,0
25.39,0.1089,0.1248,0.2145,133.84,52.56,0
34.29,0.1612,0.1019,0.2468,187.26,55.72,0
64.92,0.1789,0.1663,0.2642,345.94,60.5,0
42.98,0.1917,0.1619,0.1879,248.46,54.37,0
50.44,0.184,0.175,0.2504,257.66,58.04,0
39.36,0.1732,0.1086,0.2868,215.11,54.42,0
77.9,0.1823,0.1353,0.2941,413.81,62.97,0
65.08,0.1871,0.1222,0.2545,321.13,62.13,0
45.41,0.1547,0.1647,0.2568,245.5,58.97,0
26.85,0.1767,0.6988,0.2269,151.48,76.66,1
67.26,0.1933,0.1531,0.3326,328.62,63.18,0
68.7,0.2131,0.2008,0.2873,361.77,61.56,0
57.88,0.1566,0.1048,0.2099,284.36,58.58,0
61.14,0.1781,0.1133,0.289,317.08,59.24,0
28.68,0.114,0.5308,0.2471,162.27,97.56,1
53.28,0.1915,0.1524,0.2708,261.19,60.16,0
49.0,0.1618,0.1285,0.2894,259.62,57.32,0
29.46,0.1707,0.1563,0.208,174.89,54.17,0
69.39,0.1425,0.1446,0.3154,346.63,62.45,0
58.54,0.1627,0.1499,0.3437,317.18,57.82,0
69.18,0.1642,0.1747,0.2872,380.51,64.39,0
61.67,0.2206,0.1443,0.2574,312.24,60.51,0
22.38,0.1352,0.1341,0.202,138.93,51.25,0
40.49,0.153,0.131,0.2263,224.67,55.13,0
43.93,0.1453,0.1067,0.2791,223.96,54.17,0
60.53,0.1849,0.1404,0.288,317.21,58.66,0
41.75,0.1598,0.1243,0.2459,237.37,55.82,0
35.91,0.1699,0.1562,0.3124,195.25,52.55,0
33.64,0.1212,0.1114,0.2054,193.95,53.99,0
40.75,0.2065,0.1502,0.2751,219.01,53.67,0
31.67,0.1763,0.1561,0.2702,208.28,51.66,0
46.46,0.143,0.1197,0.2667,251.59,57.51,0
69.48,0.2041,0.2027,0.2729,353.65,62.99,0
33.87,0.172,0.1047,0.2182,174.26,52.06,0
67.8,0.2033,0.1755,0.2567,333.52,62.01,0
73.87,0.1735,0.1818,0.3552,380.03,61.67,0
54.25,0.1844,0.1189,0.2622,282.27,59.33,0
75.44,0.1549,0.136,0.2756,367.26,60.76,0
41.9,0.1587,0.1306,0.2237,219.81,55.9,0
41.63,0.1604,0.0967,0.3165,225.87,53.41,0
31.95,0.1081,0.1375,0.2229,174.85,50.71,0
64.17,0.2016,0.1515,0.255,330.23,60.93,0
32.27,0.1795,0.1213,0.2133,195.27,56.25,0
56.65,0.1569,0.1912,0.3165,317.23,62.08,0
38.75,0.1711,0.1101,0.2548,221.72,54.88,0
52.95,0.155,0.1523,0.2539,264.54,59.55,0
64.25,0.1704,0.16,0.282,317.49,62.98,0
68.02,0.2131,0.1571,0.3348,346.7,60.95,0
57.62,0.2004,0.1358,0.2654,293.15,59.82,0
52.45,0.1797,0.0965,0.2585,274.11,60.11,0
31.49,0.1484,0.1081,0.2131,176.63,52.7,0
71.21,0.2057,0.1567,0.2486,373.19,62.86,0
74.45,0.1936,0.1739,0.3509,370.72,65.38,0
69.88,0.2021,0.1388,0.3422,361.75,62.06,0
38.52,0.1844,0.151,0.2408,237.29,54.92,0
63.29,0.1832,0.1415,0.2964,314.98,59.98,0
36.47,0.1374,0.1262,0.2214,214.26,51.97,0
74.09,0.1902,0.1572,0.3339,381.08,66.06,0
56.27,0.1941,0.1374,0.2714,309.3,59.75,0
68.34,0.181,0.1355,0.3677,351.3,61.66,0
76.78,0.217,0.1927,0.3666,396.99,64.82,0
37.93,0.1547,0.1568,0.1828,219.19,52.77,0
52.63,0.1652,0.1431,0.2135,251.01,58.85,0
48.79,0.1723,0.165,0.2897,240.3,53.7,0
34.37,0.1578,0.1176,0.2017,201.85,53.61,0
27.09,0.1483,0.1119,0.1909,133.47,50.89,0
21.69,0.115,0.1246,0.2377,131.89,49.65,0
55.25,0.1576,0.1487,0.2516,301.42,58.69,0
23.21,0.1453,0.1271,0.2047,133.98,50.81,0
23.2,0.3883,0.1007,0.8109,132.35,50.19,1
63.41,0.1657,0.1404,0.2824,330.6,60.29,0
55.3,0.2083,0.1149,0.2758,299.0,57.01,0
46.9,0.1279,0.1751,0.2451,230.5,56.95,0
70.09,0.1838,0.1536,0.284,367.88,64.25,0
25.04,0.12,0.1232,0.2291,121.28,52.79,0
60.49,0.1706,0.1644,0.2638,324.84,60.17,0
32.29,0.1261,0.1159,0.1892,189.53,54.98,0
72.01,0.2043,0.139,0.3085,355.58,63.05,0
32.53,0.1415,0.0823,0.2061,193.15,54.37,0
50.57,0.1423,0.1566,0.2522,249.84,57.11,0
58.74,0.1962,0.1399,0.2761,296.3,61.65,0
65.79,0.1407,0.1622,0.3048,310.62,61.31,0
35.86,0.1572,0.0939,0.1919,188.21,55.37,0
23.09,0.1016,0.1156,0.2444,142.77,50.14,0
41.62,0.1696,0.1035,0.2207,225.23,55.16,0
33.91,0.1386,0.0911,0.3076,189.55,52.12,0
48.65,0.1645,0.1249,0.2941,257.71,58.0,0
45.86,0.1553,0.1234,0.3135,237.0,55.95,0
48.77,0.1488,0.1642,0.2783,263.12,58.82,0
39.05,0.1862,0.1451,0.2301,213.54,56.74,0
70.08,0.1743,0.1668,0.2975,350.99,64.49,0
30.84,0.1419,0.1159,0.2398,200.46,53.04,0
55.99,0.1889,0.1402,0.2398,269.86,57.19,0
51.99,0.1576,0.1346,0.2422,269.05,58.65,0
66.5,0.1832,0.1491,0.2801,337.82,58.65,0
23.64,0.1465,0.1156,0.2202,140.15,51.87,0
48.51,0.1796,0.177,0.2852,251.67,57.63,0
75.18,0.1775,0.1643,0.29,409.03,62.49,0
42.69,0.1597,0.1277,0.2694,249.89,55.35,0
62.37,0.1623,0.1445,0.2603,329.1,60.09,0
71.37,0.1859,0.1559,0.3069,354.15,64.43,0
65.8,0.1773,0.1661,0.3149,316.54,62.97,0
34.35,0.1703,0.0999,0.2157,207.7,54.19,0
24.37,0.1603,0.497,0.2202,149.43,104.67,1
62.13,0.1717,0.1458,0.3012,309.5,59.32,0
38.2,0.1545,0.1476,0.2069,193.23,58.44,0
21.42,0.1402,0.1052,0.2102,135.69,51.25,0
44.12,0.1859,0.1212,0.25,252.64,57.47,0
73.34,0.1928,0.152,0.2853,387.58,61.79,0
22.38,0.1274,0.1344,0.2222,148.15,51.32,0
43.87,0.1687,0.1752,0.2109,247.64,54.89,0
49.78,0.1291,0.1087,0.2637,255.5,55.2,0
49.72,0.1792,0.1453,0.28,248.72,57.54,0
77.37,0.2193,0.1691,0.3079,368.17,62.81,0
65.39,0.1929,0.1373,0.3004,353.78,61.11,0
58.86,0.2045,0.12,0.2778,311.72,55.77,0
26.12,0.1421,0.093,0.2078,143.01,52.05,0
61.58,0.175,0.1388,0.279,319.1,59.93,0
72.84,0.1408,0.1593,0.3122,363.31,65.85,0
51.76,0.1534,0.1311,0.2953,271.5,54.78,0
21.17,0.1438,0.1173,0.1835,140.42,49.65,0
77.09,0.1894,0.1729,0.3052,410.45,66.26,0
31.32,0.1473,0.1157,0.291,176.51,55.22,0
23.68,0.1086,0.0996,0.2401,283.93,52.39,1
41.35,0.1659,0.1674,0.2559,207.68,58.01,0
61.23,0.1634,0.1483,0.2535,316.31,61.01,0
65.58,0.1803,0.1432,0.3013,305.64,60.44,0
74.68,0.2064,0.1735,0.3006,362.73,63.29,0
53.78,0.2049,0.17,0.2496,275.66,57.6,0
76.1,0.1695,0.1604,0.314,375.31,65.26,0
40.14,0.1816,0.1332,0.2503,237.61,56.2,0
34.7,0.1476,0.1169,0.2402,178.95,53.25,0
20.12,0.1559,0.0958,0.1657,142.13,50.86,0
59.72,0.1635,0.1555,0.2625,309.09,62.07,0
30.55,0.1363,0.1173,0.2523,173.22,52.11,0
41.63,0.1623,0.1164,0.2232,219.37,57.09,0
74.45,0.2038,0.1764,0.2404,585.38,66.83,1
22.73,0.1212,0.1253,0.2248,146.04,49.51,0
44.17,0.1886,0.0971,0.2182,242.15,56.51,0
69.33,0.1968,0.1745,0.3015,342.63,64.38,0
72.22,0.1911,0.1795,0.3521,379.97,60.66,0
52.63,0.174,0.1212,0.2628,256.94,60.98,0
51.11,0.1773,0.1512,0.277,286.41,59.4,0
71.88,0.1886,0.1662,0.2926,363.29,64.67,0
44.23,0.201,0.1293,0.2653,239.38,54.52,0
21.09,0.1182,0.1145,0.2187,138.35,50.27,0
36.45,0.1479,0.1045,0.2387,197.85,54.8,0
47.99,0.1426,0.1285,0.2996,286.99,59.73,0
65.45,0.1601,0.1221,0.2854,306.83,61.72,0
77.61,0.1688,0.157,0.3555,416.52,64.69,0
49.41,0.1741,0.1327,0.2634,485.28,53.85,1
51.72,0.1277,0.1378,0.2621,272.5,56.16,0
20.98,0.0936,0.1131,0.2055,140.61,50.55,0
55.31,0.15,0.1269,0.2408,257.62,59.95,0
34.54,0.1483,0.1259,0.2207,193.64,55.4,0
68.74,0.1931,0.1945,0.2966,338.47,59.53,0
57.29,0.1609,0.1014,0.2771,276.18,59.74,0
43.9,0.1601,0.1315,0.2446,239.74,56.53,0
37.68,0.1831,0.1289,0.2716,207.0,52.87,0
55.76,0.1689,0.1469,0.2735,301.91,59.08,0
77.93,0.187,0.1396,0.309,410.05,64.57,0
51.53,0.1895,0.1742,0.2814,271.31,59.42,0
24.8,0.1441,0.0674,0.2692,127.3,51.71,0
55.17,0.1807,0.1629,0.2726,277.32,59.59,0
45.76,0.1647,0.1407,0.1962,229.76,54.35,0
58.12,0.1687,0.1679,0.216,297.65,58.19,0
52.08,0.1366,0.1248,0.2673,255.84,58.43,0
27.52,0.1655,0.1184,0.1747,166.31,51.95,0
57.82,0.1974,0.1561,0.2418,308.45,58.93,0
30.19,0.1803,0.1125,0.2326,190.53,50.25,0
59.16,0.1556,0.1592,0.2738,287.7,60.45,0
71.34,0.2031,0.1563,0.2348,344.72,64.29,0
60.47,0.1597,0.1258,0.2411,316.32,59.34,0
63.86,0.1638,0.1234,0.2578,545.5,61.15,1
52.73,0.4007,0.1441,0.7942,301.77,55.44,1
62.82,0.1881,0.1583,0.2873,317.49,60.96,0
43.58,0.175,0.1107,0.2699,227.67,56.42,0
47.83,0.1956,0.1018,0.2819,257.96,55.33,0
62.08,0.184,0.1903,0.3048,307.99,60.77,0
43.54,0.1593,0.1488,0.2468,232.68,55.13,0
34.27,0.1707,0.1189,0.2705,187.54,49.49,0
52.98,0.1797,0.1644,0.2628,259.06,57.41,0
73.07,0.19,0.2081,0.2265,361.59,66.13,0
71.68,0.186,0.169,0.2878,352.1,60.39,0
33.66,0.1646,0.1255,0.2401,187.27,54.28,0
23.74,0.1361,0.1269,0.1557,148.75,52.93,0
32.07,0.1184,0.1443,0.2068,164.2,54.18,0
50.99,0.1575,0.1472,0.294,287.91,57.65,0
48.76,0.2084,0.1351,0.2229,269.7,54.41,0
43.28,0.1856,0.1067,0.2421,219.97,56.55,0
26.01,0.1576,0.1354,0.2844,138.74,54.36,0
35.01,0.2066,0.1275,0.252,166.28,53.34,0
50.09,0.1749,0.1338,0.2597,254.63,59.11,0
45.24,0.1759,0.1436,0.2415,237.68,54.86,0
68.63,0.186,0.1456,0.317,353.42,62.49,0
67.69,0.1895,0.1762,0.3011,343.93,60.97,0
20.67,0.14,0.1076,0.2625,129.92,49.68,0
29.25,0.1798,0.1061,0.2747,165.67,48.07,0
26.71,0.1544,0.1259,0.1947,130.84,53.29,0
70.79,0.2559,0.1599,0.2751,355.45,65.68,0
61.47,0.1783,0.1392,0.3172,277.1,59.69,0
31.85,0.1563,0.1399,0.2655,190.58,56.01,0
61.27,0.1689,0.175,0.2861,327.21,59.85,0
48.01,0.146,0.1552,0.2189,481.46,55.77,1
56.53,0.1682,0.1681,0.2539,298.9,59.05,0
22.99,0.154,0.0815,0.1826,150.99,50.4,0
47.86,0.168,0.1054,0.2796,253.77,57.5,0
63.88,0.1332,0.1594,0.3059,304.02,63.41,0
51.98,0.1928,0.1315,0.2957,270.37,58.51,0
67.69,0.2152,0.1642,0.2845,342.74,63.04,0
45.31,0.1656,0.1705,0.2472,246.18,55.5,0
63.61,0.1756,0.1476,0.2462,339.5,59.83,0
77.84,0.1565,0.179,0.283,384.67,65.31,0
73.24,0.1945,0.1274,0.2875,385.48,65.02,0
27.0,0.1316,0.1314,0.2243,149.1,51.66,0
30.03,0.4768,0.1072,0.6503,189.47,54.28,1
65.11,0.2071,0.1703,0.2771,337.45,65.28,0
30.4,0.179,0.1469,0.2308,181.27,52.95,0
61.79,0.164,0.1673,0.3066,322.43,61.66,0
50.18,0.1584,0.1481,0.2985,255.2,59.27,0
44.26,0.1669,0.1595,0.2234,239.23,54.23,0
32.02,0.1758,0.1228,0.2279,161.03,52.48,0
77.26,0.1969,0.1786,0.3334,401.93,64.44,0
54.55,0.1834,0.1467,0.2634,292.34,57.14,0
35.57,0.1703,0.1551,0.2923,188.97,55.56,0
70.17,0.1963,0.1279,0.316,372.43,60.53,0
69.04,0.1795,0.1611,0.2226,326.81,57.39,0
31.0,0.1135,0.1261,0.2511,156.15,51.91,0
74.09,0.1807,0.1674,0.3369,399.55,67.89,0
65.17,0.1862,0.161,0.2302,313.97,57.78,0
29.73,0.1682,0.1068,0.217,191.1,57.6,0
48.2,0.1423,0.1251,0.2808,244.46,57.91,0
23.89,0.1537,0.1385,0.2057,146.14,49.7,0
27.17,0.1432,0.1513,0.2022,173.15,50.59,0
58.63,0.1631,0.1296,0.2397,337.96,59.62,0
50.05,0.1685,0.1191,0.2411,246.9,57.24,0
50.0,0.169,0.1911,0.2533,271.15,60.27,0
39.01,0.1592,0.1373,0.2744,226.08,54.27,0
44.82,0.1413,0.1285,0.3045,260.65,57.52,0
33.0,0.1469,0.1131,0.2559,181.18,54.01,0
73.48,0.2364,0.1735,0.2923,391.61,62.12,0
75.43,0.2058,0.1514,0.3119,385.12,63.21,0
22.04,0.1178,0.1173,0.2453,99.72,51.55,0
40.07,0.1692,0.19,0.2413,403.5,56.07,1
30.65,0.1365,0.1314,0.1988,197.52,54.77,0
76.63,0.1974,0.131,0.2947,378.14,66.05,0
72.33,0.217,0.1591,0.2772,362.87,64.01,0
71.15,0.2247,0.1802,0.2859,364.45,61.68,0
77.73,0.1937,0.1541,0.2479,391.56,64.45,0
56.69,0.1788,0.1763,0.3126,283.31,61.06,0
65.38,0.1918,0.1283,0.2969,341.55,60.66,0
41.4,0.3934,0.1832,0.5951,228.63,57.59,1
71.14,0.1867,0.173,0.2904,368.19,59.55,0
49.67,0.1587,0.1756,0.3271,256.89,57.48,0
47.09,0.1657,0.1428,0.2405,229.37,56.87,0
49.28,0.4511,0.1259,0.7367,246.57,57.03,1
46.59,0.1697,0.1003,0.2799,260.81,55.93,0
59.26,0.2162,0.1275,0.2307,282.73,59.78,0
36.69,0.1348,0.0906,0.2561,199.99,56.29,0
67.3,0.1637,0.1567,0.2563,358.26,62.07,0
70.48,0.1836,0.1575,0.2818,351.34,62.94,0
39.34,0.159,0.1695,0.2807,218.86,54.17,0
75.43,0.1981,0.1663,0.2552,377.02,63.51,0
58.69,0.2226,0.1631,0.2747,278.32,60.8,0
77.97,0.1936,0.1454,0.3187,405.62,64.17,0
26.14,0.1409,0.1481,0.2263,124.6,54.0,0
76.86,0.2089,0.1594,0.2952,375.35,63.71,0
60.69,0.2192,0.1398,0.2793,296.93,58.43,0
26.97,0.1102,0.0942,0.1609,146.34,52.85,0
52.49,0.1914,0.133,0.3059,278.93,58.62,0
75.48,0.2218,0.1268,0.3074,375.42,64.02,0
51.5,0.1863,0.1191,0.289,254.65,60.19,0
54.85,0.1837,0.1553,0.2564,268.04,58.66,0
21.3,0.1619,0.1161,0.2105,121.14,49.46,0
40.62,0.1808,0.1368,0.2892,225.36,55.04,0
46.92,0.1441,0.1277,0.2201,241.76,54.91,0
55.9,0.1517,0.1624,0.3016,290.43,59.99,0
73.31,0.2167,0.1413,0.3251,382.66,63.38,0
76.0,0.1743,0.5327,0.3699,389.48,98.68,1
69.95,0.1912,0.1426,0.2897,343.92,58.4,0
28.45,0.1605,0.1114,0.2166,178.23,52.02,0
25.24,0.1319,0.113,0.2506,127.77,53.74,0
58.54,0.1925,0.1455,0.2434,306.44,60.06,0
38.75,0.0959,0.1429,0.2784,219.94,56.97,0
68.13,0.1973,0.5781,0.2654,351.09,111.91,1
48.8,0.1664,0.1467,0.2597,262.99,53.93,0
33.86,0.1565,0.1293,0.2548,195.21,54.67,0
51.22,0.1866,0.1197,0.2758,303.28,59.23,0
48.89,0.1739,0.1538,0.2529,241.84,58.22,0
76.52,0.2017,0.1705,0.3076,417.11,60.26,0
47.49,0.1929,0.1485,0.2275,265.85,56.8,0
53.82,0.1645,0.1379,0.2414,262.85,60.84,0
22.49,0.1729,0.1367,0.2076,150.95,50.83,0
62.22,0.1923,0.1692,0.2923,327.69,61.04,0
55.41,0.1625,0.1055,0.2848,283.12,58.82,0
36.33,0.1326,0.1509,0.2647,195.84,54.65,0
77.16,0.2063,0.1507,0.2631,401.28,64.71,0
57.01,0.1752,0.1088,0.3018,304.59,58.08,0
41.1,0.171,0.1594,0.2558,192.93,53.97,0
41.72,0.2123,0.106,0.2541,218.37,55.17,0
53.96,0.1701,0.1365,0.2622,292.55,58.76,0
23.81,0.1154,0.1201,0.2274,130.25,51.36,0
77.3,0.1923,0.1376,0.2532,393.61,65.37,0
50.09,0.1783,0.1608,0.1863,258.72,61.83,0
46.31,0.1856,0.139,0.2561,255.4,55.25,0
36.71,0.172,0.1531,0.2602,185.0,56.1,0
39.32,0.1531,0.1124,0.2118,230.38,52.45,0
39.06,0.1624,0.1318,0.2446,207.01,53.63,0
75.54,0.1807,0.142,0.346,370.26,63.16,0
38.92,0.1581,0.1156,0.2837,233.77,54.13,0
61.52,0.1545,0.1259,0.266,327.78,59.2,0
50.16,0.1402,0.1608,0.2488,229.53,58.96,0
28.62,0.1454,0.1192,0.2878,152.14,49.63,0
48.27,0.1737,0.1202,0.2593,264.4,56.93,0
24.3,0.1124,0.1163,0.2188,130.63,48.99,0
52.52,0.1734,0.1707,0.3245,273.91,56.79,0
60.92,0.169,0.1466,0.2726,304.09,60.02,0
40.56,0.1328,0.153,0.2311,242.03,55.64,0
40.0,0.1474,0.1258,0.1885,197.17,57.77,0
23.88,0.1518,0.137,0.2193,138.09,51.99,0
37.07,0.1654,0.123,0.2291,224.71,54.92,0
39.02,0.1437,0.1209,0.2428,208.42,54.84,0
35.82,0.1636,0.1129,0.1847,210.91,55.87,0
56.12,0.1845,0.1613,0.2748,295.27,59.31,0
31.36,0.1396,0.1473,0.2522,149.69,52.59,0
70.28,0.2093,0.1365,0.3216,376.92,62.6,0
32.44,0.1118,0.1412,0.2386,166.68,52.78,0
48.37,0.14,0.1098,0.2659,267.13,57.59,0
74.12,0.2201,0.1551,0.3726,359.61,62.38,0
67.49,0.2192,0.161,0.3062,348.93,65.51,0
49.9,0.1873,0.1202,0.2698,280.06,56.29,0
48.68,0.1338,0.1519,0.26,252.3,56.71,0
24.71,0.1336,0.1203,0.2367,133.79,50.77,0
75.05,0.2195,0.156,0.2561,408.69,63.77,0
25.25,0.094,0.0985,0.2831,136.44,49.38,0
59.39,0.1914,0.1182,0.2905,309.61,64.74,0
61.66,0.1844,0.1574,0.264,323.84,60.04,0
72.87,0.1964,0.1533,0.2984,370.08,61.96,0
24.28,0.1514,0.0957,0.2127,145.2,52.57,0
77.2,0.1973,0.1529,0.3348,383.47,66.24,0
33.66,0.1717,0.1393,0.2468,190.9,55.03,0
24.97,0.1505,0.1143,0.201,138.57,50.6,0
23.85,0.154,0.1186,0.2466,135.77,50.86,0
33.06,0.1237,0.1112,0.1691,172.55,52.62,0
29.99,0.152,0.1392,0.2292,156.56,50.85,0
47.53,0.1491,0.1131,0.2329,251.66,56.68,0
48.91,0.1758,0.141,0.2767,269.24,59.11,0
29.82,0.14,0.1139,0.1801,177.59,54.76,0
24.96,0.1683,0.127,0.2073,145.82,49.28,0
58.42,0.1431,0.1407,0.3375,303.5,60.59,0
43.28,0.1449,0.1328,0.2567,232.99,55.14,0
25.24,0.131,0.1195,0.2165,140.86,51.15,0
75.67,0.213,0.1132,0.287,385.71,62.59,0
61.31,0.1828,0.147,0.2906,310.16,60.83,0
31.08,0.1526,0.1237,0.1999,153.88,50.76,0
28.62,0.1615,0.1367,0.2302,158.65,54.29,0
25.71,0.1392,0.0861,0.195,150.67,50.55,0
57.31,0.1768,0.1419,0.2667,300.34,61.08,0
53.09,0.195,0.1269,0.2989,279.77,58.67,0
70.12,0.2077,0.1963,0.3182,364.39,60.44,0
45.97,0.1844,0.1225,0.2541,242.67,58.76,0
43.04,0.1655,0.1124,0.2537,250.5,56.53,0
34.63,0.1515,0.1341,0.229,205.6,56.5,0
48.36,0.1771,0.1313,0.231,262.14,55.72,0
60.52,0.1657,0.1174,0.2152,302.95,60.04,0
57.33,0.1795,0.1335,0.2894,299.9,59.6,0
56.64,0.1594,0.1533,0.3184,294.24,58.74,0
51.29,0.2,0.1393,0.2388,278.56,59.12,0
35.55,0.1405,0.1346,0.2264,191.08,53.74,0
44.26,0.1507,0.1398,0.2673,255.61,54.74,0
73.26,0.1967,0.1633,0.2957,370.68,61.86,0
57.19,0.1451,0.1389,0.2575,297.61,59.9,0
57.61,0.1811,0.1688,0.274,287.65,58.18,0
47.26,0.1342,0.1206,0.2604,254.86,56.2,0
59.83,0.1951,0.1483,0.2756,300.11,57.97,0
46.42,0.1635,0.1412,0.1977,276.14,54.91,0
65.21,0.1607,0.1774,0.323,335.77,60.95,0
25.33,0.1061,0.0844,0.1536,153.67,51.0,0
73.42,0.199,0.1789,0.2587,399.76,61.29,0
53.99,0.1481,0.1048,0.277,286.62,57.02,0
22.24,0.1161,0.1083,0.2032,158.67,52.04,0
22.59,0.1503,0.1084,0.1591,128.59,51.32,0
60.64,0.1694,0.1935,0.3055,310.12,61.25,0
26.67,0.1187,0.1489,0.2147,161.57,51.05,0
39.28,0.1619,0.1306,0.2499,210.92,57.17,0
22.58,0.1514,0.5336,0.227,125.19,92.01,1
61.6,0.2037,0.1078,0.2998,320.84,57.98,0
65.03,0.4004,0.1481,0.7211,344.35,64.04,1
25.92,0.1278,0.1069,0.1956,138.44,52.83,0
51.07,0.1879,0.1239,0.2826,272.91,60.51,0
47.26,0.1564,0.153,0.2806,253.58,55.68,0
62.18,0.1777,0.1071,0.2091,337.59,60.84,0
39.56,0.1281,0.1437,0.2389,227.81,54.61,0
71.14,0.1657,0.1675,0.2535,337.55,63.52,0
59.9,0.1886,0.1775,0.3418,336.83,57.66,0
51.19,0.2021,0.1528,0.2513,249.76,57.37,0
38.91,0.1831,0.0947,0.2542,209.32,53.95,0
71.25,0.1812,0.1672,0.3446,348.57,60.95,0
39.36,0.1508,0.1209,0.2855,207.48,55.0,0
53.86,0.2272,0.1388,0.2413,274.55,57.95,0
60.49,0.1609,0.151,0.2708,333.74,60.53,0
45.35,0.1697,0.1553,0.245,234.59,58.55,0
62.17,0.2052,0.1797,0.237,315.63,61.6,0
27.89,0.1377,0.1541,0.2388,144.51,51.68,0
77.58,0.2,0.1752,0.3018,400.53,62.81,0
44.4,0.1549,0.1379,0.249,239.89,57.38,0
59.56,0.2136,0.1391,0.2015,301.94,62.44,0
60.58,0.1737,0.1866,0.298,300.25,61.7,0
48.8,0.1758,0.1457,0.2507,245.72,59.19,0
38.39,0.1745,0.1251,0.2257,182.12,55.58,0
33.66,0.1511,0.1592,0.2578,195.41,53.58,0
41.78,0.1328,0.1779,0.2895,214.02,54.72,0
31.28,0.1211,0.0945,0.177,169.23,52.84,0
30.47,0.1586,0.171,0.2338,171.01,51.68,0
65.42,0.1987,0.1758,0.3022,342.73,59.5,0
69.63,0.1955,0.128,0.287,362.84,65.27,0
40.39,0.1765,0.1507,0.2567,231.21,54.99,0
43.39,0.1469,0.1227,0.237,236.4,56.41,0
51.93,0.163,0.1413,0.2329,304.01,57.07,0
49.26,0.1536,0.1172,0.314,256.84,59.12,0
55.69,0.1411,0.1843,0.2621,298.13,58.33,0
48.36,0.1641,0.1054,0.2376,255.86,56.82,0
39.31,0.1877,0.0963,0.2113,224.31,55.2,0
52.84,0.1765,0.1433,0.2376,264.22,58.45,0
42.61,0.1216,0.14,0.3175,219.72,52.89,0
67.59,0.2235,0.1718,0.2798,333.68,60.65,0
33.04,0.1853,0.0923,0.2113,177.65,54.81,0
50.06,0.1956,0.1138,0.2877,264.89,56.5,0
66.61,0.174,0.1688,0.2519,324.43,60.29,0
23.2,0.1442,0.0868,0.2399,141.75,49.84,0
73.14,0.2209,0.1411,0.3607,348.36,62.17,0
34.32,0.1307,0.132,0.2264,214.68,53.01,0
76.49,0.1911,0.1595,0.3307,585.06,63.44,1
23.3,0.1494,0.1516,0.2866,131.25,48.73,0
45.53,0.1631,0.1142,0.2854,260.62,55.55,0
50.93,0.1772,0.172,0.2378,270.9,56.25,0
36.69,0.5269,0.1449,0.882,180.32,53.89,1
68.74,0.2201,0.1692,0.2805,337.86,59.86,0
27.85,0.1428,0.1141,0.2135,153.79,54.26,0
29.7,0.1563,0.1454,0.1922,185.04,53.62,0
24.11,0.1326,0.1366,0.2058,164.17,51.09,0
31.93,0.1224,0.1422,0.224,157.15,53.57,0
57.23,0.1754,0.1546,0.255,286.37,60.32,0
32.66,0.1743,0.1424,0.2594,221.68,53.51,0
28.9,0.1558,0.105,0.2386,178.79,54.12,0
23.1,0.1579,0.1195,0.238,129.25,50.64,0
36.42,0.1501,0.104,0.2436,193.94,53.98,0
38.15,0.1507,0.1287,0.239,225.08,53.7,0
68.99,0.2004,0.1528,0.3163,361.26,61.27,0
26.44,0.1445,0.1057,0.2042,161.5,53.12,0
67.53,0.1827,0.1766,0.2636,361.51,61.66,0
44.29,0.1602,0.14,0.2865,243.84,56.68,0
41.55,0.1972,0.1346,0.2291,226.29,54.19,0
51.85,0.1993,0.1668,0.2664,244.43,58.63,0
72.03,0.2006,0.1967,0.2678,352.26,62.28,0
73.29,0.1804,0.1343,0.2706,372.81,63.09,0
71.03,0.2141,0.1199,0.2783,368.98,61.5,0
61.52,0.1674,0.1632,0.2602,327.38,62.71,0
53.12,0.198,0.1212,0.2582,273.42,57.89,0
61.85,0.1605,0.1083,0.2936,325.45,60.35,0
27.39,0.1384,0.1541,0.2209,177.92,51.9,0
24.45,0.1334,0.1477,0.2138,151.17,48.81,0
43.69,0.1794,0.1361,0.2425,549.46,55.52,1
40.35,0.1947,0.1143,0.2173,221.39,54.82,0
59.36,0.185,0.1386,0.2473,290.71,57.52,0
58.03,0.1985,0.1453,0.2372,284.87,59.12,0
21.53,0.1614,0.12,0.2297,108.39,48.83,0
66.27,0.1904,0.1995,0.2764,325.71,62.33,0
44.86,0.1665,0.1283,0.2709,247.63,57.7,0
51.68,0.2009,0.1669,0.288,272.73,58.81,0
68.48,0.2025,0.1577,0.2753,356.52,63.13,0
75.08,0.189,0.1385,0.3213,391.6,64.28,0
58.32,0.1804,0.1691,0.2491,306.57,57.97,0
36.87,0.1457,0.1129,0.2671,199.31,53.48,0
60.91,0.1951,0.1373,0.2685,287.63,58.72,0
67.45,0.1772,0.1448,0.2485,361.65,61.32,0
37.94,0.152,0.1494,0.2106,218.11,52.73,0
21.11,0.1534,0.085,0.1776,117.76,49.57,0
46.3,0.158,0.1485,0.2339,249.16,55.66,0
41.11,0.1755,0.0744,0.2336,226.57,53.06,0
64.1,0.1758,0.1874,0.3543,328.27,61.85,0
53.65,0.1726,0.1744,0.2855,271.24,57.8,0
28.81,0.1745,0.1015,0.1568,150.87,54.23,0
31.77,0.1795,0.1304,0.2319,204.24,53.7,0
55.37,0.2146,0.1651,0.2589,289.52,58.3,0
62.6,0.1963,0.1344,0.3207,349.06,61.41,0
55.48,0.1723,0.0974,0.2452,281.6,60.32,0
42.99,0.1973,0.1582,0.232,213.8,53.71,0
60.09,0.1509,0.155,0.2491,296.22,59.56,0
74.41,0.2041,0.1566,0.2988,371.26,61.2,0
61.76,0.1696,0.1627,0.3044,314.85,59.2,0
70.41,0.1891,0.1803,0.2917,381.53,63.12,0
75.66,0.1845,0.1588,0.3028,395.15,66.16,0
60.88,0.488,0.155,1.0134,289.56,61.03,1
65.8,0.1621,0.1331,0.3043,334.31,60.35,0
27.02,0.165,0.1127,0.2376,162.15,51.86,0
69.71,0.1921,0.1782,0.2614,362.99,60.66,0
42.74,0.1687,0.1625,0.2388,199.41,55.21,0
49.6,0.1704,0.1175,0.2953,275.2,59.95,0
38.48,0.1474,0.1841,0.1767,219.92,51.93,0
31.24,0.1481,0.1191,0.2153,179.44,50.96,0
72.43,0.1998,0.1493,0.3281,370.04,64.14,0
76.04,0.1761,0.1896,0.326,399.14,65.84,0
58.93,0.148,0.1539,0.3052,303.28,59.24,0
25.93,0.6557,0.1023,1.0491,118.68,52.66,1
43.51,0.1354,0.118,0.2376,227.77,56.56,0
35.26,0.1073,0.1448,0.2611,197.45,55.36,0
68.92,0.2257,0.1417,0.3135,355.75,59.14,0
53.26,0.185,0.1228,0.2716,287.3,59.8,0
34.4,0.1934,0.132,0.2348,187.9,55.75,0
55.5,0.1516,0.127,0.2868,287.95,60.16,0
58.0,0.189,0.1198,0.2929,272.36,59.36,0
55.47,0.1791,0.1225,0.2673,285.58,60.76,0
54.65,0.1815,0.1587,0.2488,262.93,59.02,0
32.28,0.152,0.131,0.2223,190.63,56.28,0
28.92,0.1581,0.1129,0.2289,157.27,52.94,0
38.26,0.1784,0.6638,0.2301,224.35,105.5,1
22.42,0.1703,0.0805,0.1752,136.58,51.07,0
30.59,0.1676,0.112,0.2061,145.5,54.19,0
76.08,0.1645,0.1705,0.2615,405.15,63.64,0
22.34,0.1368,0.0998,0.2324,147.44,50.47,0
58.1,0.1341,0.1419,0.2638,267.37,57.31,0
43.76,0.1689,0.1563,0.2167,232.63,56.63,0
30.37,0.1775,0.1261,0.2302,178.64,51.13,0
54.88,0.1514,0.1426,0.2274,309.91,57.2,0
46.54,0.1726,0.1558,0.2658,261.48,60.03,0
70.71,0.1893,0.1905,0.295,385.51,63.52,0
49.88,0.1706,0.1262,0.2924,271.15,58.67,0
28.74,0.1859,0.1276,0.2489,143.62,53.21,0
63.37,0.1804,0.1632,0.3186,319.27,58.76,0
77.33,0.2136,0.1429,0.3099,370.67,62.67,0
67.65,0.1833,0.1708,0.2914,334.85,60.91,0
33.69,0.1525,0.1276,0.2297,186.83,54.46,0
36.25,0.1543,0.1134,0.2514,196.85,55.21,0
22.14,0.1496,0.1133,0.2003,138.15,48.58,0
45.91,0.1523,0.1161,0.2172,231.35,57.34,0
41.18,0.1224,0.1735,0.2522,239.73,53.39,0
65.27,0.1841,0.1805,0.2834,329.51,59.95,0
22.76,0.1292,0.1233,0.1924,137.01,50.16,0
35.74,0.1503,0.4093,0.2363,203.73,96.14,1
26.68,0.1152,0.1023,0.2397,159.64,54.95,0
41.67,0.1696,0.1464,0.2535,234.95,55.63,0
42.7,0.1356,0.1549,0.2418,228.91,54.91,0
43.74,0.1816,0.144,0.2348,238.69,57.44,0
71.75,0.2021,0.1354,0.3375,383.39,63.75,0
48.11,0.1594,0.1089,0.2437,233.57,57.4,0
56.33,0.1968,0.1227,0.2618,299.01,59.24,0
32.4,0.1531,0.1164,0.2268,202.68,53.21,0
32.8,0.1577,0.0955,0.2539,207.12,52.86,0
65.95,0.2044,0.1709,0.243,304.11,61.21,0
24.1,0.1514,0.1259,0.2037,129.61,50.54,0
73.47,0.1697,0.1352,0.2775,384.18,61.73,0
75.71,0.1963,0.174,0.3374,388.17,65.49,0
21.93,0.1617,0.1178,0.1412,130.36,49.17,0
34.32,0.1284,0.1732,0.1725,220.43,54.05,0
20.76,0.1503,0.1043,0.1803,115.41,51.83,0
43.62,0.158,0.1274,0.245,216.38,56.89,0
66.34,0.512,0.1513,0.9142,334.47,63.24,1
32.41,0.1746,0.1306,0.2123,193.09,53.54,0
44.88,0.2138,0.1516,0.2148,225.26,55.1,0
27.75,0.1465,0.1135,0.2375,133.38,54.37,0
28.87,0.1609,0.7144,0.1972,155.47,106.45,1
34.66,0.1725,0.1208,0.2001,174.45,55.44,0
42.49,0.1595,0.1424,0.2305,227.94,55.71,0
26.38,0.187,0.169,0.1617,163.18,52.5,0
26.67,0.1408,0.1068,0.2229,156.28,49.93,0
28.28,0.148,0.1029,0.2159,183.63,53.15,0
59.68,0.1854,0.1215,0.2009,313.97,61.52,0
51.76,0.1675,0.1034,0.2443,267.35,56.93,0
70.11,0.1884,0.1309,0.2765,341.7,61.83,0
56.28,0.2307,0.158,0.2354,289.17,58.35,0
72.64,0.2098,0.1567,0.227,362.04,63.8,0
56.29,0.2123,0.1322,0.2699,299.38,57.18,0
67.78,0.2047,0.1692,0.2615,345.57,63.64,0
46.33,0.1497,0.0937,0.2646,371.03,54.39,1
59.0,0.1664,0.1731,0.2508,307.73,60.89,0
74.36,0.1743,0.1572,0.2901,401.67,63.88,0
21.55,0.1471,0.1121,0.1731,123.9,50.77,0
21.17,0.1446,0.1344,0.2425,140.22,49.1,0
39.83,0.1273,0.1194,0.2318,214.29,57.3,0
58.94,0.1725,0.147,0.22,298.64,63.35,0
31.75,0.1518,0.1262,0.2119,177.73,52.69,0
51.0,0.1628,0.1544,0.2253,292.39,57.0,0
51.3,0.4159,0.2012,0.767,283.4,58.91,1
43.5,0.1556,0.136,0.2749,281.26,56.63,0
46.63,0.1496,0.1777,0.2597,233.47,57.93,0
49.04,0.1707,0.1307,0.2746,283.07,55.94,0
74.44,0.2075,0.1418,0.271,360.2,65.21,0
63.53,0.1871,0.1968,0.2726,342.46,60.54,0
52.73,0.2127,0.1367,0.2627,257.55,58.8,0
63.92,0.1798,0.1607,0.2798,310.08,60.65,0
76.87,0.2045,0.1615,0.2661,358.89,62.71,0
40.23,0.1679,0.1284,0.1985,216.16,54.48,0
74.14,0.2178,0.1517,0.2564,377.45,62.75,0
74.02,0.1837,0.1336,0.3098,381.29,64.74,0
33.65,0.1672,0.1148,0.2362,187.67,52.98,0
76.32,0.2114,0.181,0.3093,386.6,63.81,0
64.28,0.1526,0.1466,0.2468,322.14,60.28,0
54.46,0.1754,0.1366,0.2711,287.7,55.45,0
40.58,0.1729,0.1631,0.2524,229.28,57.08,0
72.07,0.1936,0.1508,0.246,363.93,63.55,0
56.02,0.2205,0.1702,0.2484,303.35,59.46,0
59.82,0.1931,0.1376,0.2652,330.0,60.03,0
52.82,0.1809,0.1308,0.2918,297.65,56.82,0
77.96,0.2116,0.1666,0.3219,412.2,64.23,0
48.21,0.1839,0.1491,0.3138,245.71,56.55,0
38.18,0.1624,0.1203,0.231,216.23,53.6,0
28.1,0.1437,0.1506,0.1531,173.24,51.97,0
49.23,0.1655,0.1261,0.2729,243.84,55.89,0
36.03,0.1399,0.1325,0.184,200.14,53.5,0
28.26,0.1462,0.1342,0.2342,174.85,52.84,0
65.73,0.1759,0.1656,0.2712,345.57,61.56,0
73.04,0.1832,0.1512,0.2814,402.18,64.09,0
71.27,0.2274,0.1391,0.2829,361.39,63.29,0
52.11,0.1574,0.1593,0.2431,263.14,57.13,0
30.16,0.1428,0.1111,0.167,160.76,51.64,0
35.58,0.1327,0.1435,0.2671,213.85,51.64,0
49.44,0.2097,0.1171,0.2685,271.0,57.46,0
23.21,0.1387,0.1098,0.2007,135.43,50.79,0
40.81,0.1362,0.1134,0.2644,249.49,56.99,0
60.1,0.1824,0.1333,0.2708,325.54,60.28,0
76.62,0.1612,0.1354,0.3392,400.52,63.13,0
20.02,0.1612,0.126,0.2582,104.83,49.79,0
39.41,0.1302,0.1114,0.2265,213.18,55.84,0
68.05,0.2022,0.1673,0.2969,342.12,63.95,0
76.07,0.1924,0.1546,0.323,374.26,64.21,0
22.37,0.1472,0.1137,0.2613,181.41,50.14,0
34.27,0.1383,0.1333,0.1812,198.83,53.04,0
26.8,0.1702,0.1318,0.214,163.13,52.26,0
71.0,0.1838,0.1706,0.271,367.88,62.75,0
59.8,0.1387,0.1684,0.2465,294.4,62.26,0
67.13,0.123,0.1193,0.2992,355.09,61.68,0
35.17,0.1619,0.5817,0.209,213.86,101.78,1
72.21,0.2218,0.1285,0.3363,356.35,66.76,0
61.29,0.1778,0.1299,0.3138,314.43,58.52,0
54.09,0.1701,0.1622,0.2592,273.4,58.83,0
34.38,0.1392,0.1112,0.1816,186.87,53.32,0
42.77,0.1665,0.1312,0.2069,242.23,53.74,0
46.37,0.1739,0.149,0.2864,263.34,55.1,0
47.47,0.1713,0.1202,0.2449,253.94,56.64,0
39.99,0.133,0.1063,0.2959,207.45,56.6,0
70.28,0.1562,0.1619,0.3181,380.31,61.71,0
28.3,0.1156,0.1063,0.3054,159.66,54.0,0
22.58,0.13,0.0936,0.2578,151.03,51.2,0
76.0,0.1778,0.1703,0.3261,391.06,64.62,0
68.02,0.1922,0.1896,0.2736,346.04,61.8,0
70.74,0.1662,0.1292,0.3079,359.93,63.82,0
51.29,0.1763,0.1343,0.2531,266.36,55.42,0
67.6,0.2125,0.1222,0.3244,341.65,62.25,0
77.66,0.2237,0.1643,0.2631,373.02,63.17,0
63.8,0.2055,0.1301,0.2594,336.65,62.63,0
71.33,0.184,0.1365,0.3189,353.41,65.31,0
50.71,0.1783,0.1259,0.232,295.71,57.65,0
30.72,0.1516,0.1048,0.2497,170.22,54.16,0
28.51,0.1619,0.1119,0.2377,166.64,54.71,0
36.36,0.1481,0.1309,0.2411,202.44,56.86,0
71.72,0.1868,0.1422,0.3268,354.17,64.49,0
75.34,0.1947,0.1612,0.2763,374.27,65.34,0
71.58,0.2068,0.1738,0.2718,400.52,65.48,0
55.12,0.212,0.1366,0.2791,316.39,59.66,0
38.9,0.1585,0.101,0.2209,200.37,54.86,0
67.57,0.1906,0.1747,0.2653,334.63,61.9,0
74.35,0.1947,0.1699,0.32,382.19,64.47,0
42.06,0.2115,0.1474,0.2868,209.7,56.6,0
73.96,0.178,0.5694,0.2821,364.62,91.66,1
46.19,0.146,0.1365,0.2696,272.06,54.36,0
63.12,0.1936,0.1383,0.282,320.51,60.33,0
73.45,0.2097,0.1849,0.2983,579.44,64.16,1
43.31,0.1487,0.1327,0.2415,259.57,56.18,0
70.39,0.1971,0.146,0.2882,367.82,63.18,0
44.01,0.1643,0.147,0.2597,229.58,58.25,0
51.64,0.1677,0.1449,0.2486,287.46,55.1,0
67.96,0.177,0.1622,0.3161,323.15,59.96,0
71.31,0.1939,0.1573,0.2748,348.18,65.86,0
71.74,0.1498,0.1464,0.3065,366.41,66.52,0
75.76,0.1845,0.1464,0.3245,365.5,62.56,0
66.05,0.2318,0.1773,0.2845,334.13,60.28,0
77.5,0.2008,0.1703,0.2883,385.88,65.16,0
65.94,0.1675,0.1862,0.27,321.4,62.43,0
57.85,0.2038,0.1487,0.2554,313.09,59.29,0
63.23,0.2063,0.1478,0.2761,320.56,59.32,0
61.32,0.1959,0.1417,0.2615,320.9,59.11,0
20.02,0.15,0.1165,0.1997,111.59,50.81,0
23.0,0.1314,0.114,0.1971,149.26,49.14,0
32.28,0.1613,0.1598,0.1996,190.01,53.04,0
47.83,0.1683,0.1349,0.3011,244.68,59.91,0
65.22,0.1947,0.114,0.2272,341.49,62.92,0
60.0,0.1768,0.092,0.2846,320.28,60.38,0
34.37,0.1377,0.1364,0.2006,182.5,54.9,0
67.96,0.2117,0.1643,0.2891,332.18,62.97,0
68.47,0.1953,0.144,0.2949,349.08,62.74,0
73.39,0.1788,0.1389,0.2674,366.9,64.11,0
45.52,0.1666,0.13,0.2272,232.69,56.69,0
51.63,0.1693,0.1486,0.2536,264.17,59.88,0
68.66,0.1801,0.1306,0.2676,339.46,62.72,0
77.51,0.1715,0.1479,0.2964,400.48,66.59,0
44.92,0.1965,0.1292,0.2466,206.34,56.56,0
76.61,0.1673,0.1465,0.2785,394.03,62.73,0
72.91,0.1695,0.1631,0.3152,370.45,63.06,0
22.59,0.1509,0.1149,0.2312,144.46,49.47,0
31.47,0.1555,0.0716,0.2042,180.23,54.05,0
32.38,0.1541,0.1902,0.1916,188.75,52.49,0
21.67,0.1537,0.1246,0.2459,140.24,49.85,0
49.0,0.1673,0.1503,0.1978,245.63,60.0,0
24.3,0.1533,0.1244,0.1913,142.08,52.36,0
34.27,0.215,0.1246,0.2592,201.98,52.38,0
36.3,0.1461,0.1321,0.2412,214.2,52.78,0
54.59,0.1708,0.1684,0.2935,278.8,56.19,0
75.56,0.1862,0.161,0.3317,368.09,62.79,0
23.75,0.1327,0.0876,0.1942,112.55,51.35,0
52.63,0.1498,0.1439,0.2806,270.29,61.0,0
73.81,0.2248,0.1631,0.2961,351.88,62.14,0
77.25,0.2039,0.1699,0.277,361.55,63.62,0
35.23,0.1346,0.1372,0.2183,170.61,53.51,0
34.95,0.1752,0.1578,0.2079,203.55,51.88,0
33.37,0.124,0.1511,0.2435,188.0,52.99,0
30.56,0.1685,0.1235,0.1892,187.55,51.71,0
50.23,0.1728,0.1189,0.2276,270.59,58.19,0
35.35,0.1572,0.128,0.2556,190.61,55.47,0
48.28,0.187,0.1114,0.2736,236.56,55.9,0
27.66,0.1503,0.0635,0.2035,163.9,50.25,0
68.89,0.1696,0.1668,0.3018,363.27,61.57,0
34.67,0.1312,0.1048,0.231,200.51,54.71,0
65.47,0.1974,0.1516,0.2464,347.19,61.5,0
25.89,0.1295,0.0875,0.1933,147.53,49.68,0
47.75,0.1525,0.1522,0.2493,241.08,57.3,0
69.77,0.191,0.1301,0.3467,362.35,63.25,0
24.07,0.1295,0.157,0.2284,126.65,50.06,0
45.47,0.1657,0.1424,0.2795,249.44,56.59,0
57.27,0.17,0.1434,0.2165,298.12,58.62,0
64.88,0.1605,0.1719,0.2679,301.13,62.25,0
56.53,0.1678,0.128,0.2437,283.73,59.97,0
40.33,0.1525,0.1506,0.2529,246.03,55.88,0
38.2,0.1749,0.1256,0.2353,217.29,52.85,0
65.52,0.2326,0.1608,0.2343,327.3,63.07,0
28.88,0.1317,0.1403,0.2578,165.07,53.08,0
25.36,0.1331,0.0843,0.2049,175.64,49.9,0
35.68,0.1269,0.1125,0.2403,206.07,55.42,0
60.84,0.1412,0.1507,0.3323,326.42,61.57,0
59.85,0.1854,0.1256,0.2768,313.02,60.77,0
52.4,0.1679,0.1573,0.2249,265.19,59.44,0
33.85,0.1585,0.1136,0.2259,220.92,56.45,0
35.61,0.4414,0.1198,0.9845,188.43,55.92,1
53.87,0.1591,0.1436,0.2666,289.82,60.52,0
23.74,0.1403,0.1403,0.2091,125.6,49.17,0
74.32,0.2192,0.1963,0.3382,385.45,63.51,0
74.16,0.1861,0.144,0.2502,357.22,62.94,0
23.94,0.1619,0.1321,0.2954,134.95,51.75,0
73.47,0.1913,0.1652,0.3112,374.98,60.41,0
43.91,0.1846,0.1382,0.2729,240.37,56.18,0
48.6,0.1919,0.1338,0.2701,245.05,55.36,0
49.27,0.188,0.1193,0.24,243.56,59.0,0
60.81,0.185,0.1605,0.2842,327.32,61.55,0
76.77,0.2437,0.1299,0.2846,396.22,66.08,0
51.51,0.1632,0.1122,0.2887,292.02,59.35,0
51.29,0.1457,0.0775,0.2544,286.35,58.09,0
74.58,0.2205,0.1559,0.3086,355.37,64.01,0
57.77,0.15,0.1189,0.2683,294.16,57.63,0
29.46,0.1359,0.1262,0.2014,143.98,49.56,0
75.06,0.2177,0.1473,0.3207,361.17,64.37,0
25.46,0.12,0.1188,0.229,113.82,50.21,0
75.99,0.1966,0.168,0.2972,400.11,61.28,0
70.05,0.1962,0.1694,0.296,371.9,62.64,0
31.1,0.1336,0.1019,0.2405,183.19,50.47,0
27.43,0.1215,0.1224,0.2736,174.18,52.2,0
52.86,0.1725,0.1432,0.335,254.28,56.37,0
74.41,0.197,0.1616,0.2941,410.54,61.43,0
47.46,0.1637,0.1351,0.2356,256.01,56.58,0
59.02,0.1845,0.1571,0.2718,286.85,60.81,0
30.12,0.1406,0.1469,0.2185,149.68,50.79,0
22.81,0.1484,0.146,0.2502,147.86,52.16,0
43.17,0.1568,0.1579,0.2457,217.44,55.77,0
28.87,0.1506,0.1058,0.2033,142.8,51.19,0
22.3,0.0761,0.1951,0.2404,122.22,51.4,0
20.55,0.0991,0.0795,0.2124,115.98,47.49,0
44.41,0.1538,0.143,0.2302,241.27,57.24,0
41.68,0.219,0.1376,0.2615,230.92,57.29,0
60.08,0.1735,0.1706,0.2156,312.15,60.65,0
57.19,0.1531,0.1139,0.2627,313.48,58.79,0
55.87,0.179,0.1859,0.3021,278.83,57.47,0
56.07,0.1996,0.1378,0.2686,281.62,58.98,0
32.18,0.1467,0.119,0.2688,175.0,52.33,0
68.59,0.191,0.1723,0.2777,350.88,61.54,0
21.02,0.174,0.095,0.237,146.14,52.7,0
38.78,0.1444,0.1226,0.214,216.34,55.68,0
28.44,0.1725,0.126,0.2191,139.46,51.24,0
63.01,0.1376,0.1684,0.2481,294.56,58.82,0
48.89,0.158,0.1243,0.1893,284.67,57.65,0
30.62,0.1424,0.1625,0.2063,167.82,48.96,0
31.84,0.1827,0.1453,0.2131,194.23,51.89,0
44.89,0.1719,0.1321,0.2313,230.59,57.77,0
33.1,0.1566,0.1356,0.2689,148.79,55.3,0
35.21,0.1424,0.1282,0.3017,191.02,56.02,0
71.43,0.1856,0.1444,0.2913,370.54,65.25,0
41.38,0.1606,0.162,0.2551,230.87,53.79,0
28.79,0.1272,0.1504,0.21,139.67,56.22,0
40.22,0.1562,0.1399,0.2439,198.48,52.57,0
72.47,0.1881,0.1554,0.2989,378.11,63.61,0
39.57,0.1914,0.1362,0.2394,224.67,55.71,0
47.91,0.5328,0.118,1.0482,237.11,57.43,1
26.21,0.1763,0.1273,0.243,153.77,50.42,0
24.11,0.1096,0.1367,0.1726,318.53,52.48,1
43.54,0.1858,0.1489,0.2471,235.6,55.48,0
21.81,0.1407,0.0856,0.244,401.28,51.06,1
74.55,0.2239,0.1776,0.2831,392.76,64.45,0
22.2,0.138,0.0917,0.1991,134.62,49.79,0
48.18,0.1412,0.1808,0.2517,243.88,57.74,0
40.22,0.1359,0.1353,0.2594,190.4,53.91,0
24.05,0.1084,0.1092,0.202,163.55,52.34,0
47.07,0.1618,0.1309,0.2413,248.48,55.3,0
33.64,0.1413,0.138,0.2412,198.63,51.71,0
58.14,0.1717,0.1529,0.2482,301.16,60.54,0
20.7,0.1398,0.0723,0.2043,124.54,50.9,0
64.8,0.2005,0.1871,0.2379,300.81,62.41,0
28.14,0.1197,0.1324,0.2566,129.74,51.52,0
56.36,0.1671,0.1294,0.3017,296.91,59.61,0
76.11,0.2115,0.1167,0.3277,368.41,63.75,0
56.31,0.1639,0.1803,0.2947,294.37,62.36,0
51.07,0.1792,0.1434,0.2534,260.09,56.88,0
47.04,0.1983,0.1427,0.2531,285.6,58.24,0
51.15,0.2078,0.126,0.252,266.15,55.01,0
45.62,0.1541,0.1128,0.2787,508.73,59.72,1
53.4,0.1837,0.1618,0.3082,262.26,55.03,0
58.25,0.1633,0.6693,0.2316,319.86,102.8,1
26.04,0.14,0.1156,0.2373,154.03,50.35,0
77.12,0.1761,0.1825,0.3672,395.44,64.59,0
61.75,0.2028,0.1467,0.273,337.93,59.15,0
61.41,0.1812,0.1234,0.3077,323.51,58.0,0
47.11,0.1693,0.1104,0.272,251.77,55.72,0
35.05,0.1387,0.1097,0.2316,210.96,56.2,0
23.27,0.1231,0.1122,0.2468,157.61,48.12,0
51.42,0.1942,0.1462,0.292,261.93,54.44,0
28.73,0.1677,0.1175,0.2225,158.52,50.89,0
23.7,0.1353,0.1499,0.2209,125.3,48.49,0
74.37,0.2263,0.1595,0.2934,387.51,64.08,0
74.11,0.1976,0.1763,0.334,406.27,64.8,0
52.97,0.1481,0.1403,0.2984,268.16,58.88,0
43.22,0.1389,0.1419,0.2322,244.43,54.32,0
41.43,0.1595,0.1408,0.2398,234.85,53.32,0
38.62,0.1213,0.1322,0.3002,200.93,55.92,0
49.73,0.166,0.16,0.2793,240.41,56.71,0
34.99,0.1725,0.0941,0.24,215.15,55.47,0
38.22,0.1339,0.131,0.2654,216.51,53.75,0
64.39,0.1468,0.1416,0.2866,339.07,60.64,0
67.34,0.178,0.1461,0.25,340.34,63.14,0
67.31,0.2187,0.1456,0.3072,329.79,63.91,0
24.56,0.1519,0.1039,0.1524,122.47,53.49,0
74.12,0.1879,0.1376,0.33,373.66,63.29,0
23.55,0.1494,0.0875,0.2038,126.67,49.59,0
45.71,0.1909,0.1231,0.256,228.25,54.5,0
20.37,0.1597,0.1374,0.1776,137.06,51.79,0
21.57,0.1294,0.1231,0.2161,142.31,50.75,0
43.84,0.1325,0.6622,0.2874,259.3,86.2,1
58.47,0.2111,0.1359,0.28,312.73,61.15,0
74.06,0.2366,0.1815,0.3315,384.22,62.08,0
22.4,0.1214,0.1296,0.2378,266.55,51.29,1
30.45,0.1433,0.1197,0.207,148.16,51.64,0
56.22,0.1835,0.1633,0.2268,315.11,56.14,0
74.55,0.2012,0.1687,0.2574,372.94,62.59,0
68.93,0.1774,0.1566,0.2538,348.71,64.42,0
32.12,0.1574,0.1377,0.2627,176.38,53.52,0
39.62,0.1334,0.1371,0.2112,203.2,53.24,0
50.28,0.1738,0.1063,0.2581,275.63,57.36,0
37.51,0.1624,0.1327,0.2127,219.74,59.49,0
20.02,0.1592,0.1169,0.2026,124.12,48.71,0
33.34,0.133,0.1307,0.2799,165.96,55.41,0
65.42,0.1689,0.1712,0.3049,320.58,59.43,0
57.4,0.2045,0.1683,0.2989,271.99,60.27,0
74.71,0.2084,0.1641,0.2848,391.82,65.74,0
21.74,0.1958,0.1229,0.2258,133.56,53.14,0
77.26,0.2506,0.1893,0.3073,374.9,61.54,0
25.77,0.1075,0.1274,0.1913,140.4,50.97,0
22.29,0.1601,0.1451,0.2053,119.89,51.09,0
34.48,0.1473,0.1373,0.2213,171.86,55.38,0
20.98,0.1476,0.0911,0.2006,125.79,50.1,0
30.22,0.1705,0.1294,0.1965,169.54,50.36,0
36.12,0.1159,0.1192,0.2457,221.07,55.6,0
58.23,0.1801,0.1609,0.2634,296.88,59.32,0
47.47,0.1963,0.1376,0.2588,246.66,54.47,0
73.99,0.2054,0.1127,0.2829,391.03,64.15,0
33.41,0.1855,0.1347,0.227,185.6,53.66,0
52.58,0.1482,0.1482,0.2378,517.37,59.1,1
55.84,0.1792,0.1434,0.2423,253.15,57.16,0
63.99,0.1619,0.1809,0.2775,306.36,60.52,0
45.75,0.1473,0.1363,0.2728,237.92,57.32,0
71.96,0.1997,0.1487,0.3274,367.7,63.73,0
20.89,0.1388,0.1264,0.2336,119.13,52.09,0
30.7,0.1474,0.0982,0.2262,175.95,56.72,0
60.59,0.206,0.1369,0.3071,315.72,60.39,0
74.38,0.1955,0.1675,0.3076,374.9,62.36,0
69.4,0.6417,0.1324,0.7247,362.21,60.49,1
73.26,0.186,0.1664,0.2749,386.51,63.33,0
44.75,0.1397,0.1015,0.2561,239.57,54.42,0
77.44,0.2017,0.1881,0.2718,385.53,66.14,0
47.45,0.1815,0.1141,0.263,235.9,56.46,0
26.16,0.163,0.1052,0.1966,155.99,50.47,0
66.52,0.1892,0.143,0.2807,364.5,61.39,0
44.64,0.172,0.1543,0.2208,269.72,56.29,0
20.69,0.1041,0.0959,0.2011,124.31,51.25,0
26.6,0.1563,0.1262,0.2025,124.49,52.09,0
66.18,0.2099,0.1549,0.3342,323.73,58.2,0
65.18,0.2128,0.1641,0.3077,333.14,61.44,0
56.25,0.1745,0.1578,0.2831,293.49,62.05,0
22.34,0.119,0.1248,0.1758,139.99,50.73,0
33.73,0.1538,0.1484,0.2141,181.98,55.38,0
24.01,0.1069,0.1044,0.2179,133.62,52.13,0
41.37,0.1966,0.1416,0.2524,230.29,54.44,0
59.09,0.2054,0.1545,0.2691,307.71,59.88,0
32.17,0.1579,0.1609,0.2604,167.92,53.11,0
69.54,0.1716,0.1401,0.2884,351.49,62.37,0
36.24,0.1442,0.1447,0.2939,164.11,55.64,0
77.33,0.218,0.1481,0.3162,385.12,65.4,0
72.26,0.1919,0.1508,0.2849,388.7,61.4,0
34.02,0.2018,0.1218,0.2171,189.19,54.61,0
39.06,0.1647,0.1132,0.2118,199.24,53.54,0
42.92,0.1423,0.127,0.227,429.78,52.63,1
56.16,0.1813,0.115,0.2959,300.58,57.87,0
33.24,0.1624,0.1314,0.2078,193.61,53.71,0
77.62,0.1889,0.1487,0.3019,394.61,63.42,0
61.74,0.2049,0.1126,0.2894,316.62,62.59,0
33.63,0.1771,0.1279,0.2017,211.09,54.58,0
59.65,0.1849,0.1501,0.2558,317.05,59.58,0
66.54,0.1826,0.1446,0.275,345.37,60.81,0
56.14,0.1891,0.1077,0.2283,322.71,60.53,0
32.95,0.1486,0.1007,0.2427,222.96,50.55,0
63.46,0.191,0.1682,0.3081,311.98,60.08,0
51.25,0.1888,0.1446,0.292,258.34,57.92,0
25.12,0.1298,0.079,0.204,129.18,50.1,0
44.57,0.1871,0.1472,0.2613,252.96,55.08,0
21.42,0.1407,0.1171,0.2439,163.86,51.88,0
73.92,0.1857,0.1951,0.2723,391.5,62.6,0
57.37,0.2266,0.1375,0.2897,322.26,58.82,0
66.23,0.2,0.1422,0.3233,316.92,63.85,0
62.44,0.1349,0.176,0.2999,349.9,61.48,0
58.3,0.1839,0.1721,0.2791,300.29,58.74,0
74.02,0.1876,0.1819,0.3169,373.06,63.67,0
71.59,0.1829,0.1515,0.2728,323.08,63.46,0
58.13,0.6406,0.1709,0.9544,264.82,58.36,1
47.26,0.1414,0.1466,0.2245,263.74,56.96,0
69.92,0.189,0.1376,0.3679,351.73,60.5,0
23.39,0.1147,0.1297,0.1439,125.66,51.24,0
57.13,0.172,0.1343,0.2926,296.67,60.43,0
51.93,0.1415,0.1051,0.2977,289.09,57.61,0
35.09,0.1688,0.1263,0.166,178.64,54.98,0
21.92,0.1067,0.1233,0.2051,116.81,52.72,0
49.34,0.1855,0.1401,0.2525,275.3,60.45,0
72.35,0.1857,0.1421,0.3019,361.37,65.73,0
31.04,0.1397,0.1209,0.2967,166.01,53.32,0
54.98,0.1733,0.1024,0.2929,284.27,57.89,0
65.91,0.1782,0.1431,0.3197,334.41,60.7,0
38.14,0.1676,0.1485,0.2362,228.56,52.89,0
55.06,0.1804,0.1515,0.2809,286.55,59.75,0
76.87,0.2144,0.1686,0.3926,401.59,63.38,0
21.91,0.1528,0.125,0.2815,137.74,50.74,0
60.38,0.1828,0.1358,0.3235,323.11,61.99,0
63.85,0.1747,0.1505,0.269,301.11,58.9,0
61.95,0.2163,0.1249,0.2867,311.61,61.29,0
39.5,0.1931,0.103,0.2532,246.47,55.61,0
45.83,0.1576,0.1484,0.2936,246.31,56.24,0
37.76,0.1583,0.1435,0.2826,201.65,54.87,0
27.3,0.1101,0.1046,0.2495,147.38,51.06,0
73.28,0.2019,0.166,0.3119,365.44,63.48,0
67.39,0.189,0.1263,0.2996,357.94,59.98,0
53.77,0.1777,0.1275,0.2844,305.8,57.34,0
52.34,0.1531,0.1648,0.2521,290.79,57.5,0
69.54,0.1907,0.1711,0.3006,355.48,62.56,0
69.04,0.2267,0.098,0.3026,344.11,64.31,0
72.92,0.1985,0.1432,0.266,366.71,62.18,0
45.96,0.1534,0.1593,0.1975,261.68,56.6,0
20.8,0.1368,0.1293,0.213,114.73,52.98,0
27.65,0.1392,0.1206,0.2261,151.71,54.18,0
21.79,0.1474,0.1454,0.2601,113.38,49.62,0
49.02,0.1625,0.1099,0.2406,257.23,58.38,0
21.41,0.1711,0.1167,0.2441,136.9,47.11,0
25.66,0.1544,0.1493,0.1966,409.51,50.29,1
55.47,0.1689,0.5786,0.3006,295.65,89.5,1
36.65,0.1406,0.1142,0.2139,188.09,52.81,0
28.06,0.1226,0.1012,0.1758,161.97,54.03,0
33.69,0.1645,0.1362,0.2547,195.62,54.78,0
23.53,0.1431,0.1238,0.2211,128.15,49.97,0
66.72,0.2163,0.1675,0.2731,349.79,64.16,0
40.73,0.1335,0.1201,0.2407,229.64,55.05,0
55.93,0.2048,0.1423,0.2553,296.47,57.27,0
23.32,0.1602,0.1175,0.2207,130.73,51.47,0
69.53,0.1753,0.1307,0.285,359.78,60.31,0
70.95,0.2032,0.1403,0.2542,353.04,62.8,0
35.3,0.1684,0.1408,0.2452,194.21,57.28,0
34.76,0.1758,0.1064,0.2217,204.44,57.66,0
47.13,0.2176,0.147,0.2372,247.11,55.6,0
65.77,0.2046,0.1411,0.3094,338.6,62.65,0
67.47,0.1992,0.1407,0.2834,369.44,61.38,0
39.07,0.1669,0.1246,0.2456,228.66,55.02,0
29.14,0.1716,0.1336,0.2557,163.45,53.3,0
57.32,0.1739,0.1517,0.2952,293.24,60.71,0
75.16,0.2091,0.1466,0.2681,379.67,64.21,0
45.48,0.1696,0.1189,0.2684,230.02,54.04,0
71.78,0.1905,0.1362,0.2995,368.33,62.95,0
41.07,0.1544,0.146,0.2023,223.04,54.67,0
70.75,0.1788,0.158,0.2789,359.03,63.25,0
48.67,0.1744,0.1416,0.2478,260.03,58.86,0
55.28,0.1794,0.1321,0.2387,273.02,57.66,0
45.33,0.1631,0.1664,0.2423,225.03,58.88,0
55.13,0.1776,0.1495,0.2319,293.0,61.27,0
27.13,0.157,0.1144,0.2506,162.7,52.33,0
43.29,0.1454,0.142,0.2224,250.48,58.12,0
53.06,0.186,0.1462,0.2818,290.87,56.7,0
59.83,0.1804,0.1421,0.2794,302.2,60.17,0
75.81,0.2255,0.1511,0.3243,600.26,64.52,1
36.83,0.144,0.1374,0.2583,216.04,55.31,0
71.92,0.1996,0.1405,0.2968,348.28,63.12,0
76.03,0.2078,0.1667,0.3464,370.96,64.24,0
50.07,0.1674,0.156,0.2755,262.25,55.78,0
52.74,0.1856,0.1363,0.2196,286.42,60.65,0
63.49,0.1573,0.13,0.2491,327.47,62.64,0
60.37,0.1957,0.1583,0.2098,313.16,57.9,0
47.14,0.1666,0.1324,0.2699,252.42,55.77,0
62.71,0.2028,0.1236,0.2642,343.97,60.74,0
74.07,0.1965,0.2054,0.2953,365.42,67.02,0
57.33,0.1721,0.1266,0.312,286.04,57.71,0
62.09,0.1752,0.1292,0.2263,304.38,60.95,0
68.42,0.2065,0.1151,0.2837,356.91,63.43,0
45.57,0.1792,0.1518,0.2421,246.14,56.74,0
39.53,0.1417,0.0887,0.2386,214.05,55.37,0
72.43,0.1863,0.1428,0.2422,361.19,63.51,0
54.28,0.1744,0.1534,0.2926,270.38,57.72,0
57.24,0.1994,0.1521,0.2582,278.44,58.6,0
42.61,0.151,0.1559,0.2631,241.98,54.28,0
39.16,0.174,0.1261,0.326,185.32,55.57,0
29.49,0.1512,0.1419,0.1975,149.28,52.13,0
42.03,0.1913,0.1326,0.1915,225.09,55.25,0
46.75,0.1272,0.1209,0.2476,239.64,60.12,0
77.67,0.1884,0.1651,0.3612,369.8,65.36,0
37.92,0.1633,0.1399,0.2519,203.83,57.99,0
77.07,0.2023,0.1695,0.3046,344.67,63.32,0
67.96,0.1753,0.1889,0.314,355.71,60.71,0
47.31,0.1438,0.1618,0.2544,264.51,56.45,0
32.36,0.1491,0.137,0.2276,166.32,53.23,0
25.27,0.1515,0.1072,0.2024,155.3,52.29,0
71.57,0.1497,0.1433,0.3159,361.9,63.95,0
40.05,0.1457,0.1504,0.2273,203.61,53.45,0
31.58,0.1335,0.1393,0.2513,169.8,51.39,0
56.92,0.202,0.1598,0.2251,322.84,59.73,0
26.49,0.1532,0.1351,0.2568,166.41,51.45,0
72.51,0.1894,0.1401,0.3227,370.45,62.23,0
62.8,0.2017,0.1735,0.2985,317.42,60.24,0
64.8,0.1673,0.1666,0.2696,309.95,57.8,0
76.61,0.1454,0.157,0.2827,399.11,64.58,0
58.42,0.1853,0.1963,0.301,336.21,59.44,0
57.36,0.1968,0.1553,0.2341,306.79,58.02,0
74.28,0.1716,0.1549,0.2965,367.75,63.18,0
56.67,0.1361,0.1523,0.2625,307.25,60.35,0
60.31,0.2154,0.152,0.2652,302.69,59.79,0
23.51,0.1372,0.1415,0.2343,157.47,52.27,0
58.9,0.2056,0.1259,0.2862,289.2,59.46,0
48.66,0.1639,0.1428,0.2328,238.49,55.27,0
32.02,0.1565,0.0983,0.1962,164.69,50.83,0
68.29,0.1859,0.1521,0.3001,355.23,61.55,0
42.76,0.1326,0.1244,0.2643,220.42,58.1,0
45.5,0.1338,0.1708,0.2505,262.89,56.07,0
51.33,0.1321,0.1431,0.2889,305.89,56.52,0
69.38,0.2382,0.1855,0.2799,356.55,62.44,0
34.4,0.1565,0.1191,0.2732,193.57,55.92,0
55.89,0.1812,0.1372,0.3367,279.41,60.91,0
71.94,0.1663,0.1201,0.3035,366.49,63.47,0
52.65,0.1419,0.1784,0.3112,281.69,57.44,0
31.95,0.1302,0.1222,0.2203,393.75,51.94,1
53.33,0.1768,0.1726,0.2839,254.45,58.26,0
49.26,0.1444,0.1441,0.2389,261.19,56.64,0
64.86,0.1875,0.1634,0.2991,348.75,62.92,0
65.16,0.1863,0.1764,0.2686,328.01,60.19,0
57.78,0.1645,0.113,0.2625,306.54,60.4,0
41.93,0.1743,0.1225,0.2503,201.87,54.46,0
63.18,0.1969,0.1762,0.2455,337.45,60.08,0
31.55,0.1443,0.1121,0.1633,180.78,52.56,0
25.34,0.1541,0.1045,0.2313,131.59,50.81,0
24.91,0.1519,0.109,0.2338,157.62,48.77,0
64.26,0.1532,0.1688,0.3192,322.34,61.04,0
33.35,0.1667,0.1074,0.2271,193.67,53.2,0
29.59,0.1624,0.1248,0.2644,141.42,52.39,0
37.27,0.1362,0.1285,0.2584,213.71,53.38,0
65.88,0.1903,0.1355,0.3204,347.33,62.6,0
73.8,0.1869,0.1687,0.2695,370.75,64.08,0
53.74,0.1412,0.1199,0.2127,285.13,61.86,0
76.2,0.1892,0.1659,0.272,376.03,63.69,0
33.44,0.1416,0.0973,0.2163,184.52,53.39,0
24.5,0.1469,0.0877,0.1947,173.27,52.66,0
51.25,0.1472,0.1527,0.2666,269.71,57.35,0
24.86,0.1573,0.1244,0.267,140.04,53.01,0
43.69,0.1693,0.1463,0.2234,239.25,55.2,0
40.41,0.1645,0.0949,0.2533,206.44,54.05,0
47.44,0.2056,0.1387,0.2112,273.72,54.71,0
23.59,0.1417,0.1246,0.211,153.99,52.04,0
69.23,0.1745,0.1436,0.3004,352.05,60.82,0
33.37,0.1279,0.1102,0.2497,184.78,53.6,0
42.68,0.1799,0.1539,0.2475,223.5,54.37,0
29.54,0.1345,0.1311,0.2261,157.1,53.54,0
32.59,0.1447,0.1246,0.2299,167.82,55.51,0
46.09,0.1567,0.1198,0.2457,233.88,56.34,0
67.94,0.1741,0.1426,0.26,322.15,63.17,0
75.34,0.1991,0.1515,0.2495,376.64,65.24,0
50.64,0.1778,0.1863,0.2433,287.81,57.14,0
60.94,0.172,0.1098,0.286,330.35,59.22,0
56.39,0.2159,0.1266,0.2952,306.83,58.93,0
28.9,0.1596,0.0845,0.22,184.21,54.06,0
49.67,0.1662,0.1844,0.2638,256.99,55.44,0
37.31,0.1532,0.1292,0.2409,228.11,54.51,0
29.73,0.1413,0.1446,0.2279,136.26,53.65,0
61.6,0.1643,0.1446,0.2579,336.04,58.76,0
72.81,0.2164,0.1521,0.286,375.82,61.46,0
63.95,0.2042,0.1762,0.3284,325.86,60.2,0
56.02,0.1928,0.1619,0.2666,281.43,59.38,0
66.95,0.1771,0.1402,0.2671,331.58,61.49,0
44.29,0.1579,0.1689,0.2112,240.98,55.15,0
68.83,0.1582,0.1772,0.2838,353.19,61.36,0
57.81,0.1522,0.1486,0.2884,311.13,58.31,0
29.35,0.19,0.0961,0.2175,134.54,53.06,0
62.53,0.1859,0.1196,0.2137,312.37,60.93,0
73.25,0.1985,0.1436,0.3258,375.07,64.35,0
62.09,0.1773,0.1517,0.2776,322.36,60.05,0
51.81,0.1771,0.1532,0.2623,264.96,60.19,0
35.43,0.136,0.127,0.2451,202.32,52.52,0
50.1,0.1816,0.1639,0.1959,232.46,56.67,0
22.06,0.1398,0.1048,0.2157,129.68,52.97,0
43.24,0.1861,0.5801,0.3082,224.39,95.13,1
57.72,0.171,0.1702,0.2548,297.31,59.71,0
27.78,0.1479,0.1756,0.2446,156.87,52.14,0
26.08,0.1683,0.1045,0.1875,170.64,50.05,0
40.5,0.1454,0.1757,0.2589,206.94,56.17,0
27.16,0.1479,0.1218,0.2346,185.18,52.73,0
75.15,0.2025,0.1723,0.3282,400.56,63.35,0
24.9,0.1408,0.1235,0.1926,146.66,53.12,0
22.05,0.166,0.1035,0.268,141.26,52.42,0
46.33,0.1481,0.1693,0.2889,228.74,56.44,0
71.62,0.174,0.1805,0.2981,356.22,64.37,0
26.55,0.1808,0.1435,0.1949,162.46,48.78,0
38.7,0.1594,0.1096,0.254,236.19,56.29,0
36.48,0.1641,0.123,0.2163,211.9,56.57,0
30.19,0.1236,0.1273,0.2079,181.19,53.76,0
68.29,0.1954,0.1573,0.2082,354.99,61.39,0
21.16,0.1416,0.1282,0.1521,111.35,51.14,0
26.55,0.1611,0.1142,0.2134,145.67,51.5,0
39.65,0.4394,0.1647,0.9189,200.7,58.28,1
28.56,0.1746,0.1035,0.2667,163.92,53.04,0
55.64,0.1988,0.157,0.2695,292.06,56.93,0
70.71,0.1927,0.1725,0.3143,381.25,64.07,0
43.66,0.1676,0.1171,0.3042,248.72,59.12,0
74.06,0.1574,0.1465,0.2916,382.12,62.6,0
68.36,0.2084,0.1652,0.2784,348.65,61.75,0
67.32,0.1899,0.154,0.3425,356.99,62.94,0
31.3,0.1625,0.1361,0.2575,193.9,52.9,0
43.23,0.1797,0.1488,0.1974,209.55,53.4,0
61.29,0.1922,0.1376,0.2635,319.5,58.03,0
56.91,0.1938,0.1388,0.3045,296.23,57.6,0
70.97,0.2002,0.1583,0.3048,354.85,66.17,0
62.75,0.1656,0.172,0.2977,342.72,59.2,0
65.15,0.1843,0.1588,0.2364,368.46,62.67,0
68.91,0.1799,0.1382,0.3318,378.38,63.63,0
63.95,0.2001,0.1373,0.2574,314.43,60.97,0
48.1,0.1825,0.1369,0.2328,256.5,56.85,0
73.41,0.1926,0.1764,0.2998,374.97,62.11,0
64.33,0.2161,0.146,0.2839,320.91,61.81,0
51.9,0.1935,0.1475,0.2395,276.77,55.21,0
75.16,0.2026,0.1316,0.3202,390.88,62.32,0
33.05,0.1533,0.1358,0.2301,230.01,52.67,0
49.59,0.1472,0.1327,0.3016,251.19,55.89,0
35.81,0.153,0.1106,0.251,184.86,54.58,0
45.29,0.143,0.1239,0.2281,225.23,55.49,0
20.19,0.115,0.143,0.1823,160.38,50.68,0
51.07,0.16,0.1614,0.2833,273.5,55.68,0
73.62,0.1642,0.1688,0.265,365.38,66.68,0
23.05,0.143,0.1073,0.2067,125.14,50.92,0
39.03,0.1416,0.1361,0.2461,214.58,57.41,0
28.93,0.1333,0.1227,0.2751,182.58,50.66,0
53.54,0.2006,0.1796,0.2154,289.76,56.45,0
50.55,0.1974,0.1235,0.2257,232.29,58.32,0
50.76,0.1534,0.1482,0.3002,277.54,58.59,0
70.83,0.1913,0.1696,0.3327,669.85,62.75,1
34.93,0.1396,0.1084,0.2895,203.57,54.74,0
38.69,0.1967,0.1039,0.2493,193.09,54.68,0
27.65,0.1579,0.1164,0.1821,179.35,48.99,0
46.97,0.1832,0.1329,0.312,243.3,57.22,0
22.99,0.1501,0.1462,0.204,118.04,51.28,0
58.87,0.1796,0.1488,0.248,292.02,60.61,0
30.1,0.1785,0.1319,0.272,158.16,52.24,0
24.25,0.1127,0.1418,0.2301,106.85,48.18,0
68.76,0.1713,0.1365,0.296,373.49,61.77,0
45.91,0.1463,0.1184,0.2752,265.02,55.31,0
31.68,0.1842,0.0803,0.1657,204.53,53.65,0
45.07,0.1966,0.1623,0.255,214.57,55.25,0
41.64,0.1838,0.1444,0.2644,219.46,57.2,0
54.36,0.1593,0.1289,0.2898,269.17,59.07,0
21.94,0.1664,0.1153,0.2297,128.5,49.29,0
50.18,0.1551,0.6456,0.2261,279.39,111.49,1
52.2,0.1814,0.151,0.2378,271.45,57.97,0
42.29,0.1673,0.0975,0.2799,212.55,55.97,0
59.03,0.1755,0.1405,0.255,294.72,59.12,0
25.46,0.1566,0.1198,0.1833,141.0,48.47,0
61.53,0.1921,0.1757,0.2733,317.44,63.06,0
46.89,0.1696,0.1374,0.2822,257.33,57.21,0
52.34,0.1787,0.149,0.2717,289.79,59.56,0
47.67,0.1686,0.1702,0.2311,243.48,57.76,0
36.37,0.1477,0.1246,0.2299,191.16,52.63,0
55.49,0.1916,0.1422,0.2218,273.55,57.79,0
61.32,0.1902,0.1736,0.2995,306.14,62.03,0
55.21,0.1642,0.134,0.2626,294.71,57.25,0
69.52,0.1693,0.1266,0.3497,634.34,63.91,1
22.07,0.157,0.1004,0.1765,129.85,50.0,0
45.4,0.1882,0.1292,0.1972,253.49,56.56,0
55.67,0.1772,0.1503,0.2881,287.81,58.57,0
71.61,0.1946,0.1603,0.3081,353.13,62.32,0
51.48,0.209,0.147,0.2661,268.66,57.98,0
63.0,0.1475,0.1149,0.2462,314.94,60.89,0
77.26,0.2006,0.1425,0.2513,403.38,65.05,0
77.93,0.1806,0.1542,0.2921,394.54,63.77,0
43.61,0.1461,0.1131,0.2329,243.09,57.52,0
45.13,0.1583,0.1273,0.2515,238.82,58.96,0
27.35,0.1392,0.1116,0.1912,171.89,52.32,0
67.6,0.1253,0.1573,0.2654,367.55,62.71,0
76.23,0.1993,0.7399,0.2828,375.52,93.97,1
49.45,0.1625,0.149,0.1752,241.81,56.38,0
21.79,0.1685,0.1441,0.2244,133.84,50.79,0
38.13,0.173,0.112,0.2648,200.61,53.44,0
48.39,0.1356,0.1416,0.2787,266.5,56.76,0
63.89,0.182,0.1367,0.2608,319.69,59.16,0
67.24,0.2343,0.1212,0.2696,334.75,61.26,0
69.65,0.1732,0.1451,0.2598,363.53,60.47,0
35.38,0.1308,0.1238,0.2141,195.7,53.88,0
29.41,0.1442,0.1,0.1942,165.42,49.92,0
70.12,0.1677,0.1532,0.2912,346.34,64.76,0
66.09,0.2076,0.1297,0.2428,350.61,63.58,0
64.64,0.1814,0.1344,0.2887,336.66,61.72,0
33.52,0.1573,0.135,0.2,187.84,52.97,0
53.56,0.1618,0.1507,0.318,264.3,59.54,0
50.67,0.2204,0.1541,0.205,290.79,57.55,0
22.11,0.1177,0.1537,0.27,131.82,50.16,0
74.21,0.184,0.1454,0.3074,387.82,61.05,0
63.1,0.2013,0.1296,0.3247,324.46,61.78,0
57.71,0.1665,0.1695,0.2928,315.06,56.72,0
57.49,0.1836,0.1509,0.2969,294.6,59.86,0
53.25,0.1472,0.1347,0.2767,258.77,57.59,0
74.1,0.1985,0.1281,0.2374,374.52,66.64,0
36.49,0.1653,0.1077,0.2431,213.9,55.58,0
50.96,0.1773,0.1474,0.3081,265.0,58.98,0
41.72,0.1481,0.1444,0.1957,230.79,55.94,0
45.13,0.1442,0.145,0.2425,251.95,55.74,0
28.37,0.1446,0.1581,0.2465,180.59,54.44,0
23.62,0.1273,0.1176,0.2299,169.76,52.49,0
45.98,0.3393,0.1269,0.7464,252.22,54.78,1
33.05,0.1438,0.0857,0.2554,187.84,52.54,0
46.48,0.1601,0.1157,0.2872,247.51,56.82,0
37.53,0.1551,0.1281,0.2444,192.32,53.38,0
34.48,0.1714,0.1451,0.2495,213.42,54.86,0
22.27,0.1763,0.1067,0.2124,134.53,48.72,0
28.22,0.1452,0.1244,0.2214,159.73,55.83,0
66.66,0.1933,0.1741,0.2542,346.86,62.86,0
32.69,0.1463,0.1439,0.2659,165.27,52.39,0
25.38,0.1588,0.1498,0.2136,137.9,50.81,0
71.19,0.198,0.1225,0.2948,373.44,61.09,0
27.77,0.1477,0.1253,0.2407,136.89,53.31,0
53.16,0.1841,0.133,0.2434,253.15,57.12,0
33.64,0.1343,0.1043,0.2489,177.12,53.78,0
72.13,0.1752,0.1581,0.3204,605.42,61.07,1
74.59,0.2008,0.1715,0.3126,378.84,62.4,0
63.01,0.1601,0.1557,0.2964,325.42,61.38,0
48.84,0.1628,0.1102,0.2164,292.78,54.99,0
57.37,0.1845,0.1749,0.2641,302.75,58.51,0
40.03,0.1487,0.1438,0.2833,210.67,55.16,0
75.45,0.1975,0.1334,0.3471,390.1,63.17,0
22.38,0.1424,0.1004,0.277,126.91,51.46,0
30.31,0.1521,0.1343,0.2208,179.01,52.37,0
45.93,0.6016,0.1435,0.5956,233.44,55.53,1
52.32,0.1717,0.1558,0.2453,264.25,56.55,0
73.31,0.1916,0.1561,0.2538,390.02,59.66,0
76.4,0.1731,0.4417,0.2788,404.24,112.07,1
57.11,0.6244,0.1597,0.9201,308.92,59.69,1
58.51,0.2092,0.1553,0.2214,261.26,59.86,0
28.94,0.1804,0.102,0.2063,163.21,51.89,0
70.42,0.2128,0.1466,0.2805,363.11,64.14,0
65.85,0.1625,0.1365,0.297,317.71,66.14,0
24.84,0.1235,0.1018,0.2464,132.28,53.37,0
31.06,0.1463,0.1189,0.2285,202.93,53.48,0
64.18,0.1747,0.1357,0.2771,359.43,60.96,0
34.18,0.1599,0.1096,0.2041,201.3,50.01,0
45.99,0.1691,0.1353,0.199,244.19,56.12,0
52.64,0.1608,0.12,0.2559,276.98,58.88,0
65.97,0.1761,0.1594,0.2265,362.54,60.63,0
62.42,0.2024,0.1338,0.3249,311.61,59.34,0
66.44,0.1611,0.1742,0.2756,352.07,62.14,0
34.63,0.1681,0.1571,0.2215,448.18,53.6,1
66.88,0.1845,0.1674,0.2942,329.24,60.2,0
23.71,0.146,0.1643,0.2406,145.61,51.88,0
77.62,0.2,0.1668,0.3161,361.62,65.92,0
43.4,0.1581,0.1502,0.2186,240.5,55.29,0
41.8,0.1615,0.1504,0.2622,208.76,55.03,0
50.22,0.1282,0.1376,0.2372,283.71,59.83,0
52.86,0.1949,0.1317,0.2087,249.62,60.71,0
58.61,0.1576,0.1442,0.2664,291.11,60.48,0
69.67,0.2198,0.151,0.3015,331.04,62.18,0
44.34,0.1782,0.163,0.2233,251.38,55.36,0
75.19,0.2031,0.1939,0.3014,374.94,63.73,0
74.96,0.178,0.1834,0.2657,395.81,63.41,0
74.77,0.1813,0.1677,0.3104,372.81,64.19,0
68.36,0.2011,0.1458,0.2639,325.31,61.88,0
22.47,0.1389,0.0971,0.275,140.34,49.54,0
61.73,0.1961,0.147,0.2775,324.84,59.34,0
72.4,0.2028,0.1273,0.2762,387.14,63.1,0
45.37,0.1748,0.1411,0.2287,230.57,53.66,0
46.88,0.1816,0.1455,0.2601,249.9,57.18,0
53.15,0.1599,0.1689,0.2126,262.83,57.28,0
69.41,0.1763,0.1063,0.2791,350.58,62.38,0
56.39,0.1926,0.1196,0.2512,299.87,59.25,0
41.73,0.1693,0.1075,0.3075,213.68,56.07,0
74.46,0.1765,0.168,0.3167,386.78,64.05,0
23.62,0.1891,0.149,0.1788,138.02,52.61,0
73.01,0.1947,0.154,0.3031,335.99,63.57,0
66.57,0.1907,0.1387,0.2568,338.38,61.13,0
25.87,0.1577,0.1306,0.2705,123.91,53.52,0
75.74,0.1816,0.1756,0.2727,381.9,65.13,0
45.67,0.1422,0.0906,0.2362,249.84,54.19,0
21.92,0.1461,0.0805,0.1971,126.84,51.07,0
22.67,0.1223,0.1367,0.2663,140.37,52.28,0
27.69,0.1458,0.1184,0.216,161.93,50.5,0
31.0,0.1546,0.1098,0.2444,203.85,53.91,0
49.05,0.193,0.1331,0.2858,227.79,58.57,0
27.2,0.1345,0.0894,0.2305,136.23,50.07,0
44.65,0.1607,0.1197,0.2534,251.27,57.65,0
43.97,0.2006,0.1266,0.2701,263.58,57.2,0
60.81,0.1861,0.1093,0.2492,306.31,58.2,0
43.94,0.1623,0.1369,0.2671,270.77,55.47,0
25.68,0.1199,0.122,0.2119,146.48,50.27,0
24.42,0.135,0.1189,0.2463,136.02,49.64,0
54.07,0.1737,0.1662,0.2737,284.07,59.58,0
32.36,0.1831,0.1323,0.1862,179.13,52.25,0
24.55,0.1292,0.1414,0.2348,161.27,52.19,0
69.9,0.2096,0.1604,0.2854,356.95,63.84,0
22.92,0.1778,0.1255,0.1818,123.07,51.96,0
25.08,0.1214,0.1053,0.2636,145.56,49.91,0
51.82,0.1591,0.1479,0.2832,247.08,59.61,0
76.17,0.2176,0.1679,0.271,379.85,63.86,0
56.47,0.1809,0.1654,0.3055,271.72,57.15,0
62.8,0.1802,0.1762,0.2509,301.59,62.79,0
48.16,0.1786,0.1435,0.3027,258.78,57.52,0
73.05,0.1596,0.1832,0.2723,383.43,65.6,0
33.91,0.1619,0.0914,0.2296,188.5,55.25,0
34.44,0.1334,0.1145,0.2273,159.27,57.66,0
31.71,0.153,0.0833,0.1885,175.14,52.32,0
39.1,0.1546,0.1028,0.2087,206.78,53.52,0
24.41,0.1278,0.1304,0.2318,114.9,51.2,0
52.55,0.1544,0.1273,0.2676,281.9,58.51,0
72.21,0.2127,0.1635,0.3278,331.88,64.75,0
52.93,0.1939,0.1643,0.2743,272.72,58.13,0
62.46,0.1485,0.1365,0.2596,315.13,60.21,0
55.34,0.1752,0.149,0.3145,293.53,59.57,0
34.18,0.136,0.1426,0.2681,175.06,53.91,0
75.13,0.2077,0.166,0.2779,390.92,63.2,0
50.06,0.175,0.1398,0.2957,258.06,58.38,0
62.14,0.6513,0.1141,1.1541,328.15,60.71,1
60.37,0.1692,0.1489,0.2649,311.27,60.14,0
41.64,0.1402,0.1396,0.2393,251.74,54.88,0
66.48,0.1987,0.1447,0.2894,318.66,58.19,0
65.99,0.1518,0.1403,0.2676,335.35,61.63,0
54.49,0.207,0.1126,0.2755,256.66,59.38,0
23.25,0.1195,0.1104,0.1747,123.18,50.14,0
70.23,0.1656,0.1692,0.3244,366.7,60.72,0
60.53,0.1851,0.1479,0.2828,317.08,60.24,0
43.32,0.1395,0.1481,0.286,228.95,54.65,0
25.21,0.1496,0.1617,0.2118,149.94,51.39,0
61.72,0.1822,0.1522,0.2313,333.0,57.97,0
25.7,0.1433,0.1492,0.1958,171.45,49.89,0
64.25,0.2022,0.1583,0.2376,300.03,63.72,0
60.56,0.1514,0.1496,0.2887,316.88,62.26,0
34.79,0.1451,0.128,0.234,219.54,53.53,0
21.99,0.1646,0.0674,0.2731,132.94,51.87,0
58.42,0.2225,0.1329,0.2837,294.18,58.19,0
60.11,0.1764,0.1467,0.3148,312.46,59.5,0
59.3,0.1447,0.1471,0.2842,304.55,60.11,0
65.7,0.2066,0.1219,0.2673,320.38,62.64,0
71.53,0.1621,0.1471,0.2761,374.03,60.5,0
31.13,0.1316,0.1466,0.2166,174.87,53.57,0
25.79,0.1613,0.1393,0.1817,196.99,52.81,0
33.64,0.1489,0.1379,0.2678,178.13,56.38,0
73.31,0.1987,0.2092,0.3754,357.49,63.87,0
73.57,0.2199,0.1796,0.3878,380.03,65.44,0
72.12,0.2572,0.1835,0.27,377.08,62.89,0
68.16,0.1557,0.1682,0.2744,345.43,62.87,0
45.81,0.1454,0.163,0.2281,251.47,58.43,0
27.64,0.1263,0.1293,0.1784,159.39,51.57,0
21.32,0.1883,0.1423,0.2621,158.84,50.52,0
35.18,0.1521,0.1011,0.241,194.28,53.92,0
56.08,0.2092,0.1594,0.2215,294.5,62.15,0
54.83,0.1746,0.1544,0.2749,295.05,57.65,0
61.63,0.1623,0.15,0.2624,314.29,58.7,0
25.91,0.1461,0.1569,0.2083,163.78,51.52,0
58.77,0.1541,0.1626,0.2635,299.21,59.1,0
50.74,0.2009,0.1398,0.274,274.62,60.81,0
68.33,0.21,0.1565,0.2845,359.44,61.63,0
65.53,0.1447,0.144,0.2348,333.43,61.49,0
74.95,0.1903,0.1369,0.3178,390.83,66.54,0
57.55,0.1699,0.1282,0.2212,315.5,58.31,0
30.89,0.156,0.084,0.2215,175.88,51.81,0
37.23,0.1375,0.1151,0.2286,194.1,52.73,0
73.26,0.2156,0.1694,0.287,374.55,63.79,0
30.24,0.122,0.1323,0.259,147.74,52.54,0
55.3,0.1435,0.1426,0.2952,300.59,59.23,0
75.54,0.1968,0.7269,0.3081,377.38,93.93,1
21.6,0.1465,0.1533,0.2333,104.37,48.25,0
29.68,0.1368,0.0532,0.2062,164.74,52.66,0
42.96,0.1612,0.1379,0.2438,255.11,57.69,0
75.59,0.221,0.2198,0.2696,360.97,62.7,0
30.18,0.15,0.14,0.2319,205.4,51.36,0
35.81,0.1314,0.1136,0.2731,200.53,56.35,0
37.12,0.1279,0.142,0.2781,203.69,53.46,0
60.04,0.1852,0.1559,0.3024,338.93,60.2,0
31.39,0.1265,0.1295,0.2628,168.51,53.17,0
41.31,0.1652,0.1797,0.2075,228.37,58.4,0
71.49,0.199,0.175,0.3495,366.12,62.36,0
24.19,0.1648,0.1244,0.2265,153.01,50.83,0
29.32,0.153,0.1368,0.2466,153.84,53.04,0
33.16,0.1435,0.1249,0.2337,175.04,53.21,0
24.73,0.1647,0.1064,0.1757,118.03,52.78,0
53.25,0.1564,0.1316,0.308,278.58,54.59,0
53.13,0.1686,0.159,0.232,272.8,56.1,0
30.11,0.1609,0.1328,0.208,168.93,53.03,0
62.44,0.612,0.1368,0.6504,334.46,60.22,1
76.11,0.2091,0.1854,0.2996,406.53,64.3,0
22.54,0.4202,0.1191,0.9985,139.81,53.9,1
63.11,0.2401,0.1713,0.2983,324.47,60.39,0
58.28,0.1759,0.1359,0.2225,321.61,60.7,0
33.87,0.141,0.1288,0.2289,156.01,55.91,0
22.61,0.1494,0.1165,0.1842,143.67,50.72,0
59.33,0.1901,0.145,0.2565,287.75,58.03,0
57.39,0.1704,0.1363,0.2423,290.73,61.39,0
23.7,0.1249,0.128,0.1916,154.64,52.09,0
47.31,0.1785,0.1387,0.2882,234.85,58.37,0
73.97,0.2263,0.1566,0.2845,396.1,63.29,0
24.25,0.1252,0.0754,0.1713,121.87,51.06,0
36.55,0.1799,0.1376,0.2639,437.62,54.2,1
35.75,0.1244,0.7053,0.2691,211.92,90.66,1
21.9,0.1287,0.1026,0.2061,122.08,53.19,0
34.7,0.1601,0.1212,0.2583,190.23,53.93,0
59.09,0.2082,0.1187,0.286,282.17,59.8,0
65.63,0.1675,0.1516,0.2318,331.58,63.66,0
51.13,0.176,0.1403,0.3314,538.48,57.86,1
74.93,0.1957,0.1419,0.3339,378.99,64.66,0
57.7,0.1529,0.1259,0.269,293.14,58.54,0
67.31,0.2319,0.1434,0.2746,332.23,61.59,0
68.65,0.2292,0.1902,0.3211,354.66,64.15,0
27.22,0.1184,0.1236,0.1752,195.69,53.3,0
52.79,0.1623,0.1353,0.2861,257.24,58.03,0
33.98,0.1796,0.1006,0.2586,202.65,52.81,0
75.76,0.1894,0.1342,0.324,381.56,63.27,0
60.86,0.2336,0.1379,0.2414,292.34,59.76,0
38.43,0.1386,0.1256,0.2038,221.42,56.01,0
51.37,0.1589,0.1375,0.2267,456.49,57.06,1
55.25,0.1754,0.1206,0.2595,556.27,57.59,1
50.56,0.1737,0.1429,0.2574,281.73,53.66,0
74.02,0.2082,0.1156,0.2822,350.43,62.37,0
75.58,0.1913,0.165,0.2796,382.79,65.22,0
56.12,0.147,0.1185,0.3198,283.77,62.13,0
52.66,0.209,0.1278,0.2735,264.13,56.08,0
75.26,0.2274,0.1509,0.3323,379.26,63.06,0
59.2,0.2316,0.1818,0.2687,319.09,59.27,0
53.06,0.1547,0.1192,0.2816,295.35,58.37,0
47.12,0.1682,0.1634,0.2929,238.51,56.25,0
21.6,0.1541,0.1218,0.2245,138.65,50.59,0
28.79,0.1247,0.1253,0.2152,160.41,50.57,0
36.43,0.1669,0.1031,0.2104,205.33,55.47,0
77.34,0.2112,0.1631,0.244,375.96,66.29,0
31.46,0.1099,0.1272,0.2424,179.67,51.3,0
40.97,0.1658,0.112,0.2561,220.94,53.31,0
27.85,0.1108,0.1175,0.2564,149.92,51.48,0
24.37,0.1523,0.103,0.2271,134.08,50.56,0
29.32,0.1258,0.1205,0.2164,165.76,50.92,0
33.45,0.1434,0.1437,0.2269,180.07,52.97,0
53.86,0.1406,0.1197,0.2451,280.95,59.9,0
24.4,0.1331,0.1198,0.1869,146.25,48.47,0
24.84,0.0984,0.0979,0.2437,117.47,49.68,0
56.01,0.1857,0.1306,0.33,298.76,60.77,0
52.58,0.1962,0.1286,0.2408,265.98,57.17,0
44.67,0.1403,0.1075,0.3041,232.82,54.22,0
73.26,0.1732,0.1809,0.2528,389.64,64.69,0
77.73,0.173,0.1535,0.3228,412.91,62.72,0
38.75,0.1725,0.1373,0.2615,199.04,54.05,0
44.49,0.1951,0.1183,0.2878,220.77,55.53,0
41.19,0.184,0.1547,0.2489,207.51,56.64,0
74.47,0.2043,0.1524,0.3041,379.88,64.43,0
41.49,0.1772,0.117,0.2529,220.31,56.4,0
46.83,0.1661,0.1349,0.296,243.79,56.23,0
75.48,0.2057,0.157,0.3107,363.98,63.34,0
63.43,0.218,0.1577,0.2594,322.29,61.12,0
29.27,0.1788,0.1246,0.2286,163.76,51.05,0
71.42,0.2038,0.1788,0.2712,370.16,62.13,0
52.96,0.1896,0.1101,0.3128,267.26,60.56,0
47.06,0.1656,0.1315,0.253,273.35,57.27,0
76.61,0.1933,0.1708,0.3365,391.95,62.67,0
69.12,0.2285,0.1475,0.2754,333.33,60.24,0
41.62,0.1482,0.1289,0.2567,221.19,56.26,0
42.34,0.189,0.1762,0.2668,517.06,55.4,1
39.64,0.1589,0.0949,0.2148,226.79,53.36,0
52.1,0.1675,0.1683,0.3089,269.85,57.9,0
28.62,0.1509,0.0991,0.2609,179.38,53.05,0
44.97,0.1512,0.1134,0.3079,242.96,57.03,0
20.13,0.1518,0.1222,0.178,118.0,48.8,0
74.0,0.2072,0.1272,0.3586,374.5,60.41,0
25.73,0.1747,0.0971,0.212,148.0,48.93,0
53.25,0.1945,0.1462,0.2414,277.32,58.97,0
37.45,0.1722,0.1384,0.2719,210.4,57.49,0
30.57,0.1706,0.0944,0.2533,155.81,51.36,0
20.29,0.1338,0.1569,0.1971,136.46,51.25,0
43.74,0.1524,0.09,0.2058,384.46,54.51,1
41.8,0.1192,0.1345,0.2205,215.58,52.78,0
30.47,0.1556,0.1251,0.2397,170.0,52.95,0
31.75,0.1832,0.1441,0.2638,160.93,52.12,0
21.25,0.1247,0.1682,0.2551,116.08,50.44,0
21.69,0.1338,0.1394,0.2447,141.32,49.1,0
54.93,0.1611,0.1429,0.2497,303.54,58.94,0
59.88,0.2015,0.1383,0.3211,345.29,62.2,0
42.61,0.1636,0.1522,0.2464,268.02,55.38,0
37.68,0.168,0.1307,0.2652,185.47,54.29,0
25.09,0.1584,0.1278,0.1525,155.0,52.16,0
63.84,0.1489,0.1452,0.3173,313.76,62.63,0
41.28,0.1795,0.1155,0.2696,204.25,52.01,0
20.46,0.1579,0.1044,0.2386,136.42,51.11,0
69.93,0.1803,0.1445,0.2841,343.03,62.59,0
50.6,0.1654,0.1759,0.2595,273.26,57.57,0
76.09,0.1766,0.1771,0.2703,402.71,64.19,0
25.7,0.1644,0.1275,0.2402,130.45,51.89,0
44.02,0.2109,0.1177,0.2708,240.13,57.05,0
29.29,0.1437,0.1399,0.1798,169.08,51.55,0
32.2,0.1494,0.1107,0.1847,190.88,51.93,0
45.81,0.1704,0.1226,0.2239,249.62,57.75,0
66.86,0.1813,0.1329,0.3119,347.69,62.02,0
31.47,0.1298,0.1217,0.282,170.24,54.2,0
73.46,0.1912,0.157,0.3118,368.34,64.01,0
62.99,0.172,0.1598,0.2674,326.4,58.57,0
47.02,0.206,0.1442,0.1926,243.89,57.18,0
48.08,0.1702,0.1682,0.2799,263.42,57.85,0
48.13,0.5328,0.1557,0.6812,241.09,54.1,1
46.53,0.148,0.1336,0.2715,263.74,54.86,0
59.93,0.188,0.1581,0.2649,328.02,62.33,0
24.64,0.1656,0.1535,0.2206,134.73,53.39,0
43.73,0.2134,0.1357,0.2956,240.26,54.56,0
49.26,0.1986,0.1391,0.2942,258.32,60.26,0
45.65,0.1761,0.1229,0.2873,239.28,51.4,0
48.19,0.1731,0.1489,0.1767,277.64,59.27,0
44.33,0.1737,0.1342,0.2608,228.88,54.66,0
77.1,0.1895,0.5311,0.3068,389.14,99.91,1
40.81,0.1999,0.1084,0.2834,212.57,54.58,0
64.34,0.2017,0.1588,0.2793,331.42,61.96,0
59.21,0.1918,0.1417,0.2639,326.69,60.52,0
74.71,0.1956,0.1688,0.3525,347.15,66.93,0
67.62,0.1729,0.1839,0.3054,365.88,62.15,0
58.62,0.1926,0.1384,0.2544,326.53,60.87,0
61.86,0.173,0.1275,0.2429,297.59,60.3,0
30.18,0.1784,0.135,0.2448,200.7,52.07,0
59.78,0.1521,0.1618,0.2724,332.65,58.42,0
62.07,0.2001,0.1773,0.2855,346.31,60.52,0
59.12,0.1924,0.1326,0.275,321.74,58.72,0
35.04,0.1798,0.1152,0.2422,172.38,54.27,0
47.79,0.2151,0.1456,0.2977,246.05,56.36,0
28.58,0.1518,0.1014,0.201,126.41,52.96,0
66.55,0.1815,0.137,0.2874,342.38,61.49,0
74.43,0.1731,0.1698,0.3101,384.78,63.11,0
33.4,0.1489,0.1491,0.2609,203.77,53.21,0
44.36,0.1467,0.1139,0.2846,224.13,54.95,0
21.5,0.1321,0.1017,0.2018,123.28,48.78,0
22.4,0.1361,0.0541,0.2141,125.65,50.92,0
71.21,0.178,0.1777,0.3328,340.13,61.83,0
36.49,0.122,0.1561,0.2933,217.76,53.91,0
40.05,0.1586,0.1336,0.2305,222.75,56.0,0
48.36,0.1491,0.1002,0.2373,254.55,58.38,0
74.56,0.2164,0.1758,0.2871,388.99,63.01,0
66.29,0.149,0.1784,0.3147,350.87,65.01,0
66.25,0.2021,0.1286,0.2839,351.51,59.75,0
20.46,0.1574,0.1343,0.2616,121.47,48.31,0
43.9,0.1843,0.1118,0.2742,230.37,56.65,0
25.95,0.1645,0.1362,0.2587,131.55,49.33,0
39.96,0.1658,0.1137,0.2529,210.7,58.1,0
20.62,0.1296,0.1154,0.1673,132.42,50.36,0
32.86,0.1381,0.125,0.1854,177.9,54.04,0
75.75,0.1833,0.1528,0.3188,405.66,64.07,0
47.64,0.1557,0.1225,0.2862,244.24,52.64,0
64.45,0.2208,0.16,0.2728,356.22,61.59,0
20.8,0.1358,0.1389,0.1859,134.67,48.67,0
64.44,0.1992,0.1865,0.2546,344.85,60.88,0
49.48,0.1636,0.1489,0.2445,228.8,59.45,0
55.62,0.1159,0.149,0.2793,280.84,57.59,0
27.6,0.1319,0.0968,0.1848,171.47,52.62,0
51.27,0.1813,0.1411,0.1877,297.83,59.91,0
61.78,0.1964,0.1282,0.2272,375.98,57.81,0
54.51,0.1649,0.142,0.2338,294.03,60.55,0
40.8,0.3495,0.0888,0.9942,203.98,55.99,1
58.46,0.164,0.1322,0.2667,305.47,60.15,0
76.25,0.2091,0.1536,0.2565,373.51,63.84,0
21.29,0.1515,0.1381,0.2271,130.52,49.87,0
46.23,0.1882,0.1349,0.238,272.15,55.94,0
59.11,0.1787,0.142,0.3008,324.79,60.09,0
22.83,0.1091,0.1283,0.2413,131.72,49.67,0
33.62,0.1493,0.1191,0.2324,167.42,54.57,0
70.29,0.2007,0.1705,0.2439,353.3,61.51,0
64.48,0.1471,0.1388,0.279,303.07,58.86,0
23.09,0.1339,0.1056,0.2069,138.8,50.3,0
33.41,0.1601,0.14,0.1907,193.68,54.0,0
76.73,0.2019,0.1631,0.3361,374.29,65.01,0
50.06,0.1781,0.1598,0.254,240.83,58.2,0
23.59,0.1242,0.1376,0.2509,164.14,51.51,0
65.29,0.1937,0.1639,0.2763,336.16,60.0,0
55.48,0.1868,0.1465,0.2996,344.54,59.42,0
62.34,0.1806,0.1635,0.295,315.87,66.22,0
23.63,0.1366,0.1248,0.2113,137.7,48.84,0
48.47,0.1829,0.1362,0.2689,270.69,58.61,0
34.49,0.1984,0.1061,0.2688,180.64,56.63,0
41.65,0.1899,0.1419,0.2352,255.66,55.21,0
53.83,0.1846,0.1471,0.2645,267.72,60.86,0
53.64,0.1442,0.1478,0.2499,280.79,60.89,0
50.8,0.1915,0.1642,0.2337,284.72,57.63,0
74.11,0.182,0.1682,0.3279,385.71,63.82,0
38.25,0.1665,0.1184,0.2721,223.76,56.14,0
55.41,0.1637,0.1847,0.304,272.54,56.63,0
48.33,0.1641,0.1343,0.2651,256.75,60.0,0
60.15,0.1763,0.1641,0.2819,327.07,60.92,0
28.43,0.1612,0.1401,0.2117,171.2,50.82,0
76.33,0.2196,0.1845,0.2824,390.16,63.77,0
45.57,0.167,0.1871,0.2826,278.26,55.94,0
64.49,0.188,0.159,0.3071,346.45,58.82,0
55.01,0.1935,0.1297,0.1981,275.12,58.17,0
49.27,0.1753,0.1593,0.2491,266.28,59.63,0
47.58,0.1479,0.1607,0.2224,262.24,57.52,0
63.49,0.1881,0.1391,0.2219,336.47,61.23,0
47.33,0.1875,0.1419,0.2533,259.94,57.29,0
76.76,0.1978,0.1766,0.3394,409.96,63.72,0
41.85,0.1294,0.1343,0.2484,240.8,53.55,0
41.24,0.1768,0.1704,0.2397,228.14,54.55,0
28.64,0.1658,0.1395,0.2339,151.27,52.96,0
39.81,0.1692,0.1137,0.2564,187.04,53.83,0
28.3,0.1594,0.1263,0.2628,176.71,52.73,0
37.63,0.1642,0.1156,0.2141,199.77,54.85,0
69.64,0.1903,0.1261,0.3016,363.72,64.4,0
36.29,0.1311,0.1125,0.2267,206.63,52.76,0
51.3,0.1716,0.1646,0.2236,260.05,57.84,0
25.51,0.1206,0.1304,0.2258,165.99,50.35,0
72.1,0.2301,0.1479,0.2785,375.59,60.34,0
66.59,0.1882,0.1284,0.3325,333.93,64.74,0
76.22,0.1774,0.1478,0.3025,384.41,65.18,0
56.95,0.1751,0.1698,0.2537,297.64,58.63,0
38.69,0.1491,0.1515,0.2801,197.62,53.26,0
33.82,0.1283,0.158,0.2941,214.21,52.9,0
39.21,0.1722,0.1297,0.2713,221.49,55.91,0
63.56,0.1604,0.1364,0.2813,290.21,61.03,0
40.13,0.1339,0.1366,0.2087,238.91,55.87,0
35.21,0.1612,0.1542,0.2475,178.17,54.02,0
58.02,0.1772,0.1922,0.2734,281.62,59.23,0
69.33,0.1935,0.1668,0.3389,361.51,62.63,0
60.25,0.1945,0.1628,0.3369,310.31,61.39,0
71.11,0.196,0.1752,0.3248,346.79,60.92,0
57.63,0.1644,0.1588,0.2878,301.76,60.43,0
31.31,0.1786,0.1354,0.2319,171.56,53.53,0
57.31,0.1705,0.1247,0.3168,322.11,57.06,0
51.42,0.1785,0.1645,0.1934,254.28,55.82,0
23.74,0.1411,0.1319,0.2174,120.16,52.94,0
55.02,0.1871,0.1439,0.2809,300.53,57.06,0
29.77,0.1464,0.1291,0.1981,166.18,52.88,0
34.14,0.1296,0.1058,0.2016,215.57,51.83,0
67.68,0.2192,0.1425,0.3228,350.27,62.2,0
23.45,0.1404,0.1457,0.1701,135.99,48.34,0
20.04,0.1341,0.1349,0.2244,130.24,51.06,0
57.8,0.1609,0.1537,0.258,293.43,57.92,0
75.21,0.1778,0.148,0.2788,398.89,63.48,0
20.44,0.1345,0.0974,0.1609,144.2,50.66,0
32.47,0.1775,0.1031,0.2225,164.92,54.15,0
50.25,0.1912,0.1531,0.236,250.63,60.39,0
77.38,0.1946,0.1614,0.2769,379.59,66.3,0
49.11,0.1578,0.1428,0.2487,236.82,57.28,0
52.62,0.2181,0.1417,0.2801,253.31,56.47,0
55.07,0.1855,0.141,0.2745,278.78,58.51,0
25.86,0.1839,0.1107,0.2411,142.84,52.6,0
73.74,0.2124,0.1713,0.3037,358.94,63.01,0
57.7,0.1784,0.1347,0.3141,269.43,60.23,0
31.41,0.1644,0.1143,0.1842,168.05,52.83,0
26.2,0.1325,0.1276,0.2833,140.72,55.2,0
59.34,0.2194,0.1396,0.2838,321.21,57.23,0
72.92,0.1942,0.1378,0.3252,362.16,65.21,0
44.51,0.1383,0.16,0.2591,236.02,55.82,0
21.38,0.519,0.1017,1.0448,133.19,49.82,1
66.04,0.1853,0.155,0.2733,337.68,62.23,0
62.16,0.1952,0.1307,0.3126,321.02,56.83,0
37.65,0.1611,0.1043,0.2374,204.98,55.16,0
34.44,0.1369,0.1621,0.2687,193.82,52.7,0
53.2,0.1655,0.1437,0.2606,290.89,58.21,0
65.08,0.1895,0.0904,0.307,374.3,58.81,0
74.74,0.1924,0.1895,0.284,401.25,61.83,0
37.82,0.1705,0.1062,0.1778,182.98,53.05,0
60.88,0.1753,0.1311,0.2673,322.94,59.73,0
69.93,0.195,0.5798,0.2811,324.22,90.49,1
55.98,0.1744,0.1458,0.2638,511.34,57.85,1
75.69,0.5855,0.1909,0.9604,377.77,62.01,1
47.5,0.2047,0.121,0.2899,252.99,55.29,0
21.73,0.1515,0.1278,0.2499,125.61,53.22,0
45.75,0.1515,0.1557,0.3131,247.15,57.89,0
25.46,0.1383,0.1505,0.1591,138.24,50.13,0
24.36,0.148,0.121,0.1765,126.32,51.7,0
62.76,0.1625,0.1298,0.3019,306.25,60.18,0
35.37,0.1759,0.0868,0.2038,212.54,51.66,0
61.51,0.1845,0.1834,0.294,310.05,61.84,0
29.8,0.1514,0.1288,0.2038,175.78,52.47,0
59.31,0.1856,0.1427,0.2646,315.57,60.74,0
45.67,0.1777,0.1454,0.2611,272.47,56.73,0
25.55,0.1472,0.1127,0.246,155.77,53.02,0
55.89,0.1614,0.1502,0.2695,282.3,58.36,0
35.79,0.1599,0.1518,0.2333,200.48,55.69,0
42.58,0.142,0.1284,0.25,224.63,56.6,0
77.47,0.1837,0.1337,0.2691,373.7,65.85,0
61.91,0.1199,0.1503,0.2997,328.24,61.91,0
67.8,0.1613,0.1574,0.301,346.38,60.22,0
26.29,0.1336,0.1154,0.2335,147.54,51.45,0
52.79,0.1752,0.1646,0.2274,248.39,58.0,0
20.45,0.1676,0.1214,0.2358,111.17,50.58,0
44.61,0.1339,0.1458,0.2395,202.56,55.44,0
54.49,0.1833,0.1677,0.2359,264.23,59.84,0
76.8,0.1678,0.1835,0.3172,395.2,66.26,0
63.34,0.1544,0.1606,0.284,329.65,63.34,0
62.8,0.2102,0.1717,0.2902,319.25,58.5,0
67.96,0.1993,0.1188,0.2576,345.1,59.62,0
70.7,0.2177,0.1288,0.2914,343.66,62.89,0
44.25,0.185,0.1197,0.2693,230.84,56.49,0
77.47,0.1673,0.1561,0.3205,404.09,67.64,0
25.24,0.1545,0.1089,0.1754,161.19,51.44,0
51.56,0.1829,0.156,0.295,268.52,56.11,0
47.96,0.154,0.1446,0.26,232.49,58.09,0
52.38,0.1744,0.13,0.2421,256.42,62.52,0
71.77,0.2093,0.1216,0.2829,376.56,65.52,0
75.29,0.2234,0.153,0.2376,400.33,62.56,0
27.81,0.1556,0.1598,0.2072,140.62,50.86,0
26.75,0.1396,0.1572,0.2325,149.43,52.15,0
63.92,0.1792,0.1638,0.2781,308.38,61.27,0
42.88,0.1675,0.1372,0.2471,239.69,57.47,0
26.8,0.1162,0.1404,0.2347,171.27,49.33,0
57.96,0.1812,0.1465,0.2727,306.83,61.12,0
31.06,0.1338,0.1078,0.217,185.66,51.23,0
25.91,0.1549,0.1103,0.2804,156.44,49.65,0
39.46,0.1368,0.3918,0.2241,239.25,103.94,1
29.01,0.1404,0.1379,0.2287,350.48,53.48,1
74.13,0.1813,0.1646,0.366,371.59,62.82,0
61.28,0.1387,0.1545,0.299,290.47,59.83,0
29.22,0.1378,0.1639,0.2874,166.1,54.7,0
75.96,0.1997,0.1681,0.2874,396.07,63.89,0
43.32,0.1665,0.1292,0.2235,252.56,56.2,0
28.49,0.1362,0.097,0.1996,158.63,53.18,0
57.02,0.1535,0.1533,0.2798,302.52,57.87,0
24.27,0.1468,0.1133,0.2963,123.03,50.62,0
60.64,0.1564,0.142,0.2606,295.53,58.62,0
56.22,0.1674,0.1136,0.2772,292.77,59.68,0
42.07,0.1359,0.1125,0.2047,242.85,54.92,0
21.85,0.3443,0.153,0.7616,127.44,47.89,1
47.02,0.1996,0.1532,0.204,260.07,56.68,0
71.64,0.1802,0.1519,0.2861,375.02,63.44,0
46.34,0.1808,0.123,0.3249,246.32,58.21,0
75.38,0.1811,0.1509,0.2819,376.71,64.73,0
36.92,0.173,0.1485,0.186,216.51,53.31,0
25.85,0.1508,0.0982,0.2262,162.01,53.53,0
35.14,0.166,0.1356,0.2525,204.69,53.61,0
63.74,0.2049,0.1694,0.2669,329.16,60.78,0
58.34,0.1578,0.1468,0.2767,277.17,59.61,0
28.91,0.1457,0.1139,0.2138,182.76,54.76,0
43.03,0.1485,0.1549,0.2299,251.61,53.78,0
53.87,0.1823,0.1342,0.2365,296.86,60.49,0
53.63,0.1878,0.1408,0.2568,284.44,58.12,0
71.63,0.1738,0.1557,0.2859,367.08,62.52,0
44.91,0.1656,0.1348,0.2263,215.49,56.81,0
36.14,0.1431,0.1378,0.208,207.72,55.53,0
39.58,0.1203,0.1134,0.1858,222.84,57.19,0
58.92,0.1726,0.1318,0.235,310.08,61.01,0
68.84,0.2039,0.1402,0.3239,369.67,61.15,0
56.77,0.1533,0.2005,0.3245,264.05,60.12,0
52.15,0.1244,0.0977,0.23,279.77,59.46,0
75.12,0.1922,0.1504,0.2702,397.98,65.36,0
33.54,0.1389,0.1125,0.2791,178.18,53.15,0
58.75,0.1677,0.1434,0.2841,278.5,58.01,0
43.11,0.1421,0.1185,0.2282,216.5,58.36,0
67.96,0.2182,0.1762,0.312,371.25,59.35,0
70.29,0.1795,0.1567,0.2329,364.54,64.77,0
42.91,0.1804,0.1546,0.2489,223.63,56.45,0
52.38,0.1799,0.0998,0.2055,296.99,59.91,0
43.92,0.1619,0.1134,0.3311,208.75,57.96,0
43.76,0.1861,0.1199,0.2876,233.86,55.39,0
41.7,0.1676,0.1625,0.2455,188.61,54.24,0
54.53,0.162,0.1698,0.2562,262.21,57.64,0
49.54,0.1379,0.1363,0.2597,258.06,55.74,0
67.24,0.1391,0.1679,0.2908,373.84,60.32,0
71.52,0.2257,0.1232,0.2886,388.49,65.08,0
59.69,0.1989,0.1661,0.2521,329.54,57.68,0
54.87,0.1822,0.1444,0.2517,276.11,58.21,0
35.61,0.1597,0.1364,0.2568,191.12,53.14,0
36.88,0.1436,0.1314,0.2306,210.8,55.59,0
42.91,0.1647,0.1481,0.2593,203.11,56.36,0
56.24,0.1702,0.1488,0.2844,291.47,57.51,0
49.24,0.1717,0.1391,0.2366,229.31,54.36,0
75.37,0.1839,0.1578,0.3043,395.49,64.45,0
71.75,0.1375,0.1473,0.3314,366.27,64.05,0
58.69,0.5303,0.1386,0.635,279.51,61.13,1
73.17,0.1791,0.1409,0.284,375.16,64.45,0
22.21,0.1483,0.1312,0.2026,122.71,50.35,0
76.21,0.1894,0.1867,0.2715,395.87,65.01,0
70.22,0.1703,0.1472,0.3146,351.61,60.29,0
36.83,0.1198,0.1076,0.2335,226.9,55.16,0
43.43,0.128,0.1162,0.2573,238.17,56.11,0
29.5,0.1724,0.0864,0.2292,163.12,52.57,0
35.75,0.1585,0.1368,0.2872,208.23,53.1,0
58.46,0.1565,0.1245,0.2573,287.77,59.68,0
36.25,0.1248,0.1358,0.2357,223.35,55.3,0
76.49,0.179,0.1609,0.3075,401.49,61.24,0
45.5,0.1405,0.1327,0.2769,232.09,58.51,0
43.39,0.1755,0.1265,0.2344,245.1,54.93,0
23.55,0.1456,0.1194,0.1844,146.28,53.39,0
61.59,0.1827,0.1679,0.2382,310.41,58.73,0
28.93,0.1588,0.1453,0.2402,180.72,52.2,0
26.38,0.1713,0.1018,0.2283,160.97,52.67,0
74.57,0.1713,0.164,0.3161,383.09,64.82,0
20.7,0.1149,0.0962,0.2195,150.1,53.12,0
52.73,0.1853,0.1436,0.2846,519.01,56.76,1
40.2,0.1578,0.0545,0.2607,466.23,57.3,1
58.5,0.2115,0.1251,0.2835,284.86,56.96,0
55.09,0.1632,0.1703,0.2641,302.84,59.91,0
66.6,0.2027,0.0917,0.2906,341.43,62.06,0
27.27,0.1402,0.1569,0.2466,156.84,52.08,0
38.04,0.1516,0.1517,0.2611,194.75,56.47,0
45.58,0.1434,0.1403,0.2723,217.24,54.75,0
67.18,0.2194,0.1843,0.2898,355.97,61.14,0
51.17,0.153,0.1144,0.2512,269.9,56.01,0
34.82,0.1251,0.1088,0.2659,214.96,55.05,0
48.99,0.155,0.6068,0.2304,254.25,98.53,1
47.47,0.1465,0.1244,0.2741,244.05,56.25,0
24.38,0.1514,0.0887,0.2148,140.2,49.11,0
65.32,0.1606,0.1788,0.2836,327.14,61.96,0
74.21,0.1962,0.1622,0.2735,364.05,63.41,0
50.96,0.2031,0.1314,0.2801,284.52,58.48,0
50.87,0.1823,0.1498,0.2896,287.56,57.0,0
65.55,0.1952,0.1504,0.211,337.93,61.16,0
23.57,0.142,0.1289,0.2174,143.11,51.26,0
37.14,0.1703,0.1344,0.2005,200.74,53.98,0
33.8,0.4054,0.0922,1.0166,182.72,50.62,1
37.57,0.1146,0.1431,0.2305,198.45,54.52,0
36.9,0.1318,0.1201,0.2199,197.06,51.4,0
35.09,0.1637,0.1226,0.2623,187.72,51.68,0
49.54,0.1959,0.1462,0.3146,275.6,56.11,0
32.26,0.1722,0.1205,0.26,192.93,50.8,0
47.11,0.2021,0.1091,0.3174,242.91,59.98,0
55.33,0.1819,0.1554,0.2715,279.57,58.34,0
29.39,0.1507,0.1378,0.2259,163.33,53.69,0
61.73,0.2041,0.127,0.244,313.77,61.88,0
55.26,0.1917,0.1196,0.2558,311.39,57.01,0
50.15,0.1924,0.1216,0.2084,294.56,52.9,0
23.29,0.1047,0.1304,0.2406,118.6,50.82,0
56.04,0.1646,0.1303,0.2313,271.57,59.03,0
45.29,0.1651,0.1386,0.2379,247.45,58.48,0
20.26,0.1303,0.153,0.1881,95.71,49.64,0
21.29,0.1703,0.1202,0.2224,120.38,50.84,0
26.38,0.1248,0.1184,0.1923,170.12,53.01,0
76.0,0.2271,0.1501,0.2717,388.75,65.1,0
31.82,0.119,0.1481,0.2407,153.57,53.72,0
38.64,0.1436,0.1378,0.2072,240.55,56.29,0
63.13,0.1818,0.1445,0.2984,319.35,60.44,0
25.89,0.166,0.0987,0.2468,157.2,52.3,0
29.89,0.1326,0.0939,0.1665,152.2,52.16,0
21.66,0.1111,0.1316,0.2782,119.51,50.38,0
56.23,0.1768,0.1407,0.2502,284.19,59.84,0
35.33,0.1509,0.1395,0.243,183.38,55.08,0
38.75,0.1624,0.1104,0.2093,198.5,54.9,0
37.3,0.1444,0.1663,0.2556,176.99,52.45,0
66.55,0.1672,0.14,0.3258,333.43,61.65,0
34.01,0.1452,0.1145,0.2237,191.38,54.3,0
64.8,0.1738,0.1668,0.2948,301.34,61.12,0
28.39,0.1335,0.1416,0.2522,176.25,51.77,0
37.48,0.1497,0.1038,0.2298,486.42,56.51,1
50.1,0.164,0.1084,0.2957,256.18,57.1,0
28.42,0.1143,0.1238,0.1933,161.61,50.92,0
33.26,0.1485,0.1268,0.2322,208.31,52.89,0
33.7,0.1227,0.1323,0.2371,200.59,54.52,0
61.91,0.1998,0.1713,0.2625,321.29,61.21,0
37.43,0.1426,0.151,0.2725,196.16,52.41,0
27.34,0.1553,0.104,0.2247,166.41,53.74,0
32.58,0.1512,0.153,0.276,189.78,53.09,0
76.9,0.1947,0.1577,0.2547,369.71,64.66,0
22.61,0.4253,0.1057,0.94,133.06,51.74,1
41.61,0.1614,0.1428,0.2117,243.44,57.39,0
26.21,0.1597,0.1373,0.1773,154.69,52.75,0
25.84,0.1391,0.1245,0.2668,162.4,50.7,0
51.57,0.1716,0.159,0.2979,271.55,56.59,0
77.49,0.2096,0.1558,0.3276,378.15,62.98,0
48.43,0.167,0.1794,0.2529,282.92,56.55,0
36.56,0.133,0.1199,0.1825,223.81,53.85,0
46.67,0.191,0.1468,0.2468,265.57,56.02,0
21.68,0.1766,0.1184,0.1527,133.23,50.14,0
60.47,0.1886,0.1538,0.283,325.86,60.5,0
34.84,0.1576,0.1102,0.2757,230.52,50.51,0
54.52,0.154,0.1507,0.3072,308.51,56.68,0
25.48,0.1369,0.1577,0.2401,128.07,52.42,0
37.08,0.1434,0.0952,0.1732,216.82,55.12,0
69.54,0.2268,0.1637,0.3218,337.48,62.76,0
23.31,0.147,0.1171,0.2235,128.19,52.17,0
58.03,0.173,0.1716,0.2598,286.46,58.27,0
23.88,0.1065,0.1509,0.2093,140.85,49.63,0
22.06,0.1254,0.1148,0.2289,133.43,49.34,0
65.12,0.2114,0.1533,0.2965,330.02,60.26,0
60.95,0.1734,0.1852,0.2592,315.49,61.17,0
36.35,0.1354,0.1677,0.222,217.27,55.21,0
20.7,0.1359,0.1604,0.2166,137.67,50.94,0
61.85,0.2089,0.1376,0.2816,326.56,60.21,0
69.69,0.1925,0.1433,0.2775,357.82,62.38,0
67.68,0.1958,0.1772,0.2968,339.58,60.33,0
71.63,0.1839,0.1758,0.3184,359.28,62.06,0
28.23,0.1448,0.1256,0.2442,158.5,49.6,0
27.94,0.1666,0.1501,0.2348,135.66,53.89,0
24.5,0.1497,0.0988,0.2297,131.38,50.36,0
54.56,0.1521,0.1318,0.2608,281.72,58.86,0
24.87,0.1418,0.1139,0.2229,400.03,53.0,1
53.43,0.193,0.1529,0.233,266.85,60.56,0
70.55,0.1712,0.1794,0.2458,359.97,62.62,0
29.55,0.1562,0.1305,0.2574,187.19,52.88,0
35.94,0.1122,0.1055,0.216,177.87,51.66,0
42.02,0.148,0.154,0.2082,233.46,55.48,0
24.19,0.116,0.1265,0.2535,140.1,54.26,0
32.42,0.1603,0.127,0.2022,175.38,51.98,0
55.6,0.1821,0.1235,0.2263,291.3,60.69,0
60.5,0.1891,0.134,0.3012,331.87,60.21,0
45.84,0.1493,0.1254,0.2387,246.58,56.84,0
76.15,0.1927,0.1862,0.3112,385.35,66.7,0
66.6,0.196,0.1751,0.2662,348.32,58.2,0
60.15,0.1556,0.1267,0.2651,318.86,61.1,0
36.61,0.1825,0.1499,0.2507,200.98,55.01,0
41.24,0.1536,0.1414,0.2248,219.69,55.45,0
38.6,0.1486,0.116,0.2204,191.5,54.56,0
22.63,0.1281,0.1213,0.1958,150.55,50.76,0
50.17,0.1738,0.1687,0.2014,589.17,60.74,1
30.22,0.1438,0.0983,0.2491,154.91,50.58,0
76.32,0.1878,0.1644,0.3043,390.26,63.58,0
62.75,0.2078,0.1325,0.2981,304.65,62.56,0
52.58,0.1862,0.1538,0.3003,251.53,58.25,0
64.24,0.1988,0.124,0.2447,312.43,62.84,0
57.43,0.159,0.139,0.2867,459.66,60.36,1
65.52,0.1651,0.1416,0.2859,325.95,58.94,0
72.15,0.2042,0.1555,0.3267,361.05,64.28,0
69.09,0.1692,0.1491,0.282,353.91,62.69,0
25.2,0.1519,0.1401,0.2044,141.07,52.1,0
60.85,0.1944,0.1293,0.2636,334.97,59.51,0
34.7,0.1472,0.6989,0.228,225.65,99.15,1
23.19,0.1736,0.1245,0.2954,154.97,50.52,0
63.82,0.185,0.1642,0.274,310.51,60.35,0
20.72,0.1147,0.0815,0.1997,121.41,50.35,0
25.16,0.1396,0.1227,0.251,165.32,52.44,0
27.77,0.1518,0.1506,0.2418,143.98,51.24,0
73.04,0.1676,0.1653,0.3015,363.34,63.45,0
36.5,0.1613,0.1361,0.233,194.91,55.02,0
69.44,0.2064,0.1596,0.2385,349.05,62.25,0
20.5,0.1226,0.1261,0.201,145.62,50.57,0
50.23,0.1647,0.1157,0.2457,259.46,57.56,0
37.59,0.1815,0.1189,0.2272,175.19,53.17,0
63.09,0.1795,0.1199,0.2753,332.96,60.53,0
57.93,0.1707,0.0967,0.2633,299.52,59.53,0
51.9,0.1808,0.143,0.2497,274.11,54.25,0
59.69,0.1562,0.1432,0.2587,304.52,56.7,0
77.34,0.183,0.1622,0.3435,404.06,63.57,0
28.69,0.1822,0.1266,0.192,167.44,50.33,0
60.03,0.1796,0.1268,0.3404,306.96,58.92,0
39.16,0.1592,0.0939,0.2033,215.37,52.86,0
76.53,0.2302,0.1558,0.2632,413.85,64.44,0
38.11,0.1246,0.1201,0.2094,188.84,56.43,0
27.04,0.1349,0.1482,0.2069,147.71,53.61,0
65.07,0.1948,0.1313,0.3008,339.07,58.23,0
27.1,0.1394,0.1381,0.2305,156.94,51.98,0
62.17,0.1854,0.1296,0.26,325.72,61.23,0
71.03,0.1929,0.1457,0.3052,375.73,61.66,0
63.09,0.1804,0.1358,0.3779,316.18,61.14,0
27.61,0.1407,0.0931,0.1955,156.76,51.66,0
22.13,0.1582,0.0976,0.1845,116.55,52.87,0
74.98,0.4156,0.1705,0.6837,385.84,62.98,1
22.06,0.1122,0.1242,0.2645,151.51,49.4,0
28.1,0.1314,0.1284,0.2019,172.42,54.53,0
21.6,0.1254,0.1163,0.2132,397.1,49.98,1
46.86,0.149,0.1488,0.217,257.33,57.27,0
73.58,0.1683,0.1582,0.2691,376.85,62.69,0
63.11,0.1913,0.1446,0.2918,346.47,60.23,0
53.81,0.1866,0.1377,0.2102,277.35,59.61,0
41.58,0.1661,0.0882,0.2437,247.17,55.19,0
70.1,0.1987,0.1459,0.2704,340.28,65.01,0
20.38,0.1536,0.1081,0.1927,136.15,49.45,0
47.32,0.1634,0.1256,0.167,247.4,57.02,0
38.68,0.1529,0.1114,0.2677,197.53,52.29,0
62.31,0.1951,0.1572,0.3499,314.54,61.63,0
68.96,0.1889,0.1231,0.281,366.91,62.15,0
62.66,0.1549,0.1459,0.2258,335.11,62.61,0
71.34,0.1935,0.1605,0.3293,360.9,62.46,0
58.35,0.1962,0.1203,0.266,286.24,58.31,0
56.18,0.1784,0.1206,0.2417,289.53,59.12,0
53.39,0.1706,0.1398,0.2763,503.77,55.59,1
34.37,0.1191,0.1087,0.2229,198.79,52.34,0
55.59,0.187,0.1128,0.2646,278.8,60.61,0
76.2,0.1775,0.1581,0.321,367.59,65.21,0
43.06,0.1786,0.1309,0.2666,219.92,55.9,0
66.01,0.1892,0.1509,0.2522,542.68,59.84,1
59.6,0.2067,0.1657,0.233,328.99,61.65,0
43.55,0.1777,0.1483,0.2861,209.03,53.71,0
75.5,0.1985,0.1448,0.3283,387.85,65.82,0
61.0,0.183,0.1325,0.2353,327.74,58.55,0
21.88,0.1437,0.0973,0.2413,135.65,50.31,0
61.94,0.1676,0.1596,0.2908,312.05,57.68,0
26.46,0.1864,0.1292,0.2086,201.22,54.09,0
50.74,0.1589,0.1484,0.2267,259.32,57.23,0
72.93,0.1996,0.167,0.2971,373.7,63.4,0
59.19,0.1675,0.1549,0.2849,314.96,59.67,0
50.78,0.1602,0.1407,0.2657,270.41,59.18,0
40.54,0.1582,0.1676,0.2447,231.47,55.84,0
59.18,0.2032,0.1365,0.3204,307.65,63.31,0
63.46,0.1962,0.1343,0.2779,336.32,62.22,0
51.04,0.173,0.1082,0.2223,282.2,56.88,0
52.61,0.2042,0.4264,0.2384,263.08,96.14,1
47.99,0.1365,0.1276,0.2735,247.85,53.72,0
27.44,0.1599,0.1339,0.1924,150.88,55.7,0
63.64,0.1462,0.1281,0.315,345.06,63.05,0
36.46,0.1454,0.1465,0.2198,213.85,55.19,0
52.35,0.1742,0.1464,0.2669,294.06,57.62,0
65.37,0.1829,0.133,0.31,326.74,61.39,0
45.29,0.1561,0.1468,0.2481,248.31,58.73,0
23.88,0.1385,0.145,0.1635,136.01,51.69,0
43.15,0.148,0.1135,0.2247,228.22,56.18,0
53.54,0.1609,0.1655,0.2575,282.56,58.82,0
77.9,0.2114,0.168,0.2887,387.96,62.72,0
43.41,0.1841,0.1556,0.2251,227.94,58.84,0
75.61,0.2522,0.159,0.3075,555.46,66.43,1
49.74,0.1564,0.1319,0.2372,254.1,58.73,0
67.59,0.1706,0.1638,0.3083,342.17,62.75,0
25.14,0.1301,0.1006,0.2149,141.63,49.1,0
30.18,0.1828,0.1276,0.2364,183.38,56.11,0
46.26,0.1513,0.1315,0.2578,264.47,54.45,0
35.49,0.1578,0.1107,0.2133,204.74,53.17,0
66.07,0.1641,0.1145,0.2816,354.28,60.64,0
65.97,0.21,0.1279,0.3361,337.81,62.35,0
30.06,0.1738,0.1101,0.2115,200.22,53.84,0
71.88,0.2047,0.1669,0.277,373.38,62.58,0
32.04,0.1635,0.1033,0.259,202.5,51.51,0
33.39,0.1468,0.115,0.2542,174.47,51.26,0
50.25,0.1566,0.0958,0.2553,272.82,59.59,0
42.34,0.1634,0.1245,0.2084,242.74,56.13,0
65.7,0.2026,0.1117,0.3048,318.08,62.31,0
73.11,0.1986,0.1766,0.256,663.2,63.72,1
52.44,0.1452,0.1361,0.2048,496.79,59.4,1
60.96,0.1848,0.1584,0.3204,333.4,57.36,0
53.19,0.1823,0.1296,0.2811,250.31,60.11,0
48.93,0.1525,0.1644,0.2377,257.53,53.78,0
58.83,0.1849,0.1122,0.2446,320.44,56.41,0
58.41,0.14,0.1641,0.3096,290.14,60.08,0
38.25,0.1972,0.1291,0.2703,186.63,57.23,0
33.43,0.1357,0.1256,0.2602,180.01,54.24,0
69.94,0.2347,0.1369,0.3443,327.74,64.19,0
63.63,0.1515,0.152,0.259,340.38,62.57,0
47.01,0.1855,0.1553,0.2373,233.3,56.18,0
47.22,0.5231,0.1137,0.8232,275.86,54.89,1
68.74,0.2014,0.1268,0.3483,351.78,62.95,0
38.84,0.2037,0.1548,0.2866,200.39,55.33,0
57.75,0.1641,0.1429,0.2725,300.45,60.24,0
52.22,0.1839,0.1054,0.2257,297.62,57.5,0
58.69,0.1627,0.1266,0.3045,311.04,60.16,0
55.84,0.1501,0.1265,0.2272,276.34,58.42,0
43.88,0.1667,0.1364,0.2512,235.44,54.83,0
59.81,0.1728,0.1237,0.2798,320.83,60.05,0
32.71,0.1413,0.1305,0.2356,169.57,52.17,0
72.08,0.1861,0.1691,0.2864,381.52,63.82,0
70.22,0.1806,0.1616,0.2545,614.85,61.99,1
38.24,0.1736,0.1308,0.2419,205.83,53.52,0
66.88,0.2239,0.1632,0.3137,355.75,62.91,0
74.15,0.2139,0.1513,0.2831,376.79,60.45,0
50.38,0.1632,0.1419,0.2686,261.92,56.2,0
29.62,0.1756,0.1089,0.2376,181.73,52.69,0
70.14,0.1696,0.1164,0.3333,359.69,61.39,0
23.06,0.1314,0.1119,0.1858,156.69,50.72,0
46.02,0.1657,0.1431,0.3223,257.73,54.35,0
25.28,0.1219,0.1287,0.2017,121.07,53.55,0
54.07,0.1705,0.154,0.3291,294.59,57.8,0
74.12,0.1927,0.1278,0.2949,367.9,63.14,0
49.12,0.1316,0.1484,0.258,253.77,55.14,0
48.63,0.2015,0.1683,0.2771,272.37,57.42,0
34.13,0.1319,0.1109,0.255,195.21,54.06,0
48.47,0.1326,0.1233,0.2028,241.04,55.85,0
56.01,0.175,0.171,0.3147,282.96,59.99,0
48.49,0.1777,0.1443,0.2243,270.78,55.26,0
48.24,0.1519,0.1589,0.292,240.34,55.94,0
43.59,0.1752,0.1252,0.2673,225.07,54.75,0
60.29,0.2328,0.713,0.2684,296.26,104.77,1
39.93,0.168,0.1281,0.2137,189.19,55.21,0
37.18,0.1459,0.1155,0.2856,214.4,57.34,0
28.35,0.1797,0.0902,0.2443,165.05,54.0,0
31.19,0.1325,0.0837,0.2246,179.12,50.92,0
46.69,0.1463,0.16,0.2338,260.49,57.57,0
57.83,0.1817,0.1286,0.292,294.21,58.22,0
68.84,0.1776,0.1677,0.2658,367.04,63.97,0
46.24,0.1523,0.1616,0.2492,269.6,55.34,0
26.41,0.1126,0.1374,0.1986,162.56,51.53,0
47.13,0.1264,0.1244,0.2792,259.03,56.51,0
35.91,0.1585,0.0975,0.2645,195.28,56.01,0
21.9,0.1148,0.1283,0.2603,138.41,48.71,0
58.89,0.1733,0.1586,0.2982,292.34,59.12,0
39.01,0.1383,0.1568,0.2354,214.36,54.92,0
45.34,0.1599,0.1047,0.2254,226.87,56.66,0
62.43,0.1697,0.1619,0.249,329.49,59.21,0
52.75,0.1916,0.172,0.1922,274.65,58.19,0
62.48,0.192,0.1403,0.2682,317.49,58.54,0
54.42,0.1718,0.1754,0.2357,295.12,55.95,0
65.38,0.2219,0.1536,0.2268,321.45,60.94,0
28.85,0.1675,0.1216,0.252,163.1,48.94,0
48.06,0.1474,0.1032,0.3034,268.57,57.05,0
73.74,0.2082,0.1711,0.2641,372.98,64.28,0
46.18,0.1495,0.1347,0.2134,220.26,57.58,0
46.69,0.1513,0.1579,0.239,472.46,55.42,1
69.17,0.1974,0.1703,0.3069,361.22,61.32,0
44.29,0.1958,0.1382,0.2547,229.54,54.07,0
49.95,0.1834,0.1545,0.2791,270.05,58.47,0
49.07,0.1925,0.1031,0.2636,266.79,57.03,0
29.03,0.1515,0.3905,0.2025,167.75,96.76,1
39.68,0.1438,0.0985,0.2089,192.02,52.79,0
63.83,0.1919,0.1714,0.2166,307.71,60.34,0
31.81,0.1397,0.1173,0.2102,181.81,54.62,0
46.91,0.1828,0.1403,0.2697,246.09,59.25,0
63.98,0.1902,0.1871,0.2345,331.41,62.08,0
73.98,0.2236,0.1656,0.3201,386.92,60.87,0
75.56,0.2053,0.1744,0.3177,374.54,64.31,0
51.58,0.1596,0.1139,0.2952,247.93,56.5,0
66.12,0.2105,0.1623,0.3239,336.63,62.37,0
30.49,0.1487,0.1106,0.2725,141.27,52.37,0
34.64,0.1412,0.0741,0.2494,209.5,56.02,0
77.62,0.1899,0.1436,0.3214,381.71,67.71,0
77.12,0.194,0.1734,0.2742,397.25,66.66,0
36.96,0.1219,0.0907,0.2641,210.53,53.13,0
74.39,0.1983,0.1691,0.2878,373.41,63.58,0
58.45,0.1681,0.156,0.2402,293.73,58.83,0
63.79,0.1846,0.1741,0.2969,320.25,62.27,0
49.99,0.1616,0.1589,0.2222,247.31,54.72,0
39.78,0.1755,0.1225,0.1886,206.03,54.85,0
47.58,0.1753,0.131,0.2903,230.52,53.81,0
70.97,0.1806,0.1475,0.3122,352.47,63.28,0
23.48,0.1262,0.1336,0.1955,124.82,51.81,0
32.7,0.1403,0.6967,0.2163,200.55,79.85,1
50.57,0.2093,0.1393,0.2389,255.75,56.09,0
22.0,0.1441,0.1316,0.2204,113.69,51.66,0
49.12,0.1474,0.0966,0.2251,256.22,55.4,0
33.65,0.1822,0.1321,0.2637,177.08,55.02,0
20.01,0.165,0.1285,0.1842,122.68,46.73,0
55.98,0.2088,0.1146,0.2952,313.35,58.16,0
60.08,0.1848,0.1678,0.26,332.3,62.19,0
75.18,0.1874,0.153,0.3125,385.32,65.67,0
33.6,0.1364,0.113,0.2361,216.18,53.31,0
59.75,0.1721,0.1614,0.3102,291.35,57.65,0
51.84,0.1522,0.1349,0.2196,262.98,60.91,0
63.21,0.2018,0.1863,0.2943,331.94,60.62,0
56.12,0.2066,0.1932,0.2945,437.31,59.07,1
69.48,0.2176,0.2,0.3439,356.23,63.52,0
51.39,0.1432,0.1203,0.2864,284.76,58.04,0
21.07,0.1326,0.1337,0.2319,166.07,50.38,0
47.15,0.176,0.1617,0.245,249.38,56.45,0
57.58,0.1702,0.1176,0.2675,276.68,62.34,0
51.74,0.1992,0.0975,0.2354,285.64,55.68,0
36.83,0.147,0.1355,0.2474,195.95,53.11,0
73.58,0.1894,0.1338,0.2561,342.26,65.35,0
73.22,0.1769,0.1969,0.3429,366.78,62.22,0
64.2,0.1792,0.1519,0.2888,336.99,60.86,0
76.09,0.1924,0.1599,0.2654,384.38,65.76,0
69.23,0.1685,0.1616,0.3071,357.98,62.83,0
70.79,0.1823,0.1477,0.2469,373.73,64.6,0
31.44,0.156,0.1074,0.2225,184.15,50.52,0
26.81,0.1745,0.1072,0.2018,170.15,53.19,0
70.28,0.185,0.1473,0.3221,385.65,62.12,0
77.19,0.1878,0.1619,0.2907,363.15,61.3,0
75.71,0.178,0.1587,0.2797,394.53,65.65,0
36.67,0.1679,0.1584,0.2738,179.89,53.27,0
46.68,0.1527,0.1468,0.2415,240.48,57.65,0
28.64,0.1221,0.1062,0.255,158.12,50.97,0
32.73,0.1579,0.1253,0.2131,182.54,52.47,0
21.76,0.107,0.0911,0.2518,137.82,50.58,0
71.98,0.2189,0.1312,0.2813,367.44,63.84,0
27.43,0.1347,0.1532,0.2458,159.24,49.68,0
29.95,0.1579,0.0977,0.2664,191.08,52.77,0
59.62,0.1878,0.1479,0.2813,562.6,59.94,1
34.86,0.1275,0.1341,0.2356,181.36,52.36,0
70.65,0.1988,0.1456,0.2964,353.3,63.34,0
48.29,0.1637,0.1329,0.3171,240.77,56.51,0
25.98,0.1379,0.1294,0.3145,174.84,50.7,0
66.02,0.1519,0.1594,0.1968,356.61,60.66,0
76.55,0.2127,0.177,0.2801,368.04,64.19,0
58.07,0.2089,0.1348,0.2823,279.6,58.0,0
62.88,0.1882,0.1483,0.3061,312.81,61.85,0
56.68,0.1457,0.1604,0.272,278.68,58.97,0
21.95,0.149,0.0718,0.2569,125.76,51.58,0
26.69,0.1299,0.1521,0.2253,159.05,50.23,0
27.59,0.1301,0.1738,0.1973,181.8,51.25,0
67.28,0.1677,0.1864,0.2681,361.23,62.43,0
39.23,0.1652,0.1244,0.2418,210.54,52.97,0
29.78,0.1513,0.1219,0.2105,158.46,52.14,0
26.76,0.1437,0.1132,0.2717,152.57,52.19,0
74.9,0.2042,0.1521,0.2488,398.69,63.57,0
65.52,0.1685,0.1501,0.2452,351.67,61.87,0
76.02,0.1872,0.1518,0.31,412.97,65.58,0
46.38,0.1439,0.1079,0.2797,259.88,55.26,0
71.16,0.1669,0.1431,0.2998,354.23,64.76,0
76.77,0.1829,0.1765,0.2804,397.51,63.94,0
54.59,0.3868,0.1764,0.7062,275.49,60.46,1
63.85,0.174,0.1221,0.3169,322.58,58.31,0
52.44,0.179,0.1407,0.2185,280.2,61.27,0
29.87,0.1565,0.1034,0.339,178.02,53.02,0
61.96,0.1773,0.1246,0.2561,328.83,59.92,0
42.97,0.1513,0.1229,0.2211,237.61,55.16,0
64.44,0.173,0.1493,0.2733,341.66,62.33,0
66.59,0.2095,0.1781,0.2558,326.98,61.2,0
47.99,0.1833,0.1044,0.2671,252.68,58.53,0
76.84,0.1907,0.1558,0.2839,408.3,62.36,0
68.17,0.2307,0.1274,0.2922,375.38,63.34,0
62.26,0.1802,0.1561,0.283,334.1,59.98,0
41.74,0.1776,0.1445,0.2277,447.76,58.37,1
60.46,0.1892,0.1507,0.272,313.29,60.13,0
55.43,0.1429,0.1413,0.2563,269.46,59.07,0
52.79,0.1502,0.1508,0.2753,294.03,57.06,0
23.71,0.1637,0.124,0.2543,125.87,50.53,0
65.81,0.1731,0.1487,0.3273,347.41,59.45,0
28.05,0.4002,0.1003,0.9469,138.34,53.6,1
36.31,0.1485,0.1185,0.1729,218.22,53.02,0
33.61,0.1683,0.1255,0.2616,200.3,51.6,0
44.85,0.126,0.1466,0.2903,242.28,59.97,0
75.56,0.201,0.1879,0.2796,380.23,66.17,0
57.26,0.176,0.1492,0.3048,298.97,59.47,0
26.67,0.1342,0.1589,0.1988,144.75,51.29,0
40.06,0.1522,0.1209,0.2358,226.74,54.33,0
46.92,0.1932,0.1713,0.2293,233.67,57.38,0
71.01,0.209,0.1534,0.3008,377.85,63.96,0
60.21,0.2085,0.7333,0.2916,311.82,112.95,1
39.31,0.1497,0.1221,0.2133,223.12,54.46,0
56.24,0.1635,0.1498,0.298,282.92,61.86,0
30.93,0.105,0.1127,0.2457,184.11,54.27,0
58.12,0.1481,0.1164,0.3113,279.58,58.16,0
75.44,0.1992,0.1353,0.2771,365.86,62.31,0
66.78,0.2086,0.1786,0.2691,342.07,62.31,0
60.94,0.1652,0.1585,0.3046,327.52,60.19,0
47.94,0.1393,0.1528,0.1945,274.55,55.95,0
47.9,0.1848,0.1314,0.196,214.06,58.46,0
61.61,0.1797,0.1777,0.282,304.38,61.92,0
60.11,0.1488,0.1388,0.2715,325.79,61.94,0
70.95,0.1744,0.1619,0.2798,356.95,62.13,0
59.62,0.2172,0.1546,0.2652,329.58,59.07,0
26.1,0.1397,0.1621,0.1846,156.89,47.56,0
56.55,0.1852,0.1276,0.2669,300.08,59.09,0
28.74,0.1044,0.1418,0.256,147.3,54.2,0
73.53,0.2,0.1763,0.3382,359.82,65.65,0
42.18,0.1638,0.1692,0.2494,240.7,55.29,0
72.65,0.1518,0.1857,0.2728,393.41,60.37,0
54.09,0.1675,0.1225,0.2484,289.08,60.92,0
22.62,0.1345,0.4067,0.1704,124.75,77.83,1
40.78,0.1591,0.112,0.2681,226.92,54.43,0
21.76,0.138,0.0889,0.2154,143.25,49.15,0
40.56,0.1339,0.1327,0.2477,241.01,56.09,0
34.56,0.17,0.0859,0.1915,191.7,53.98,0
35.67,0.1441,0.128,0.2419,218.52,53.48,0
77.38,0.1861,0.1385,0.3284,410.02,64.33,0
22.62,0.1562,0.1245,0.1874,141.46,50.44,0
37.4,0.1732,0.1187,0.2428,225.04,54.15,0
62.24,0.2071,0.1149,0.2867,295.95,62.24,0
67.86,0.1836,0.1592,0.2903,363.14,61.28,0
28.84,0.1337,0.1274,0.203,168.91,53.21,0
76.79,0.2021,0.1435,0.2808,393.78,61.91,0
69.39,0.2149,0.1481,0.3336,373.7,65.84,0
37.43,0.1391,0.113,0.2617,214.73,52.94,0
21.74,0.1226,0.0995,0.2154,142.07,49.6,0
24.02,0.1369,0.1517,0.2434,127.38,48.73,0
26.63,0.1665,0.1264,0.2192,149.1,50.01,0
72.21,0.1466,0.2028,0.3252,393.96,63.92,0
25.31,0.169,0.115,0.2116,150.11,52.74,0
52.65,0.1567,0.1493,0.2643,273.76,61.6,0
77.15,0.2224,0.1545,0.3475,366.22,62.7,0
56.77,0.1437,0.1344,0.2345,304.68,57.07,0
54.52,0.1771,0.1677,0.3512,285.55,60.23,0
33.54,0.146,0.1448,0.2423,171.62,52.53,0
21.6,0.1391,0.1079,0.238,143.75,51.81,0
76.87,0.2167,0.1717,0.3149,379.26,65.0,0
60.32,0.2,0.1174,0.2771,349.18,58.22,0
53.95,0.2174,0.1338,0.2875,287.09,59.01,0
43.5,0.1946,0.146,0.2647,247.94,56.03,0
48.05,0.1951,0.1621,0.2496,283.42,55.56,0
75.53,0.1976,0.1913,0.3467,392.58,63.36,0
50.72,0.1557,0.1191,0.2639,275.0,58.7,0
23.02,0.1458,0.1214,0.192,163.53,49.55,0
45.56,0.1681,0.1482,0.2153,251.77,54.93,0
42.76,0.1871,0.1259,0.2347,237.99,51.71,0
38.89,0.1414,0.1263,0.2507,226.96,53.66,0
31.31,0.1653,0.099,0.2851,148.16,54.29,0
53.92,0.1661,0.129,0.257,282.19,57.67,0
35.27,0.1508,0.1139,0.2753,191.73,55.96,0
23.32,0.1472,0.1151,0.1653,144.59,51.77,0
29.46,0.1534,0.1081,0.1979,193.96,54.09,0
45.95,0.1876,0.1418,0.2258,244.15,56.54,0
37.04,0.1148,0.102,0.299,168.84,55.41,0
52.47,0.1659,0.1339,0.2369,265.17,60.46,0
27.28,0.1213,0.1023,0.2406,150.92,51.47,0
36.02,0.1561,0.158,0.3127,221.02,54.26,0
46.06,0.1883,0.1177,0.2678,270.22,54.92,0
29.62,0.1515,0.099,0.2479,159.66,53.12,0
61.95,0.611,0.1305,0.7855,326.33,58.02,1
68.14,0.1851,0.1438,0.3132,322.07,61.34,0
21.04,0.1706,0.1206,0.2346,156.09,49.48,0
38.05,0.1356,0.1197,0.2085,203.47,56.28,0
21.71,0.1384,0.1527,0.1842,146.28,49.74,0
47.64,0.1516,0.1491,0.2386,223.99,56.21,0
69.62,0.1881,0.7061,0.2529,364.34,112.56,1
41.64,0.1842,0.1564,0.2507,204.14,54.42,0
39.92,0.1416,0.1065,0.2456,209.27,54.07,0
45.17,0.1562,0.132,0.2447,237.28,56.89,0
50.22,0.1423,0.1254,0.2376,254.6,58.57,0
36.86,0.1495,0.1257,0.2656,233.63,55.63,0
44.76,0.1374,0.1237,0.2941,223.47,55.64,0
36.21,0.1543,0.1567,0.2792,187.21,58.18,0
24.15,0.1602,0.1533,0.1816,141.38,49.7,0
24.23,0.1436,0.1026,0.1782,145.75,51.56,0
46.57,0.1529,0.1517,0.2826,235.24,56.6,0
47.63,0.1656,0.1317,0.2481,252.29,59.77,0
50.14,0.1459,0.1433,0.2337,267.02,58.04,0
55.99,0.1565,0.1464,0.286,316.69,60.31,0
51.66,0.1681,0.1488,0.2401,287.51,61.42,0
60.86,0.2234,0.1438,0.271,306.79,60.22,0
43.83,0.1606,0.1398,0.1802,224.32,55.79,0
77.08,0.2114,0.1549,0.314,398.25,62.04,0
64.08,0.1805,0.1683,0.259,335.26,62.7,0
31.15,0.1768,0.1072,0.2151,167.96,52.17,0
54.87,0.1774,0.1449,0.2789,306.96,58.84,0
66.16,0.1885,0.1905,0.2209,343.36,58.57,0
35.16,0.4124,0.1784,0.9609,183.79,54.05,1
44.19,0.1327,0.1281,0.2345,253.56,59.19,0
28.04,0.169,0.0987,0.1784,166.74,51.73,0
32.83,0.1666,0.1048,0.2727,199.06,52.99,0
52.85,0.1775,0.1592,0.2642,248.23,56.64,0
60.38,0.1884,0.1464,0.2642,287.32,58.32,0
52.0,0.176,0.7093,0.2178,287.54,85.68,1
20.47,0.1143,0.1161,0.2482,108.13,51.71,0
52.83,0.125,0.1469,0.2359,273.58,56.64,0
45.85,0.1724,0.1595,0.2908,217.95,56.11,0
47.92,0.1986,0.1392,0.2736,274.38,57.28,0
22.47,0.1453,0.101,0.2509,124.83,49.17,0
41.94,0.1282,0.1533,0.2029,219.43,55.5,0
23.66,0.1206,0.1389,0.2629,134.8,50.67,0
45.3,0.1635,0.104,0.198,263.26,56.82,0
21.43,0.1762,0.113,0.202,148.54,49.21,0
69.75,0.1886,0.1552,0.2967,375.24,62.96,0
25.81,0.1508,0.1415,0.2244,158.5,51.03,0
63.65,0.17,0.1654,0.2655,329.49,60.82,0
50.86,0.1583,0.1205,0.292,260.78,59.34,0
61.82,0.1605,0.1284,0.3273,343.13,62.73,0
65.49,0.2136,0.1567,0.3054,340.05,57.91,0
40.37,0.1631,0.1437,0.2151,224.0,55.92,0
31.14,0.1611,0.1079,0.2361,171.22,52.49,0
21.51,0.1097,0.1057,0.2341,114.85,47.65,0
74.88,0.1805,0.1978,0.3071,385.9,64.48,0
38.57,0.1429,0.1307,0.1908,223.79,56.21,0
74.23,0.2033,0.1427,0.2751,384.54,61.8,0
57.55,0.1605,0.1774,0.2919,276.23,57.26,0
27.47,0.1192,0.0966,0.2294,163.87,53.02,0
42.98,0.183,0.1181,0.2535,228.82,55.81,0
66.92,0.1737,0.1485,0.2707,356.85,61.4,0
44.9,0.1864,0.1448,0.2184,251.42,58.3,0
47.11,0.1545,0.1288,0.2342,255.19,57.06,0
70.22,0.1963,0.1643,0.293,346.79,63.16,0
45.5,0.1676,0.0983,0.2294,222.5,57.08,0
29.41,0.1454,0.1445,0.1683,148.9,50.59,0
31.58,0.1179,0.1448,0.2185,137.7,53.47,0
51.28,0.1613,0.0709,0.2342,274.63,55.3,0
29.41,0.1569,0.0938,0.2148,166.59,50.84,0
53.6,0.156,0.1308,0.3025,269.01,58.66,0
35.24,0.1516,0.107,0.2521,208.01,52.66,0
20.02,0.1493,0.1012,0.2247,126.1,50.53,0
62.3,0.1869,0.1638,0.2849,334.42,58.72,0
67.3,0.1974,0.1489,0.2666,375.45,62.82,0
75.43,0.1956,0.1402,0.2768,381.83,64.82,0
40.69,0.1176,0.1341,0.2682,217.89,53.22,0
27.46,0.1373,0.1129,0.257,171.9,51.23,0
44.04,0.1319,0.136,0.2353,250.15,54.4,0
66.45,0.1847,0.1762,0.2886,333.51,62.05,0
74.95,0.2067,0.1254,0.3271,359.24,62.59,0
28.19,0.1705,0.1269,0.2557,162.08,52.22,0
41.03,0.1768,0.0768,0.1729,234.91,55.39,0
44.27,0.1765,0.1213,0.3165,246.44,53.72,0
61.37,0.1763,0.1592,0.2941,306.99,59.99,0
70.38,0.1924,0.17,0.2555,381.7,64.66,0
51.89,0.1905,0.1298,0.2633,260.65,57.52,0
47.55,0.197,0.1382,0.2278,250.12,59.9,0
36.91,0.1637,0.1214,0.2572,192.83,55.89,0
26.03,0.1502,0.1123,0.2155,156.52,54.16,0
32.91,0.1681,0.1142,0.2934,170.86,53.59,0
66.47,0.2046,0.1701,0.2635,331.72,64.35,0
66.65,0.2182,0.1208,0.2772,353.43,63.88,0
39.96,0.1493,0.1388,0.2615,218.17,55.98,0
26.88,0.1383,0.0841,0.2174,156.75,52.11,0
70.98,0.206,0.1628,0.3193,374.41,60.74,0
37.23,0.1352,0.1308,0.2051,208.63,56.01,0
75.09,0.2135,0.1568,0.2891,397.18,61.21,0
40.14,0.1769,0.1873,0.2919,218.69,55.0,0
71.41,0.1767,0.1767,0.3063,361.21,63.09,0
28.55,0.166,0.1629,0.2047,162.64,49.63,0
46.74,0.1613,0.127,0.2864,250.28,56.59,0
54.94,0.1817,0.0927,0.2738,275.21,58.2,0
43.63,0.1914,0.123,0.1769,238.43,55.64,0
58.33,0.1735,0.1528,0.2582,289.03,58.88,0
74.37,0.191,0.1525,0.3711,383.75,62.62,0
47.33,0.1865,0.1609,0.2094,261.04,55.94,0
53.75,0.199,0.1552,0.2891,272.26,60.67,0
31.11,0.1426,0.1312,0.2299,164.47,52.97,0
43.68,0.137,0.1406,0.27,209.69,56.6,0
39.9,0.1986,0.1233,0.282,221.72,56.7,0
70.34,0.2185,0.1436,0.2991,364.13,62.21,0
24.47,0.1157,0.0872,0.2442,140.63,49.71,0
30.86,0.1512,0.1349,0.2574,155.43,55.66,0
71.71,0.2255,0.1433,0.2411,349.49,60.05,0
59.38,0.203,0.1884,0.3104,305.29,58.07,0
49.21,0.206,0.1075,0.2413,290.28,59.85,0
75.61,0.1882,0.1195,0.2957,376.31,65.25,0
62.81,0.1847,0.1777,0.2944,314.55,60.11,0
63.88,0.1389,0.1645,0.2414,335.5,60.25,0
35.07,0.1693,0.1142,0.2385,182.94,51.15,0
31.55,0.6125,0.1084,0.89,168.42,51.0,1
57.23,0.2053,0.1203,0.2328,306.77,59.49,0
55.9,0.1942,0.1567,0.309,306.53,57.66,0
53.55,0.1922,0.1413,0.232,500.76,57.34,1
53.39,0.1733,0.1545,0.2716,269.64,57.78,0
24.29,0.1351,0.1208,0.2178,158.32,52.19,0
36.67,0.158,0.1139,0.2578,205.57,53.42,0
28.36,0.1464,0.1052,0.1799,134.44,51.81,0
28.0,0.1622,0.1238,0.1829,161.79,52.2,0
75.54,0.1798,0.1365,0.3362,351.77,62.87,0
48.82,0.1795,0.1585,0.233,257.02,58.55,0
39.56,0.1891,0.1125,0.2268,237.8,53.87,0
55.67,0.1663,0.1593,0.2812,292.19,60.11,0
44.65,0.164,0.134,0.2176,244.23,55.65,0
26.92,0.1343,0.1279,0.1841,142.96,54.88,0
22.47,0.1281,0.1195,0.2604,142.79,49.37,0
71.59,0.182,0.1388,0.3103,353.67,60.28,0
31.13,0.1367,0.124,0.2725,157.04,54.36,0
61.8,0.1861,0.1313,0.2903,324.39,60.46,0
64.76,0.1693,0.1683,0.2549,340.66,61.09,0
32.87,0.1318,0.1213,0.2104,193.88,52.84,0
44.24,0.1844,0.1384,0.2209,252.13,56.22,0
62.48,0.1856,0.1699,0.2486,320.57,59.62,0
73.32,0.1771,0.1679,0.321,388.65,62.43,0
38.03,0.162,0.1209,0.2345,208.53,52.45,0
35.21,0.1875,0.1182,0.2345,199.37,55.58,0
63.68,0.2226,0.1803,0.2904,337.08,61.4,0
70.21,0.2157,0.1734,0.2767,353.64,61.76,0
72.44,0.2195,0.208,0.3101,355.48,64.84,0
27.4,0.1723,0.1342,0.1743,127.27,53.02,0
54.2,0.1674,0.1658,0.232,293.27,57.81,0
29.68,0.1854,0.1089,0.2043,167.92,54.0,0
25.89,0.1515,0.1306,0.231,130.38,52.88,0
76.04,0.1809,0.155,0.3718,393.87,63.53,0
25.91,0.1313,0.0821,0.1635,155.22,50.98,0
50.56,0.1658,0.1154,0.2449,300.34,58.11,0
60.9,0.1925,0.1594,0.2606,311.88,60.13,0
20.54,0.1462,0.1434,0.232,106.72,51.19,0
38.41,0.1424,0.1306,0.2548,230.38,55.94,0
51.96,0.1328,0.1789,0.3077,270.0,58.75,0
27.69,0.1881,0.125,0.207,157.97,55.17,0
51.11,0.1823,0.1243,0.269,272.77,58.09,0
34.72,0.1823,0.1147,0.2346,189.18,52.43,0
47.07,0.1634,0.1692,0.231,272.55,55.62,0
35.36,0.1492,0.135,0.2535,195.85,52.09,0
68.91,0.2034,0.1548,0.2407,351.8,60.98,0
61.65,0.1789,0.1474,0.2698,479.58,63.75,1
74.88,0.1912,0.1937,0.3593,371.52,62.03,0
77.11,0.2072,0.1679,0.2665,386.68,64.08,0
67.16,0.1485,0.1445,0.3066,363.35,62.34,0
27.17,0.1692,0.1057,0.3118,158.13,47.84,0
61.41,0.1626,0.1464,0.2202,304.05,63.26,0
46.18,0.1548,0.1278,0.2294,230.66,57.59,0
59.3,0.1628,0.1604,0.2918,275.26,60.21,0
53.8,0.1583,0.1127,0.238,305.88,58.32,0
67.74,0.1817,0.1455,0.2979,330.18,66.45,0
62.96,0.1966,0.126,0.2964,324.49,60.89,0
56.36,0.1932,0.1255,0.2241,289.1,58.19,0
77.16,0.2025,0.1903,0.2852,381.3,64.0,0
23.18,0.1487,0.1118,0.2337,138.7,50.4,0
76.76,0.1812,0.1419,0.2507,395.98,64.29,0
77.14,0.1918,0.1293,0.3584,388.5,64.31,0
70.42,0.2081,0.1613,0.3123,335.34,62.98,0
30.25,0.1483,0.1147,0.1759,190.04,51.68,0
30.07,0.1809,0.1471,0.233,184.95,54.0,0
33.2,0.1255,0.1483,0.267,166.02,51.11,0
59.59,0.2248,0.152,0.258,305.44,62.05,0
65.24,0.1906,0.1387,0.2878,330.63,61.53,0
27.64,0.1358,0.1384,0.2095,145.62,51.77,0
63.03,0.1744,0.1512,0.2815,311.46,60.32,0
70.31,0.1708,0.1587,0.3018,361.86,65.3,0
62.2,0.1689,0.1503,0.3112,330.43,61.52,0
63.22,0.1885,0.1455,0.3491,337.42,60.58,0
45.57,0.1806,0.1134,0.2569,242.27,56.03,0
27.42,0.1522,0.1388,0.1472,157.22,55.12,0
60.68,0.2052,0.1649,0.2967,560.09,62.26,1
28.54,0.1215,0.1432,0.237,127.4,54.71,0
38.45,0.1683,0.1007,0.2524,217.49,55.16,0
69.92,0.202,0.1752,0.3358,326.76,62.89,0
58.39,0.1981,0.1439,0.2795,304.4,59.11,0
35.77,0.1237,0.1312,0.2926,194.65,52.37,0
26.19,0.1408,0.1237,0.2031,156.27,53.72,0
47.39,0.1574,0.1306,0.2516,262.29,56.42,0
38.66,0.1609,0.1658,0.2166,214.28,56.09,0
25.84,0.1355,0.1061,0.2132,168.86,49.99,0
34.79,0.1498,0.0986,0.2289,208.73,54.4,0
60.02,0.1738,0.1232,0.2517,342.03,58.6,0
28.48,0.1276,0.1107,0.1771,141.74,50.63,0
75.06,0.1911,0.1388,0.2672,383.95,65.61,0
48.93,0.1637,0.1555,0.2857,243.95,58.53,0
41.38,0.1604,0.1025,0.2564,221.96,53.85,0
26.98,0.1259,0.0776,0.2068,346.56,52.12,1
44.62,0.1826,0.1433,0.2572,225.82,56.42,0
35.98,0.1664,0.1352,0.2386,204.44,54.47,0
20.31,0.1704,0.1057,0.2763,133.69,48.57,0
60.52,0.1519,0.1456,0.3417,281.33,61.81,0
27.63,0.1518,0.0966,0.2355,151.41,53.29,0
73.04,0.2441,0.1496,0.2879,378.57,65.8,0
59.27,0.1928,0.1394,0.3109,308.02,55.51,0
22.76,0.1437,0.1007,0.2235,134.33,49.25,0
59.94,0.162,0.1856,0.2767,318.72,60.06,0
29.83,0.1276,0.1386,0.2173,167.59,51.33,0
53.93,0.1466,0.1538,0.2765,272.79,58.97,0
46.7,0.1727,0.1323,0.2497,242.51,55.02,0
33.35,0.1424,0.1246,0.2516,190.29,50.5,0
40.5,0.1393,0.1458,0.2626,210.08,55.67,0
71.92,0.1856,0.1541,0.2799,403.93,61.47,0
26.97,0.1549,0.1491,0.1966,163.01,52.2,0
38.02,0.1456,0.1098,0.2097,211.53,53.69,0
35.47,0.1171,0.1356,0.2688,198.27,55.27,0
43.08,0.1472,0.1333,0.2548,233.73,51.91,0
74.87,0.224,0.1246,0.2792,370.99,61.9,0
65.18,0.196,0.1491,0.2307,328.0,63.11,0
58.8,0.1718,0.1384,0.2715,305.61,61.31,0
40.58,0.1607,0.1231,0.2536,247.0,55.31,0
75.46,0.2013,0.1129,0.3674,369.67,61.51,0
45.46,0.1683,0.1523,0.2665,235.79,55.57,0
71.75,0.2078,0.1606,0.284,369.57,61.22,0
37.14,0.1861,0.1395,0.2141,219.83,55.16,0
69.32,0.1938,0.1426,0.2531,353.86,63.75,0
40.84,0.1696,0.1368,0.2173,213.61,51.47,0
40.54,0.1526,0.1162,0.2047,232.27,57.22,0
71.83,0.2149,0.1373,0.3429,357.49,61.13,0
41.94,0.187,0.0967,0.2696,264.19,52.65,0
65.95,0.1771,0.1444,0.2815,346.2,62.48,0
30.01,0.44,0.0969,0.8229,166.39,50.91,1
26.77,0.18,0.112,0.2266,149.21,49.12,0
65.43,0.2006,0.1181,0.2647,349.35,62.46,0
77.35,0.217,0.1168,0.3485,393.3,64.3,0
74.57,0.1651,0.1283,0.289,405.39,62.77,0
75.38,0.2067,0.1673,0.2752,384.75,64.15,0
28.31,0.1488,0.113,0.2047,144.9,51.44,0
63.09,0.1932,0.1604,0.3196,322.32,62.29,0
53.62,0.137,0.1275,0.2853,271.71,56.0,0
40.37,0.1288,0.1162,0.2344,224.53,54.21,0
33.56,0.1016,0.1357,0.205,178.91,52.58,0
42.0,0.1658,0.434,0.2357,221.74,85.62,1
42.78,0.1496,0.1463,0.2766,228.28,52.28,0
25.11,0.1277,0.1306,0.2923,145.87,48.37,0
58.96,0.1783,0.1408,0.264,324.13,59.12,0
35.82,0.1483,0.148,0.2316,368.3,50.82,1
50.87,0.1762,0.1359,0.3039,275.59,56.3,0
60.42,0.1785,0.1326,0.3017,316.65,61.5,0
21.73,0.1311,0.112,0.241,141.7,48.1,0
45.47,0.1575,0.1175,0.264,237.95,56.36,0
25.01,0.186,0.1243,0.1702,157.39,50.75,0
51.38,0.2187,0.1833,0.2806,255.49,56.44,0
47.2,0.1743,0.1349,0.2115,235.67,53.61,0
40.71,0.1626,0.1209,0.2452,218.79,57.08,0
36.2,0.1497,0.1493,0.2153,195.74,53.09,0
53.32,0.1738,0.1336,0.2722,277.23,57.1,0
52.13,0.1905,0.1222,0.2784,248.09,57.97,0
45.94,0.1846,0.1515,0.2644,237.87,56.68,0
72.35,0.2186,0.1688,0.3172,377.7,63.03,0
35.06,0.1396,0.1253,0.2601,179.92,55.18,0
62.05,0.1804,0.1452,0.2334,310.99,60.2,0
67.17,0.1837,0.1327,0.2559,363.59,63.32,0
66.33,0.2104,0.1555,0.3017,327.85,61.3,0
30.56,0.1349,0.1111,0.2229,182.27,56.15,0
56.94,0.1956,0.1605,0.2697,300.36,59.52,0
69.79,0.1704,0.1691,0.3138,343.08,62.43,0
56.76,0.149,0.1338,0.2894,302.46,56.84,0
22.63,0.1259,0.1255,0.2087,131.84,51.33,0
65.54,0.176,0.146,0.2579,332.02,63.3,0
28.88,0.155,0.0908,0.2108,132.27,54.77,0
54.38,0.1555,0.1645,0.2573,278.79,58.04,0
62.24,0.1761,0.1404,0.2745,320.83,61.8,0
31.86,0.1581,0.0952,0.2189,186.48,53.9,0
28.64,0.182,0.0892,0.2883,156.52,53.75,0
76.42,0.2313,0.1787,0.2459,409.13,63.17,0
72.46,0.1583,0.1625,0.3521,358.04,60.41,0
72.21,0.1948,0.1285,0.2992,378.63,62.23,0
24.96,0.1288,0.6064,0.2168,151.38,83.9,1
55.17,0.1458,0.1278,0.2762,274.12,57.93,0
41.53,0.1731,0.0896,0.3074,210.46,55.49,0
21.86,0.115,0.1338,0.2067,114.67,50.65,0
74.55,0.2232,0.1613,0.3439,381.51,63.42,0
23.56,0.1506,0.1144,0.2254,138.08,51.3,0
29.49,0.1724,0.1151,0.2052,165.51,51.44,0
38.21,0.155,0.1183,0.204,209.94,55.14,0
36.52,0.1918,0.1144,0.2519,187.28,53.91,0
55.48,0.2117,0.1638,0.2857,291.78,61.84,0
69.55,0.1878,0.1634,0.3227,354.91,64.54,0
43.86,0.1597,0.1208,0.256,212.21,56.78,0
31.35,0.1682,0.1308,0.2027,177.63,52.17,0
40.7,0.1442,0.1002,0.2663,229.3,53.71,0
32.38,0.1746,0.1151,0.2205,163.73,53.91,0
26.02,0.1513,0.1184,0.235,169.58,51.46,0
75.43,0.1924,0.0974,0.301,379.53,64.25,0
57.33,0.1514,0.1638,0.2988,300.9,58.21,0
22.22,0.1467,0.108,0.1766,133.13,50.52,0
26.1,0.1179,0.1353,0.1725,164.74,51.57,0
24.57,0.1738,0.0922,0.2328,171.36,51.44,0
43.73,0.1487,0.1484,0.2571,242.86,57.95,0
65.7,0.1873,0.1382,0.2512,337.64,60.87,0
74.5,0.1988,0.1806,0.3525,366.98,63.71,0
35.68,0.1442,0.1539,0.2612,189.92,56.67,0
54.79,0.2081,0.1353,0.2819,259.61,60.03,0
25.32,0.1603,0.1351,0.2711,134.83,54.08,0
52.38,0.1674,0.1158,0.2906,286.02,57.11,0
67.6,0.1758,0.1665,0.2433,612.56,62.98,1
28.42,0.6214,0.1131,0.9483,170.63,53.33,1
32.11,0.1772,0.1174,0.1964,209.51,53.98,0
22.39,0.1702,0.125,0.2274,125.75,52.92,0
60.47,0.1726,0.1314,0.3102,304.05,56.84,0
77.18,0.2072,0.156,0.2724,389.05,66.21,0
33.04,0.1639,0.1303,0.2452,175.82,55.64,0
26.82,0.1756,0.114,0.2566,158.19,51.26,0
52.47,0.1996,0.1096,0.2805,290.99,57.48,0
67.97,0.1841,0.1451,0.3319,351.25,64.34,0
57.83,0.2001,0.6209,0.302,314.51,95.25,1
54.21,0.1946,0.1715,0.2348,278.9,59.23,0
21.51,0.1425,0.1275,0.2267,119.54,51.13,0
28.1,0.1366,0.1413,0.3092,141.76,50.94,0
57.23,0.1519,0.1173,0.3248,266.25,59.15,0
63.43,0.2231,0.1292,0.3252,337.97,58.76,0
67.22,0.2007,0.1428,0.2875,342.75,61.65,0
68.89,0.2138,0.1432,0.3107,328.04,61.03,0
61.28,0.1519,0.1421,0.2772,293.8,59.48,0
65.02,0.1843,0.157,0.2535,332.25,59.19,0
45.93,0.1756,0.1664,0.2411,221.76,59.24,0
33.01,0.1545,0.1143,0.2325,194.17,54.11,0
62.97,0.1766,0.1469,0.2957,323.07,61.15,0
26.3,0.1547,0.1387,0.2306,150.88,49.95,0
26.07,0.128,0.1251,0.2091,133.84,51.03,0
46.2,0.1689,0.1233,0.2999,253.38,56.36,0
56.63,0.1709,0.1265,0.2745,288.98,58.89,0
67.48,0.232,0.1488,0.3281,332.22,61.23,0
37.75,0.1473,0.1527,0.29,540.49,54.15,1
58.17,0.1962,0.1639,0.2331,293.79,60.77,0
52.33,0.1658,0.1318,0.2312,279.12,58.05,0
24.44,0.1444,0.1165,0.2075,142.74,51.13,0
39.04,0.1412,0.1469,0.2336,236.43,55.08,0
69.63,0.2027,0.1808,0.3737,348.99,63.1,0
68.65,0.1724,0.1943,0.2316,340.89,61.21,0
69.08,0.1505,0.1669,0.3142,606.12,63.59,1
57.98,0.1986,0.1287,0.3092,285.31,59.94,0
53.18,0.1613,0.1335,0.2255,262.09,58.8,0
46.58,0.1961,0.1516,0.2887,254.2,57.67,0
45.97,0.158,0.1611,0.2606,245.96,56.85,0
24.59,0.1358,0.0722,0.1935,134.61,51.21,0
34.59,0.1374,0.128,0.1847,193.21,51.43,0
74.22,0.2028,0.1741,0.3572,365.49,63.32,0
37.64,0.1409,0.1274,0.2651,195.13,54.82,0
63.67,0.1942,0.1767,0.2142,316.0,60.46,0
53.8,0.1825,0.1194,0.2851,264.34,57.79,0
41.49,0.1498,0.1047,0.2477,230.14,53.4,0
23.99,0.1454,0.1499,0.2355,143.35,53.83,0
24.3,0.1332,0.1415,0.2469,129.38,51.99,0
48.91,0.173,0.1448,0.2354,241.05,57.59,0
46.06,0.1862,0.1224,0.2294,232.2,56.94,0
50.86,0.1842,0.1195,0.2422,277.2,55.8,0
48.32,0.1485,0.1418,0.2932,280.63,58.17,0
67.36,0.1633,0.176,0.243,352.18,64.05,0
25.12,0.1471,0.1197,0.2614,152.06,52.65,0
63.89,0.2077,0.1622,0.2832,332.81,60.59,0
22.99,0.3902,0.1152,0.6122,153.82,50.81,1
51.41,0.184,0.1213,0.2904,269.53,59.53,0
52.79,0.1502,0.1121,0.2711,288.98,61.2,0
43.91,0.1475,0.1525,0.2653,224.12,53.42,0
49.72,0.1667,0.1516,0.2653,242.07,58.11,0
27.08,0.1368,0.1273,0.1855,154.2,50.53,0
32.42,0.1317,0.1379,0.1975,195.1,55.46,0
67.85,0.214,0.1138,0.3098,348.21,59.59,0
69.49,0.2005,0.1342,0.272,344.95,62.88,0
49.32,0.1766,0.1469,0.2544,256.72,58.56,0
30.54,0.1634,0.1619,0.2566,181.4,51.04,0
65.16,0.1767,0.1488,0.333,330.12,62.36,0
57.75,0.15,0.1347,0.273,315.24,61.24,0
61.39,0.1699,0.1364,0.2498,322.41,60.47,0
38.6,0.1656,0.1238,0.1866,196.63,53.81,0
51.45,0.1585,0.1607,0.2386,282.82,57.46,0
26.95,0.1483,0.1354,0.3066,132.51,50.75,0
43.95,0.1583,0.1145,0.2768,231.26,56.42,0
77.19,0.1918,0.1731,0.3221,393.05,66.73,0
62.86,0.2206,0.1581,0.2394,304.77,63.56,0
63.73,0.1654,0.1873,0.344,336.0,60.91,0
53.23,0.1613,0.1376,0.2341,273.88,61.42,0
62.83,0.1728,0.1589,0.2828,328.86,62.06,0
50.75,0.1969,0.1113,0.294,279.85,53.21,0
54.76,0.1589,0.1588,0.2829,280.99,56.87,0
44.97,0.1461,0.1328,0.2456,248.09,55.65,0
46.61,0.2056,0.1493,0.2345,242.41,56.15,0
50.07,0.1699,0.1467,0.2669,254.04,56.13,0
20.2,0.4958,0.1339,0.9393,131.71,49.21,1
32.41,0.1655,0.1303,0.2343,179.68,52.53,0
44.23,0.1324,0.1533,0.2681,241.84,57.75,0
39.23,0.1563,0.1625,0.2607,238.14,54.77,0
24.2,0.1517,0.1453,0.1975,115.85,52.82,0
70.89,0.2072,0.1392,0.3052,357.5,66.02,0
63.18,0.2056,0.1635,0.2711,311.3,60.58,0
74.07,0.1965,0.1786,0.3101,390.23,62.16,0
25.44,0.1345,0.1298,0.2309,151.35,47.67,0
26.7,0.1493,0.1244,0.2198,154.94,50.22,0
63.21,0.1568,0.143,0.2944,327.78,59.02,0
40.51,0.1452,0.1287,0.2368,215.48,55.45,0
48.32,0.1737,0.1244,0.2431,270.54,55.39,0
43.72,0.1488,0.1383,0.332,226.04,55.54,0
22.88,0.1399,0.1563,0.2135,127.23,50.45,0
63.52,0.229,0.1464,0.3071,342.58,63.18,0
48.14,0.1461,0.1646,0.2413,425.47,58.08,1
62.53,0.1948,0.1657,0.217,332.17,60.27,0
68.74,0.1753,0.5178,0.2621,325.94,105.35,1
60.42,0.1916,0.1585,0.2347,327.71,62.48,0
43.27,0.187,0.1567,0.2393,229.6,54.63,0
32.94,0.1631,0.1244,0.2984,184.0,52.75,0
65.64,0.1987,0.1322,0.3245,335.37,59.21,0
75.67,0.1895,0.13,0.2813,399.11,63.97,0
67.82,0.1922,0.1463,0.3343,358.35,60.61,0
43.27,0.5961,0.1335,0.9478,233.09,55.14,1
77.33,0.1874,0.1721,0.2745,385.14,64.56,0
32.53,0.1527,0.1386,0.2273,183.13,51.13,0
61.45,0.1801,0.1368,0.2986,341.43,62.03,0
68.45,0.199,0.1574,0.2787,349.41,62.71,0
74.8,0.1949,0.1898,0.2969,390.12,63.61,0
75.09,0.1917,0.2012,0.3136,371.86,61.77,0
31.98,0.1407,0.1678,0.252,169.99,55.64,0
74.88,0.2293,0.1733,0.2963,388.86,60.78,0
31.39,0.1526,0.1176,0.2166,185.63,54.3,0
74.0,0.1723,0.1768,0.2792,359.01,63.9,0
49.36,0.171,0.138,0.3367,261.97,58.46,0
41.03,0.1621,0.1688,0.1811,231.22,54.43,0
45.19,0.1787,0.1409,0.2896,231.11,55.33,0
24.46,0.1722,0.1281,0.2146,152.59,49.99,0
60.4,0.1623,0.1052,0.2807,312.25,61.17,0
65.63,0.187,0.1191,0.2979,364.42,61.94,0
74.98,0.2,0.1838,0.3257,375.3,62.92,0
43.68,0.1258,0.1387,0.2336,226.15,57.23,0
72.77,0.2139,0.1282,0.3176,353.45,62.01,0
39.39,0.1944,0.1474,0.3013,218.5,54.23,0
66.64,0.5761,0.1767,0.873,348.35,62.79,1
66.24,0.4733,0.1306,1.1572,356.19,61.97,1
64.39,0.1777,0.1776,0.2507,299.95,61.68,0
69.19,0.1819,0.1663,0.2157,329.99,63.74,0
21.8,0.1338,0.1026,0.1709,136.13,53.6,0
62.9,0.1782,0.1388,0.311,325.29,60.57,0
35.91,0.1479,0.153,0.2441,190.19,49.3,0
56.41,0.1687,0.1494,0.3113,299.23,59.81,0
33.1,0.1698,0.1275,0.2603,216.6,54.22,0
59.32,0.1647,0.1267,0.2765,294.34,59.25,0
58.24,0.1765,0.1603,0.3108,305.94,59.22,0
76.26,0.2133,0.1369,0.2996,386.77,62.22,0
44.32,0.1514,0.1832,0.254,206.17,56.43,0
68.61,0.167,0.2047,0.2615,327.53,60.4,0
71.6,0.1981,0.1861,0.2799,406.61,61.44,0
59.26,0.1797,0.154,0.2576,294.65,61.26,0
25.92,0.1233,0.1122,0.1815,142.29,50.38,0
42.48,0.1481,0.1199,0.1961,204.74,55.45,0
72.66,0.2314,0.1582,0.283,342.56,62.94,0
35.74,0.1666,0.1068,0.2704,163.41,53.72,0
23.89,0.1675,0.1569,0.2205,123.72,50.31,0
33.49,0.1554,0.1374,0.1901,185.8,54.67,0
70.38,0.1961,0.1589,0.2935,396.79,61.98,0
46.38,0.1646,0.1375,0.204,241.3,54.68,0
61.88,0.173,0.1426,0.292,298.94,59.28,0
37.83,0.1448,0.1434,0.2338,196.81,56.1,0
55.77,0.1667,0.1774,0.278,284.08,58.52,0
45.67,0.1924,0.1365,0.287,264.06,57.48,0
46.72,0.1725,0.1327,0.2735,258.98,56.92,0
68.8,0.1603,0.1437,0.293,362.62,62.27,0
62.94,0.2035,0.1448,0.2942,297.36,60.68,0
58.11,0.1731,0.145,0.2449,316.63,59.04,0
29.45,0.1294,0.0737,0.2734,151.3,51.86,0
47.45,0.149,0.1456,0.2475,248.51,53.67,0
29.6,0.147,0.1008,0.2199,157.98,51.57,0
45.8,0.1526,0.1464,0.3045,242.92,56.2,0
76.49,0.1523,0.1283,0.293,383.06,64.1,0
41.09,0.1402,0.1479,0.2477,221.46,53.21,0
71.23,0.2118,0.1741,0.3182,398.9,63.98,0
23.78,0.1383,0.0996,0.241,130.25,48.9,0
76.83,0.19,0.1797,0.3299,370.24,63.2,0
49.25,0.1384,0.1057,0.2373,252.76,57.29,0
65.25,0.168,0.1758,0.2598,341.06,60.37,0
42.76,0.1834,0.1261,0.2531,195.66,57.22,0
76.19,0.2199,0.1721,0.3056,403.38,62.97,0
27.63,0.1634,0.1238,0.2388,120.91,51.91,0
66.25,0.2007,0.1546,0.2776,324.96,59.17,0
56.86,0.1725,0.1628,0.2883,303.67,59.48,0
50.47,0.1774,0.1319,0.2625,279.38,60.08,0
40.27,0.1425,0.1428,0.2687,213.93,55.17,0
60.18,0.1599,0.1472,0.2644,307.46,60.12,0
44.56,0.1606,0.1642,0.2745,212.8,56.71,0
41.69,0.176,0.1178,0.2364,203.45,53.66,0
29.35,0.1414,0.1448,0.2573,167.2,52.34,0
52.42,0.1436,0.1355,0.3217,257.91,58.46,0
39.14,0.1914,0.1368,0.263,232.2,55.18,0
33.56,0.1588,0.1159,0.206,208.05,55.89,0
48.31,0.1475,0.1086,0.2524,250.83,55.8,0
63.45,0.1821,0.1449,0.2824,306.44,61.98,0
54.59,0.1703,0.1305,0.3012,309.34,56.91,0
58.65,0.1574,0.7464,0.2219,309.92,98.53,1
72.29,0.2,0.1453,0.2883,346.37,63.12,0
47.97,0.1873,0.1159,0.2207,254.47,59.02,0
24.99,0.161,0.1571,0.1885,166.37,48.84,0
30.26,0.1496,0.128,0.2295,146.17,56.61,0
47.01,0.2269,0.1506,0.2736,228.59,57.61,0
50.43,0.1304,0.1708,0.2481,273.28,59.61,0
59.7,0.1834,0.1295,0.2162,626.92,57.17,1
46.01,0.174,0.117,0.302,227.17,56.59,0
25.77,0.1587,0.1594,0.227,123.2,49.3,0
50.87,0.1412,0.1355,0.2707,268.24,57.0,0
33.78,0.1605,0.1405,0.2497,221.22,49.7,0
58.18,0.5179,0.146,1.0792,322.91,60.03,1
40.76,0.1649,0.1404,0.278,214.77,55.68,0
74.08,0.1842,0.1644,0.3013,366.91,67.1,0
27.2,0.1382,0.1379,0.2152,174.13,51.98,0
70.06,0.2037,0.1321,0.3137,362.79,63.98,0
27.52,0.126,0.1367,0.2223,167.94,52.56,0
41.81,0.1598,0.1207,0.2077,219.97,52.14,0
42.46,0.1806,0.1523,0.2356,191.86,55.25,0
65.83,0.1886,0.1154,0.3527,370.11,64.14,0
44.42,0.1298,0.1331,0.2592,221.95,54.13,0
39.94,0.18,0.1478,0.2458,226.79,56.47,0
34.66,0.1677,0.1145,0.2553,196.55,54.82,0
27.81,0.1392,0.5484,0.2385,155.16,93.04,1
60.33,0.1642,0.1333,0.2503,328.91,59.3,0
47.2,0.1759,0.1233,0.2587,246.12,57.25,0
29.39,0.1384,0.1427,0.2022,165.06,51.59,0
72.05,0.2124,0.155,0.3449,362.62,62.55,0
31.82,0.1528,0.1518,0.2433,174.56,57.03,0
64.14,0.1957,0.1553,0.2946,292.65,61.95,0
38.26,0.1495,0.1125,0.2487,204.8,55.45,0
40.22,0.1604,0.1615,0.2255,202.08,54.58,0
55.45,0.1904,0.1557,0.3338,263.6,56.78,0
50.14,0.1607,0.1372,0.2705,274.99,56.16,0
76.22,0.1532,0.1559,0.2818,368.88,63.56,0
33.85,0.149,0.1263,0.2263,175.09,52.93,0
22.07,0.1281,0.1222,0.2353,135.15,51.99,0
47.34,0.1632,0.1267,0.275,242.54,57.67,0
76.06,0.1748,0.1851,0.2977,381.66,65.52,0
41.18,0.1538,0.1572,0.2299,229.65,57.01,0
48.27,0.1888,0.1444,0.2636,245.26,56.86,0
40.13,0.1632,0.129,0.2215,206.2,53.98,0
58.55,0.1586,0.1477,0.2522,278.28,62.74,0
38.78,0.1677,0.1204,0.2177,186.33,56.1,0
57.43,0.1571,0.1505,0.2507,299.47,61.06,0
58.95,0.1446,0.1589,0.2416,329.85,58.42,0
26.86,0.1253,0.1354,0.2016,150.35,47.0,0
62.06,0.1938,0.1511,0.2597,548.15,60.82,1
50.25,0.1673,0.1318,0.26,263.81,60.51,0
63.98,0.1845,0.1287,0.2577,331.98,63.05,0
40.6,0.4808,0.0975,0.836,223.7,53.83,1
43.58,0.1658,0.1619,0.2385,250.1,55.43,0
49.55,0.6515,0.1609,0.5701,256.49,54.01,1
25.74,0.1469,0.1224,0.2239,156.29,48.56,0
56.18,0.1662,0.1456,0.2934,552.35,59.37,1
40.98,0.1657,0.1027,0.2299,199.26,56.94,0
67.04,0.188,0.1945,0.2951,349.88,60.46,0
24.76,0.1742,0.1338,0.2385,166.2,50.4,0
33.25,0.1746,0.1267,0.2589,207.37,54.14,0
57.52,0.1529,0.1746,0.2696,311.09,60.2,0
24.56,0.1301,0.083,0.2237,167.81,52.65,0
37.11,0.189,0.1216,0.2484,175.4,54.43,0
40.78,0.1645,0.1314,0.2426,206.03,55.62,0
43.34,0.187,0.1237,0.2547,212.58,52.23,0
46.49,0.1678,0.1839,0.2912,226.49,54.8,0
72.43,0.1909,0.1425,0.313,366.21,63.37,0
60.57,0.1615,0.1497,0.2125,311.18,58.37,0
23.4,0.1318,0.1612,0.1992,162.66,49.06,0
73.96,0.1818,0.1902,0.2667,353.04,64.47,0
42.83,0.2077,0.1233,0.2489,213.39,54.73,0
20.47,0.1249,0.1017,0.2128,142.36,50.17,0
34.12,0.1658,0.1034,0.2019,183.81,50.16,0
22.13,0.1344,0.1512,0.2375,154.74,47.89,0
42.68,0.1661,0.1328,0.3117,215.8,56.94,0
59.55,0.1833,0.1206,0.2724,313.13,60.47,0
27.21,0.0978,0.1027,0.212,188.11,52.2,0
33.44,0.1377,0.0988,0.2314,363.24,51.7,1
53.92,0.1776,0.1158,0.257,272.07,59.86,0
53.54,0.1483,0.1589,0.2687,299.01,57.65,0
21.39,0.1296,0.1039,0.1872,132.52,48.11,0
21.19,0.153,0.0822,0.1894,137.85,47.44,0
28.93,0.1737,0.1301,0.2672,169.22,48.24,0
31.43,0.1309,0.1144,0.2242,160.3,53.37,0
35.62,0.1439,0.1286,0.2342,209.74,53.86,0
67.1,0.193,0.1454,0.3236,360.87,66.69,0
36.87,0.1659,0.1247,0.2072,211.88,55.36,0
68.21,0.1852,0.1627,0.2459,653.36,62.24,1
20.43,0.1551,0.1361,0.2575,127.55,50.47,0
61.69,0.1863,0.1768,0.303,317.21,60.96,0
32.53,0.1341,0.1167,0.2362,172.69,51.49,0
36.45,0.1448,0.1273,0.247,195.89,53.77,0
64.24,0.1845,0.1535,0.2574,334.27,61.6,0
57.38,0.1925,0.1646,0.2591,583.76,59.96,1
31.49,0.1453,0.1323,0.3003,191.89,51.74,0
39.28,0.1725,0.1176,0.2667,197.76,56.16,0
28.01,0.1713,0.1227,0.2201,152.27,52.7,0
27.92,0.132,0.1476,0.2256,156.4,51.45,0
42.32,0.1849,0.1287,0.2013,403.47,56.6,1
35.15,0.1408,0.1282,0.2409,182.12,54.1,0
72.31,0.1471,0.1608,0.2686,394.11,61.52,0
61.72,0.1939,0.1203,0.3065,303.08,63.55,0
24.66,0.1789,0.1257,0.2505,159.64,50.73,0
25.14,0.1135,0.1214,0.2084,133.92,51.96,0
31.63,0.6164,0.1544,0.8405,174.21,55.43,1
39.43,0.153,0.1417,0.2922,220.83,54.87,0
76.18,0.1644,0.1315,0.2772,366.69,65.28,0
65.01,0.2361,0.1832,0.3372,486.23,59.55,1
31.3,0.1243,0.1354,0.2741,181.06,52.55,0
59.93,0.1911,0.1054,0.2598,306.27,59.64,0
22.97,0.1422,0.1169,0.2232,168.95,49.71,0
33.27,0.142,0.111,0.1828,187.61,50.87,0
22.17,0.1208,0.0947,0.1935,136.03,49.71,0
28.28,0.1632,0.1384,0.2221,132.95,54.12,0
77.42,0.1937,0.1419,0.2922,396.58,65.31,0
51.23,0.1771,0.128,0.2312,297.55,57.03,0
53.74,0.1754,0.1597,0.2674,284.18,55.93,0
47.03,0.1811,0.1345,0.2724,269.65,54.72,0
54.17,0.1353,0.1286,0.2427,293.17,57.84,0
44.04,0.1261,0.1216,0.2014,258.62,55.66,0
22.44,0.1542,0.5951,0.2497,137.66,102.72,1
66.33,0.1535,0.1637,0.2812,336.22,62.79,0
51.99,0.1907,0.1318,0.2175,280.43,54.74,0
25.86,0.1348,0.1154,0.2207,150.02,51.2,0
51.73,0.1518,0.1484,0.2747,282.02,57.03,0
48.2,0.1867,0.1468,0.2359,266.59,56.31,0
36.43,0.1746,0.0919,0.2301,214.58,55.44,0
75.14,0.2014,0.176,0.3701,385.23,64.21,0
33.05,0.1414,0.1409,0.2127,193.76,51.38,0
20.61,0.1403,0.085,0.1987,112.89,49.37,0
36.63,0.1494,0.1315,0.1999,187.07,52.46,0
22.75,0.1135,0.134,0.1574,133.38,47.57,0
62.86,0.183,0.1265,0.2629,311.85,59.9,0
47.0,0.1745,0.1541,0.2245,218.7,56.78,0
60.31,0.1763,0.156,0.2773,304.78,63.14,0
24.84,0.1738,0.109,0.2527,146.1,51.08,0
66.4,0.1666,0.1667,0.2793,347.85,65.15,0
70.75,0.1887,0.1674,0.3344,324.01,62.08,0
54.18,0.1656,0.1054,0.1872,290.54,58.61,0
35.64,0.1528,0.1152,0.2033,213.42,56.88,0
48.74,0.1332,0.1402,0.2745,260.68,57.13,0
52.85,0.1961,0.1628,0.2465,281.04,55.75,0
59.47,0.2024,0.1634,0.3198,312.07,59.81,0
30.33,0.1566,0.138,0.2676,172.2,53.46,0
52.81,0.1428,0.1673,0.3267,287.9,59.69,0
48.59,0.1835,0.1514,0.2738,451.0,53.8,1
66.3,0.1575,0.1368,0.271,336.93,61.29,0
62.01,0.1571,0.1168,0.317,325.99,60.77,0
31.43,0.1411,0.0942,0.2527,152.9,53.64,0
31.73,0.147,0.113,0.2343,178.44,54.68,0
60.12,0.2018,0.165,0.2644,294.22,60.85,0
40.71,0.1778,0.1328,0.2223,225.15,54.78,0
24.52,0.1636,0.1432,0.2413,151.72,51.81,0
29.37,0.1225,0.1086,0.2417,196.04,54.17,0
37.94,0.1716,0.1232,0.1635,192.37,52.27,0
51.01,0.1307,0.1657,0.241,277.59,58.91,0
60.74,0.1662,0.1543,0.272,320.13,58.09,0
60.33,0.1913,0.1589,0.319,309.78,60.83,0
45.23,0.1835,0.1382,0.2031,232.71,53.86,0
44.21,0.1587,0.1372,0.2355,229.59,56.2,0
34.9,0.1437,0.0815,0.2543,185.16,52.89,0
77.38,0.2007,0.1474,0.331,385.76,63.8,0
68.15,0.1617,0.1724,0.3024,353.94,61.49,0
39.19,0.1562,0.1296,0.255,210.74,56.42,0
24.47,0.144,0.1296,0.2112,123.75,50.48,0
41.21,0.1887,0.1148,0.2852,216.65,52.54,0
46.45,0.1872,0.1368,0.2686,262.82,55.98,0
41.34,0.1951,0.1357,0.2243,230.09,55.7,0
36.18,0.1646,0.1398,0.2497,204.03,54.3,0
72.32,0.1726,0.1478,0.3203,355.0,61.53,0
27.57,0.1304,0.1353,0.1667,173.48,53.61,0
31.64,0.1709,0.1394,0.2423,186.03,50.99,0
68.19,0.205,0.0998,0.3029,322.89,61.19,0
54.39,0.1669,0.183,0.269,264.16,58.61,0
27.56,0.1335,0.1562,0.2179,154.03,48.33,0
53.67,0.1718,0.1478,0.3001,288.45,58.21,0
66.27,0.189,0.1386,0.2958,329.41,63.41,0
62.38,0.1598,0.1696,0.2561,314.92,58.45,0
77.29,0.1639,0.181,0.2686,414.4,64.86,0
59.76,0.2084,0.1592,0.3369,284.42,64.45,0
21.95,0.1208,0.1316,0.2419,118.41,49.8,0
68.42,0.1728,0.1777,0.3191,371.42,63.22,0
72.77,0.1859,0.1699,0.3002,367.79,67.87,0
58.33,0.1903,0.1658,0.2583,298.36,59.69,0
76.07,0.2164,0.1846,0.3223,410.9,63.28,0
68.28,0.1607,0.1534,0.3574,332.85,63.64,0
53.92,0.2004,0.1432,0.2631,273.2,56.05,0
25.64,0.1178,0.1169,0.1824,142.24,57.03,0
57.91,0.1995,0.1169,0.2714,303.43,58.22,0
54.65,0.1773,0.1543,0.2653,281.62,55.28,0
20.16,0.1731,0.1317,0.2455,115.18,49.29,0
43.15,0.1862,0.1162,0.2749,224.42,57.58,0
56.73,0.1895,0.144,0.2619,306.2,61.54,0
53.46,0.1749,0.122,0.25,296.38,56.8,0
52.26,0.1392,0.1553,0.2246,262.1,59.7,0
25.11,0.1594,0.1134,0.2403,144.98,49.75,0
53.68,0.1717,0.0887,0.2479,292.6,60.03,0
28.15,0.1518,0.1352,0.2242,148.68,54.2,0
33.74,0.1266,0.1178,0.2193,179.3,52.59,0
70.53,0.1638,0.1463,0.2996,358.86,61.05,0
28.48,0.1442,0.1223,0.2425,160.24,54.28,0
23.78,0.138,0.139,0.2122,132.77,51.02,0
56.5,0.1636,0.1323,0.2455,309.21,60.03,0
66.12,0.18,0.1636,0.3067,329.3,63.33,0
42.69,0.1698,0.0843,0.2603,246.38,57.65,0
73.45,0.2218,0.1851,0.2332,377.09,60.25,0
28.27,0.1749,0.1254,0.203,143.97,52.73,0
36.36,0.1383,0.1279,0.2103,222.54,53.7,0
43.76,0.1714,0.1124,0.2645,214.99,56.63,0
31.26,0.1606,0.0996,0.2169,195.45,53.83,0
34.26,0.1285,0.122,0.2546,190.41,54.48,0
66.25,0.1909,0.1817,0.352,353.65,62.63,0
45.51,0.1272,0.1246,0.2685,246.5,53.87,0
20.37,0.1084,0.1109,0.1896,156.91,49.95,0
31.85,0.1669,0.1169,0.2323,173.6,50.75,0
72.87,0.1735,0.1472,0.2679,369.25,63.32,0
64.05,0.1676,0.1298,0.3169,332.79,63.98,0
65.29,0.1759,0.1362,0.2782,329.49,63.21,0
48.3,0.1758,0.1199,0.2256,242.67,57.63,0
46.07,0.1682,0.1739,0.2668,225.36,55.51,0
63.54,0.1997,0.1392,0.2748,350.21,59.02,0
53.63,0.162,0.1059,0.304,267.51,59.61,0
67.13,0.1921,0.145,0.3041,351.17,61.24,0
73.62,0.1699,0.1673,0.2943,372.69,63.6,0
64.5,0.2168,0.1819,0.3121,319.51,60.67,0
66.99,0.1623,0.1338,0.3203,331.05,60.8,0
75.71,0.1819,0.1647,0.294,368.76,61.93,0
65.67,0.1582,0.166,0.3105,359.63,61.8,0
37.5,0.1121,0.1413,0.2721,196.38,52.48,0
66.32,0.5,0.1242,0.8281,352.61,63.83,1
59.41,0.1987,0.1726,0.2679,306.48,58.24,0
72.62,0.2243,0.1398,0.2686,380.04,64.67,0
44.46,0.1842,0.1531,0.3077,240.78,55.39,0
70.97,0.1816,0.1907,0.321,372.01,63.69,0
42.6,0.1636,0.1226,0.2653,232.35,55.74,0
56.11,0.18,0.1699,0.2596,265.14,58.96,0
71.42,0.2043,0.1656,0.282,383.11,62.13,0
74.1,0.2011,0.1453,0.2417,373.15,63.76,0
49.72,0.1675,0.0928,0.2621,252.89,56.27,0
40.23,0.1878,0.1429,0.2241,217.72,54.26,0
65.19,0.1766,0.138,0.3062,353.83,61.24,0
25.69,0.1583,0.1168,0.2461,151.24,50.32,0
68.59,0.2062,0.1558,0.3084,347.11,64.24,0
62.3,0.1483,0.1492,0.2742,341.47,60.31,0
29.45,0.1512,0.1079,0.2365,152.39,52.68,0
26.84,0.1155,0.1247,0.2614,139.06,50.89,0
47.14,0.1787,0.0822,0.2645,239.04,55.31,0
55.94,0.1846,0.1724,0.3195,292.07,57.77,0
41.45,0.152,0.1476,0.2356,221.99,54.62,0
42.46,0.1793,0.162,0.2422,247.37,57.44,0
55.57,0.1677,0.1317,0.2536,287.96,58.75,0
74.87,0.2153,0.1775,0.2941,392.34,64.67,0
28.74,0.1709,0.1564,0.1779,152.6,54.62,0
20.43,0.1251,0.1192,0.2438,119.95,49.22,0
58.47,0.1581,0.1679,0.272,300.16,58.03,0
62.64,0.1514,0.189,0.2245,324.08,59.79,0
62.32,0.1666,0.1569,0.2433,322.5,59.91,0
75.44,0.2086,0.1642,0.2896,386.65,60.76,0
65.15,0.184,0.1736,0.3067,335.21,60.05,0
59.71,0.1901,0.1552,0.2922,269.69,59.08,0
67.78,0.2133,0.1256,0.2845,335.3,57.69,0
71.47,0.2055,0.1612,0.3122,354.72,62.12,0
75.89,0.1891,0.1655,0.299,379.96,64.93,0
75.91,0.1968,0.1661,0.2903,384.01,63.89,0
58.91,0.183,0.1621,0.3321,316.01,58.38,0
52.01,0.1369,0.1411,0.2544,261.7,56.58,0
30.24,0.1706,0.1183,0.2225,136.2,52.93,0
37.3,0.1358,0.1363,0.2692,200.59,54.76,0
31.75,0.1722,0.1214,0.2628,180.49,53.28,0
55.53,0.1923,0.1446,0.2897,307.01,58.59,0
68.9,0.1856,0.1737,0.2839,345.95,63.93,0
43.13,0.1968,0.1543,0.2579,223.95,55.06,0
24.74,0.1098,0.1176,0.2076,133.71,49.39,0
25.58,0.1727,0.1335,0.2256,421.6,53.91,1
73.48,0.2007,0.1411,0.2742,403.12,62.79,0
25.25,0.1802,0.1082,0.176,128.32,51.0,0
32.25,0.1263,0.1074,0.1526,177.94,51.65,0
44.24,0.1597,0.1462,0.196,234.73,57.69,0
41.48,0.1513,0.1214,0.2364,233.88,55.69,0
76.5,0.1772,0.1587,0.3111,377.69,64.91,0
62.03,0.2137,0.144,0.3034,330.41,60.35,0
32.26,0.14,0.1141,0.2338,180.03,54.88,0
22.4,0.1435,0.0488,0.2203,120.29,51.1,0
38.57,0.1569,0.1426,0.2739,220.18,53.17,0
68.83,0.1868,0.161,0.2814,371.55,61.37,0
55.17,0.1548,0.1444,0.3134,272.01,60.5,0
71.25,0.1732,0.1226,0.301,382.95,60.31,0
75.36,0.1981,0.1548,0.2728,400.79,65.15,0
46.81,0.1706,0.1439,0.1955,260.12,56.94,0
20.8,0.1357,0.1069,0.1943,140.28,47.83,0
51.96,0.1083,0.1378,0.3077,284.81,58.3,0
66.41,0.2361,0.1481,0.2239,323.14,59.75,0
68.75,0.1958,0.1736,0.2767,361.03,59.23,0
25.18,0.1455,0.1051,0.2107,140.3,51.85,0
44.06,0.1608,0.1235,0.1864,229.5,56.78,0
33.32,0.1607,0.1213,0.2154,215.9,54.01,0
34.35,0.153,0.1297,0.2218,186.55,54.87,0
27.75,0.1697,0.096,0.1958,165.02,52.04,0
27.75,0.152,0.1534,0.2363,182.14,50.2,0
30.97,0.1489,0.1704,0.3413,169.89,54.66,0
32.05,0.1712,0.14,0.2526,189.93,54.21,0
63.26,0.169,0.1779,0.2908,325.61,62.66,0
58.55,0.1907,0.1132,0.258,318.45,59.13,0
61.4,0.1803,0.1695,0.2714,304.03,62.06,0
38.71,0.1512,0.094,0.298,205.02,55.79,0
58.84,0.1569,0.1391,0.3109,285.55,62.73,0
41.42,0.1567,0.1475,0.2332,213.51,54.18,0
41.05,0.1668,0.1454,0.2592,230.8,56.82,0
53.34,0.1534,0.151,0.2539,282.32,57.83,0
57.3,0.178,0.1094,0.2954,292.27,57.89,0
74.43,0.2066,0.1705,0.2895,363.96,63.21,0
20.51,0.1048,0.1288,0.2235,135.46,50.14,0
25.09,0.167,0.0897,0.2751,123.52,49.88,0
20.95,0.1142,0.1119,0.2368,134.93,49.47,0
27.02,0.1488,0.6186,0.2569,164.87,93.43,1
40.11,0.1631,0.1221,0.2377,211.95,53.03,0
41.27,0.1643,0.1224,0.2381,209.8,54.41,0
28.11,0.1641,0.0949,0.1531,137.79,50.8,0
28.33,0.1407,0.128,0.252,159.99,50.1,0
55.28,0.1763,0.14,0.243,286.72,56.75,0
41.02,0.1788,0.1567,0.2321,226.92,54.39,0
32.78,0.1206,0.1211,0.2342,157.9,54.64,0
21.58,0.1517,0.1019,0.2545,148.92,51.12,0
36.84,0.1518,0.11,0.2485,216.67,53.13,0
58.85,0.1824,0.165,0.239,327.79,58.75,0
75.85,0.1956,0.1648,0.308,400.99,62.16,0
75.19,0.1542,0.1725,0.2769,402.9,62.29,0
43.08,0.169,0.1544,0.2578,227.15,55.35,0
35.14,0.1606,0.1327,0.2155,197.4,54.27,0
61.33,0.1554,0.1644,0.3118,315.28,62.13,0
29.85,0.1642,0.1182,0.3221,170.21,53.57,0
31.41,0.1584,0.1393,0.287,143.51,49.81,0
49.57,0.1978,0.1305,0.2884,255.46,55.92,0
44.38,0.1449,0.1033,0.2953,228.09,55.61,0
63.33,0.2041,0.571,0.3633,297.15,97.72,1
24.48,0.1461,0.1264,0.2285,157.17,53.27,0
69.17,0.2097,0.174,0.3163,348.09,63.51,0
33.77,0.1376,0.1316,0.2471,170.28,54.81,0
59.08,0.1737,0.1204,0.2425,318.88,57.14,0
55.96,0.1957,0.1514,0.2531,295.57,62.95,0
28.64,0.1536,0.0877,0.2247,176.48,50.29,0
42.61,0.1885,0.1032,0.2208,236.37,53.06,0
54.46,0.1913,0.1126,0.2217,250.98,57.36,0
66.92,0.2183,0.1475,0.2615,352.34,60.55,0
25.37,0.1455,0.1614,0.2269,162.18,52.22,0
42.42,0.1598,0.1126,0.2357,215.65,55.15,0
33.56,0.1749,0.1562,0.2583,186.15,52.47,0
25.24,0.1843,0.1371,0.2832,171.04,50.04,0
50.37,0.1624,0.1522,0.2877,280.79,56.24,0
55.94,0.1502,0.1616,0.2291,309.57,61.68,0
74.16,0.203,0.1785,0.2607,372.34,65.15,0
63.16,0.2116,0.1838,0.2285,316.0,59.06,0
54.39,0.1519,0.1141,0.2629,295.69,60.96,0
40.77,0.1468,0.1228,0.2539,212.72,54.95,0
59.43,0.1836,0.1626,0.2459,304.67,61.29,0
56.16,0.1509,0.1362,0.3041,317.39,58.68,0
56.62,0.1791,0.1579,0.2547,270.51,59.9,0
73.72,0.1988,0.1527,0.3493,369.22,63.01,0
25.99,0.1781,0.1168,0.2605,127.69,48.1,0
66.61,0.1766,0.1848,0.2658,359.12,63.57,0
57.12,0.132,0.1345,0.2395,304.25,60.16,0
36.62,0.1941,0.1444,0.2328,190.73,52.8,0
55.3,0.1859,0.1441,0.2656,269.82,56.52,0
68.45,0.204,0.1336,0.3338,326.09,62.98,0
31.59,0.1507,0.105,0.1992,191.28,52.87,0
64.83,0.2067,0.181,0.2942,343.08,62.27,0
59.01,0.1983,0.18,0.306,336.58,61.55,0
52.03,0.1644,0.1376,0.2518,267.27,56.05,0
29.78,0.1647,0.1014,0.2819,162.68,52.78,0
63.25,0.1618,0.1479,0.239,340.48,61.39,0
69.93,0.1165,0.1724,0.2916,666.6,64.06,1
23.86,0.1553,0.1524,0.1767,142.74,48.36,0
58.09,0.159,0.1144,0.2719,302.64,59.23,0
25.18,0.0984,0.1505,0.2573,354.85,49.75,1
22.86,0.1642,0.1287,0.1746,135.4,50.13,0
23.0,0.1307,0.1102,0.2155,118.77,49.5,0
55.42,0.1975,0.1462,0.3216,293.08,57.01,0
72.82,0.1818,0.1857,0.3218,374.05,62.65,0
27.31,0.1509,0.1192,0.2194,152.96,52.71,0
59.82,0.1528,0.1533,0.2441,290.85,59.22,0
33.75,0.1397,0.1009,0.2053,199.64,53.63,0
46.75,0.1591,0.1331,0.2653,272.21,57.03,0
45.99,0.123,0.1403,0.2726,244.28,57.89,0
47.43,0.1996,0.1489,0.2354,262.68,56.91,0
34.02,0.1265,0.1214,0.2428,181.08,52.59,0
68.23,0.1717,0.1517,0.275,338.85,61.0,0
29.26,0.1738,0.1173,0.2131,170.77,49.84,0
27.15,0.1549,0.1223,0.2224,163.79,50.99,0
60.05,0.1985,0.1356,0.2921,301.49,63.36,0
42.52,0.1856,0.1196,0.2641,224.37,55.74,0
76.72,0.2136,0.1802,0.3595,375.49,62.59,0
54.19,0.1838,0.16,0.2101,290.73,56.29,0
65.86,0.1794,0.1935,0.2303,347.41,62.0,0
40.81,0.149,0.134,0.1729,221.05,56.67,0
50.47,0.2095,0.1447,0.2303,269.16,57.48,0
55.69,0.1886,0.1594,0.2846,314.26,61.64,0
40.91,0.1735,0.1031,0.2246,235.56,55.38,0
63.82,0.1842,0.143,0.2485,313.18,60.38,0
64.93,0.2087,0.1337,0.2781,627.0,61.93,1
52.87,0.1986,0.1368,0.2942,256.48,58.82,0
35.82,0.1417,0.1452,0.2634,186.46,54.27,0
54.41,0.2072,0.116,0.2882,305.55,58.39,0
51.02,0.1994,0.1525,0.273,277.67,55.63,0
53.1,0.127,0.1559,0.2144,241.42,58.13,0
36.08,0.1751,0.0936,0.2814,196.34,54.77,0
61.9,0.2105,0.1317,0.2975,297.44,62.14,0
27.9,0.1313,0.1427,0.2162,162.68,53.78,0
50.23,0.2014,0.1759,0.2729,268.55,59.16,0
57.46,0.162,0.1395,0.2517,279.11,59.72,0
71.48,0.1816,0.1551,0.3638,348.0,63.8,0
20.56,0.1482,0.1054,0.2212,133.95,50.3,0
30.15,0.1509,0.0928,0.2119,181.75,53.53,0
52.69,0.1753,0.1824,0.275,283.45,57.37,0
47.26,0.1589,0.1255,0.2422,252.07,55.18,0
58.89,0.1524,0.1485,0.2965,334.91,58.12,0
28.79,0.1484,0.1061,0.2076,170.49,53.06,0
24.88,0.1633,0.0804,0.2344,158.25,51.62,0
28.3,0.123,0.1336,0.2767,166.66,49.67,0
25.9,0.1453,0.1032,0.2381,152.18,50.87,0
36.01,0.1544,0.1406,0.2768,193.26,55.83,0
77.82,0.1847,0.1715,0.2495,411.69,64.44,0
25.29,0.153,0.1361,0.2286,121.99,52.15,0
35.82,0.1646,0.1485,0.2627,204.34,54.53,0
38.59,0.1403,0.1334,0.1986,247.94,54.15,0
44.7,0.1656,0.1438,0.2873,251.24,55.68,0
35.66,0.1694,0.1372,0.2465,209.59,52.61,0
32.55,0.1784,0.1154,0.2454,198.53,50.91,0
60.28,0.1409,0.1468,0.2535,315.72,57.9,0
25.52,0.1654,0.1423,0.1937,168.26,53.15,0
57.88,0.2014,0.1368,0.2899,293.76,60.15,0
71.7,0.1867,0.1428,0.3209,331.33,62.92,0
36.03,0.1653,0.1292,0.2335,195.97,54.87,0
59.76,0.1647,0.1286,0.2513,302.24,59.9,0
40.57,0.1654,0.1176,0.189,210.17,55.48,0
33.62,0.1722,0.112,0.2448,192.03,54.02,0
40.05,0.1955,0.1269,0.2167,220.49,53.62,0
73.52,0.2187,0.1813,0.2819,579.2,63.06,1
70.11,0.1925,0.1509,0.2913,366.51,61.69,0
24.16,0.1586,0.1402,0.2457,137.48,47.8,0
22.78,0.1081,0.1484,0.2421,122.11,50.97,0
31.81,0.1536,0.122,0.2207,203.12,51.66,0
25.38,0.1637,0.1426,0.2318,127.0,48.01,0
64.32,0.1891,0.17,0.252,308.68,58.98,0
32.7,0.1418,0.1118,0.2409,195.34,54.53,0
58.63,0.1564,0.1267,0.2606,286.08,59.75,0
20.54,0.1354,0.1416,0.2222,113.1,50.9,0
30.29,0.1249,0.1276,0.2693,154.37,52.58,0
44.15,0.1985,0.1508,0.2187,241.64,55.12,0
20.05,0.0981,0.146,0.1635,118.71,48.98,0
62.23,0.1681,0.1455,0.2648,312.23,59.87,0
28.91,0.1606,0.1231,0.2602,172.71,56.5,0
67.99,0.1646,0.1227,0.2421,328.46,63.43,0
48.66,0.2004,0.1453,0.2321,254.89,57.02,0
21.78,0.1402,0.1437,0.2404,123.71,49.91,0
32.02,0.1678,0.1355,0.2738,185.55,54.37,0
59.03,0.1557,0.1302,0.241,331.98,59.27,0
34.74,0.1716,0.1288,0.2119,182.43,52.68,0
26.7,0.1612,0.1269,0.2058,129.7,50.97,0
64.33,0.1997,0.1551,0.3021,335.88,60.25,0
45.25,0.171,0.1706,0.302,234.72,57.86,0
64.58,0.1855,0.1424,0.2651,325.08,60.82,0
48.42,0.1633,0.1278,0.2663,262.53,59.3,0
65.29,0.1748,0.6254,0.311,324.22,90.87,1
32.27,0.1738,0.1543,0.2457,161.82,53.76,0
26.99,0.1566,0.162,0.1987,155.84,52.76,0
35.08,0.1259,0.1369,0.245,188.65,56.43,0
38.98,0.1403,0.1247,0.2126,225.14,55.27,0
50.42,0.1959,0.1248,0.309,267.85,55.84,0
21.31,0.1578,0.0998,0.228,143.62,51.13,0
54.58,0.1919,0.1768,0.2635,264.78,56.69,0
35.82,0.1394,0.1558,0.2586,189.58,55.01,0
65.83,0.2216,0.1273,0.2804,325.18,61.49,0
74.0,0.192,0.1735,0.2998,378.09,63.64,0
66.67,0.1914,0.1455,0.2551,325.71,61.45,0
49.72,0.1711,0.1592,0.2384,285.07,57.16,0
68.69,0.169,0.1598,0.3142,356.43,63.34,0
61.63,0.1902,0.1338,0.2064,358.39,57.41,0
27.99,0.1366,0.1479,0.2754,149.6,50.63,0
21.59,0.1226,0.116,0.2333,132.39,47.87,0
47.93,0.2023,0.1586,0.2467,246.58,55.98,0
69.86,0.1629,0.1404,0.2339,364.17,62.15,0
48.14,0.1397,0.1359,0.2602,259.14,58.53,0
63.4,0.1546,0.1109,0.2974,343.56,63.76,0
64.98,0.2139,0.129,0.3111,337.61,59.37,0
77.41,0.1795,0.1514,0.2741,385.12,61.35,0
48.96,0.1901,0.1029,0.2252,269.25,55.14,0
23.09,0.1485,0.1565,0.2145,148.21,48.18,0
74.89,0.207,0.1633,0.2833,383.44,63.98,0
65.0,0.1881,0.1479,0.2749,323.7,62.86,0
69.41,0.1628,0.15,0.2721,358.43,59.94,0
20.99,0.1406,0.1226,0.2316,107.2,48.37,0
35.13,0.1571,0.1403,0.2319,189.13,53.26,0
38.22,0.179,0.1639,0.2726,176.71,56.99,0
35.85,0.1401,0.1413,0.236,224.81,53.62,0
58.4,0.198,0.147,0.2776,295.01,59.27,0
68.77,0.1991,0.1545,0.308,338.29,65.58,0
38.35,0.1742,0.1478,0.2961,180.88,54.65,0
63.14,0.173,0.1409,0.2791,309.11,62.02,0
38.67,0.1424,0.1177,0.2553,186.41,57.42,0
52.87,0.1842,0.144,0.314,306.11,55.95,0
26.57,0.5584,0.1421,0.8133,156.35,51.2,1
41.86,0.1795,0.1208,0.2445,226.74,55.63,0
32.04,0.1511,0.1409,0.1788,158.28,52.74,0
62.5,0.2134,0.1298,0.2587,297.55,59.61,0
59.08,0.1938,0.1159,0.3069,320.03,60.23,0
44.41,0.1486,0.1719,0.2576,242.33,57.5,0
47.79,0.1315,0.1219,0.2874,260.45,55.6,0
43.73,0.1516,0.1581,0.2047,244.11,55.09,0
59.36,0.1802,0.1614,0.2603,301.31,60.19,0
36.71,0.1549,0.1645,0.2666,212.48,49.77,0
29.97,0.1494,0.0962,0.2254,170.81,55.72,0
45.99,0.1654,0.1133,0.2504,266.03,56.64,0
24.21,0.1498,0.1125,0.2172,154.28,50.94,0
37.25,0.1465,0.0845,0.2562,216.61,53.25,0
33.66,0.1393,0.1164,0.1855,181.43,52.54,0
45.77,0.1596,0.1577,0.2424,260.22,58.12,0
45.66,0.1579,0.1526,0.213,225.13,57.84,0
66.66,0.2015,0.1454,0.2234,318.48,62.88,0
51.89,0.1776,0.1179,0.2652,294.66,56.8,0
31.01,0.1477,0.0891,0.2536,181.51,52.62,0
27.17,0.1339,0.1151,0.2587,151.84,53.47,0
72.36,0.1816,0.1718,0.3401,378.09,62.81,0
72.42,0.2192,0.1609,0.3011,372.55,61.53,0
38.28,0.139,0.1408,0.2217,191.88,55.04,0
37.93,0.1735,0.1544,0.2494,216.07,54.9,0
31.72,0.1403,0.1195,0.2442,184.03,52.19,0
67.3,0.1738,0.1469,0.2724,345.1,60.54,0
77.87,0.2154,0.1692,0.3301,411.81,64.86,0
47.85,0.1492,0.1587,0.2893,264.62,55.81,0
34.21,0.1951,0.0933,0.2589,178.75,52.88,0
27.41,0.1686,0.1186,0.219,158.75,50.85,0
32.11,0.2077,0.1281,0.2085,204.53,52.26,0
62.29,0.1599,0.1233,0.2905,314.95,60.0,0
77.51,0.1991,0.1878,0.3165,406.05,66.14,0
53.14,0.1607,0.1372,0.2218,282.64,60.46,0
31.21,0.1556,0.1004,0.191,161.81,53.04,0
38.52,0.1225,0.1389,0.2188,200.34,53.39,0
31.96,0.1641,0.1236,0.2341,177.24,54.52,0
76.69,0.2119,0.1432,0.2934,381.68,61.76,0
27.82,0.1654,0.1332,0.2575,158.41,50.85,0
71.68,0.1839,0.1249,0.2932,380.42,61.55,0
64.02,0.1949,0.1458,0.299,334.84,60.97,0
31.86,0.1127,0.1237,0.2233,161.38,48.5,0
37.1,0.1188,0.1252,0.2845,238.98,53.82,0
29.77,0.1685,0.1494,0.2638,131.46,52.07,0
55.29,0.1846,0.1737,0.2061,317.89,60.2,0
24.72,0.1696,0.157,0.2138,132.78,49.18,0
37.81,0.1523,0.1108,0.2759,211.74,54.09,0
63.63,0.1842,0.1334,0.2826,316.8,61.12,0
63.21,0.1686,0.1296,0.2663,343.06,62.87,0
29.27,0.1742,0.123,0.1745,154.01,53.76,0
56.41,0.1722,0.1223,0.2153,314.65,57.69,0
24.35,0.1413,0.1216,0.2453,162.53,49.75,0
39.78,0.1647,0.098,0.2652,207.31,54.41,0
36.64,0.1771,0.1004,0.2258,194.03,56.2,0
65.11,0.1856,0.146,0.246,320.67,60.75,0
47.48,0.1713,0.1386,0.2586,254.85,58.55,0
24.58,0.2065,0.0832,0.2194,126.94,50.07,0
46.96,0.1362,0.1438,0.2349,244.61,54.9,0
24.62,0.14,0.1554,0.2683,128.42,48.94,0
58.57,0.189,0.1986,0.239,310.56,59.66,0
33.42,0.1743,0.1283,0.2809,195.83,55.41,0
70.56,0.1616,0.1475,0.38,352.28,60.38,0
66.01,0.2216,0.1591,0.3502,334.03,60.89,0
64.77,0.1708,0.1714,0.3088,341.14,63.26,0
70.57,0.1763,0.172,0.2771,375.81,63.15,0
44.96,0.1835,0.1712,0.2581,217.28,55.96,0
75.15,0.2182,0.1518,0.2693,350.84,63.42,0
43.61,0.1636,0.1275,0.2036,246.15,55.52,0
32.82,0.1723,0.126,0.2145,177.81,50.88,0
75.79,0.2043,0.1199,0.2784,393.4,65.54,0
34.54,0.1376,0.1155,0.2299,189.4,55.36,0
24.25,0.1463,0.1097,0.1864,147.84,50.05,0
70.5,0.1659,0.1472,0.3069,316.93,64.0,0
29.82,0.1742,0.4276,0.2101,168.57,84.89,1
70.25,0.197,0.1763,0.2761,346.68,63.02,0
45.0,0.1946,0.1724,0.2421,216.02,57.05,0
67.7,0.2072,0.1357,0.2467,347.16,60.81,0
37.19,0.1906,0.1337,0.2064,222.07,54.45,0
62.1,0.1991,0.1448,0.2562,344.39,58.45,0
51.58,0.1718,0.1426,0.2093,243.15,56.25,0
23.23,0.1099,0.1126,0.2237,126.32,52.46,0
72.55,0.195,0.148,0.2957,391.47,64.74,0
53.91,0.4424,0.1358,0.7663,270.61,57.59,1
53.91,0.16,0.1295,0.2299,289.52,56.0,0
22.18,0.1465,0.1254,0.27,127.86,53.44,0
40.34,0.1372,0.1407,0.2549,215.74,54.96,0
38.93,0.1663,0.0969,0.2557,211.9,54.21,0
24.93,0.1442,0.0982,0.2023,149.06,52.55,0
64.54,0.1819,0.1518,0.2979,351.61,60.93,0
38.44,0.1588,0.114,0.2324,201.74,53.71,0
32.9,0.1866,0.1114,0.2767,166.88,54.69,0
76.33,0.1828,0.1829,0.2448,392.83,63.22,0
65.53,0.1739,0.1571,0.2908,549.89,60.51,1
58.43,0.1815,0.1613,0.2699,297.82,61.06,0
52.67,0.189,0.1232,0.2812,280.54,59.15,0
58.26,0.2057,0.1735,0.3195,311.41,60.06,0
75.61,0.2002,0.1435,0.3369,401.52,62.73,0
65.6,0.1562,0.1122,0.2882,329.81,63.46,0
30.63,0.1521,0.1247,0.2365,182.28,51.8,0
40.57,0.1521,0.1296,0.1784,222.47,54.78,0
32.48,0.1506,0.1043,0.233,176.25,52.07,0
60.93,0.4827,0.1514,1.0996,296.46,61.0,1
57.69,0.1711,0.1346,0.2707,290.36,57.94,0
53.69,0.1804,0.1637,0.2454,251.87,57.1,0
43.08,0.1559,0.1218,0.2174,224.39,55.01,0
72.49,0.1752,0.1546,0.2872,379.36,64.92,0
69.96,0.1787,0.1219,0.2866,366.27,61.74,0
21.13,0.1274,0.1341,0.1729,120.78,51.53,0
25.88,0.1554,0.1354,0.2265,158.23,51.16,0
32.65,0.1737,0.1207,0.244,164.55,53.85,0
30.58,0.1537,0.1044,0.2159,187.67,52.25,0
45.46,0.1531,0.1198,0.2909,249.16,57.84,0
76.97,0.1649,0.1591,0.3071,380.25,68.51,0
44.42,0.154,0.1227,0.2379,253.16,55.68,0
34.01,0.1834,0.1281,0.2759,177.28,55.09,0
48.7,0.1729,0.1461,0.2432,252.57,58.42,0
61.01,0.2001,0.1666,0.2746,293.31,58.05,0
59.9,0.1604,0.1353,0.2507,313.74,58.97,0
61.01,0.1828,0.1309,0.2174,324.97,60.66,0
69.84,0.1815,0.1543,0.2192,360.26,62.43,0
36.79,0.1653,0.1314,0.2493,222.85,53.88,0
25.16,0.1754,0.09,0.2288,127.89,49.75,0
61.35,0.1954,0.129,0.2601,300.59,59.42,0
35.66,0.1787,0.6258,0.2603,198.62,81.07,1
61.56,0.1692,0.1247,0.3074,330.1,57.7,0
41.05,0.1542,0.1475,0.2283,244.57,53.55,0
75.32,0.1757,0.1954,0.2589,336.14,63.53,0
57.02,0.1727,0.1471,0.2651,482.39,58.99,1
53.47,0.1926,0.1365,0.2583,268.21,60.15,0
65.47,0.1525,0.1778,0.2778,358.48,63.09,0
30.56,0.1806,0.1217,0.2682,153.22,50.6,0
48.99,0.166,0.4285,0.2634,253.36,93.2,1
70.35,0.1617,0.1466,0.309,376.5,61.08,0
54.93,0.1803,0.1948,0.2609,279.68,59.89,0
29.53,0.1478,0.1021,0.1768,168.4,53.52,0
37.4,0.1828,0.1296,0.287,205.86,55.77,0
63.09,0.16,0.1275,0.3108,307.94,61.95,0
27.95,0.1092,0.1269,0.1821,167.01,50.76,0
37.76,0.1304,0.1443,0.2397,203.59,53.84,0
34.39,0.1442,0.11,0.2454,196.45,53.41,0
51.71,0.1698,0.1175,0.2403,278.81,57.97,0
33.36,0.1503,0.1032,0.2685,182.3,52.86,0
58.06,0.1637,0.1493,0.2615,297.89,61.44,0
50.37,0.1547,0.1517,0.2575,287.9,61.73,0
65.17,0.2028,0.1584,0.2812,326.99,62.16,0
46.34,0.1911,0.1404,0.2736,270.73,55.6,0
34.11,0.1562,0.1314,0.2326,191.73,53.9,0
75.42,0.224,0.1743,0.3008,377.67,64.55,0
46.38,0.1609,0.1421,0.2529,260.7,57.81,0
76.9,0.1665,0.1533,0.2996,410.21,63.21,0
26.17,0.1282,0.1207,0.2275,123.14,51.97,0
73.18,0.1769,0.1553,0.2653,390.19,63.28,0
39.5,0.1694,0.1156,0.2543,389.66,53.28,1
63.53,0.1791,0.1408,0.2847,319.79,58.61,0
35.45,0.1337,0.1011,0.2989,235.92,55.05,0
48.0,0.1574,0.1335,0.2024,258.45,57.46,0
67.66,0.1821,0.1507,0.248,355.55,59.38,0
24.74,0.1545,0.1246,0.1836,143.65,51.38,0
54.12,0.6809,0.1166,0.8854,288.86,58.33,1
75.15,0.2169,0.1356,0.3287,397.5,62.93,0
21.91,0.1396,0.1347,0.2131,151.65,51.45,0
46.01,0.2115,0.157,0.2307,251.9,55.97,0
53.75,0.213,0.1222,0.2469,278.78,57.71,0
29.18,0.1544,0.1176,0.2089,183.15,51.74,0
67.25,0.1851,0.13,0.304,387.7,60.45,0
45.26,0.1943,0.1576,0.2398,255.83,56.57,0
45.94,0.1607,0.1452,0.2477,214.27,56.39,0
24.72,0.1526,0.1197,0.1439,151.32,52.12,0
42.64,0.1405,0.1213,0.2366,230.15,52.82,0
70.06,0.1796,0.176,0.2724,361.86,61.48,0
31.72,0.1661,0.1334,0.1915,165.88,52.36,0
52.73,0.1731,0.168,0.291,278.92,60.11,0
72.49,0.2007,0.1742,0.2666,376.59,62.56,0
62.93,0.1796,0.1441,0.2931,326.84,61.0,0
52.95,0.1546,0.11,0.2322,253.41,57.22,0
25.15,0.1416,0.1197,0.2301,134.97,50.23,0
44.55,0.1898,0.1419,0.2162,237.31,57.33,0
43.14,0.1651,0.1289,0.2448,492.51,55.92,1
26.39,0.1404,0.1089,0.223,154.38,52.72,0
43.15,0.1384,0.1381,0.2858,253.17,55.48,0
22.51,0.1558,0.1254,0.1627,135.41,51.52,0
26.63,0.1546,0.1001,0.2712,145.51,49.57,0
63.68,0.1666,0.1373,0.2796,366.83,58.18,0
71.1,0.1881,0.1376,0.3145,366.37,61.44,0
69.55,0.2023,0.1383,0.2866,375.28,61.89,0
77.22,0.1772,0.1906,0.2976,396.69,63.38,0
71.04,0.1622,0.1539,0.2654,373.15,67.43,0
31.63,0.1479,0.0969,0.2322,173.77,55.8,0
69.25,0.1825,0.1738,0.3002,363.36,65.03,0
59.2,0.1733,0.1314,0.2643,300.92,56.96,0
53.59,0.158,0.1392,0.2756,289.81,57.09,0
59.98,0.1815,0.1639,0.2478,311.69,57.32,0
67.34,0.1801,0.1597,0.2578,332.78,62.99,0
31.86,0.1647,0.1492,0.2734,196.31,53.64,0
42.35,0.142,0.096,0.2711,250.74,57.37,0
52.52,0.1723,0.1481,0.3222,254.48,58.01,0
28.56,0.1312,0.1366,0.2826,155.16,52.29,0
26.85,0.146,0.128,0.2349,137.36,51.18,0
53.52,0.1752,0.1079,0.2507,277.78,58.67,0
27.89,0.154,0.1296,0.2413,151.61,52.46,0
52.99,0.161,0.1095,0.2939,273.31,59.35,0
40.0,0.1631,0.1481,0.2187,231.92,55.83,0
31.01,0.1723,0.1315,0.266,188.69,54.71,0
40.46,0.1635,0.1772,0.2764,222.06,52.73,0
28.31,0.1467,0.0967,0.1864,336.75,51.59,1
60.59,0.1717,0.0991,0.2674,311.15,61.02,0
76.18,0.1996,0.1191,0.2944,399.44,61.82,0
65.83,0.1455,0.1714,0.2759,368.98,63.36,0
26.69,0.1444,0.0867,0.2607,143.74,52.82,0
49.35,0.1767,0.1308,0.218,279.33,57.73,0
23.62,0.14,0.1061,0.2114,154.64,48.59,0
68.23,0.1639,0.1774,0.2896,342.14,60.09,0
71.2,0.2211,0.1576,0.3094,361.49,65.51,0
55.35,0.1444,0.1579,0.2414,294.18,59.66,0
38.84,0.1739,0.1274,0.2678,185.17,55.29,0
75.24,0.2109,0.1564,0.386,578.8,63.59,1
57.66,0.192,0.1417,0.2773,280.76,57.09,0
41.18,0.1744,0.142,0.2812,227.59,57.29,0
42.45,0.1732,0.1259,0.2461,231.46,57.0,0
64.06,0.2093,0.1705,0.2683,345.57,58.09,0
45.74,0.1692,0.1366,0.3002,245.85,56.34,0
47.45,0.1555,0.1287,0.2617,276.59,58.51,0
29.84,0.1833,0.1257,0.2103,158.67,53.49,0
39.59,0.1427,0.138,0.1889,230.4,57.52,0
70.24,0.1652,0.1673,0.314,358.65,62.58,0
53.21,0.1603,0.1257,0.241,302.05,57.58,0
39.22,0.165,0.1456,0.1856,218.42,56.39,0
55.93,0.1795,0.1385,0.2487,260.76,57.32,0
56.47,0.164,0.1789,0.2576,303.32,57.73,0
64.88,0.2038,0.1528,0.2978,296.87,62.36,0
59.72,0.1773,0.1401,0.2452,320.19,60.03,0
60.63,0.1772,0.1457,0.2536,295.88,60.97,0
60.81,0.1813,0.1715,0.2473,319.27,60.51,0
36.97,0.1856,0.1498,0.2632,194.02,53.55,0
77.75,0.2135,0.1815,0.3184,390.55,64.67,0
52.14,0.172,0.102,0.2383,292.83,61.47,0
25.9,0.1549,0.1081,0.2592,150.0,52.47,0
74.84,0.19,0.1526,0.3101,383.8,64.75,0
43.95,0.1516,0.1553,0.2425,223.92,59.01,0
33.78,0.1386,0.1052,0.2691,185.06,54.05,0
51.78,0.178,0.4584,0.2643,260.82,102.59,1
64.41,0.2047,0.1268,0.2615,343.37,59.7,0
36.74,0.1286,0.128,0.2138,224.22,54.21,0
77.72,0.2019,0.1684,0.334,367.7,63.65,0
51.88,0.14,0.1576,0.2768,281.23,57.83,0
33.53,0.158,0.1454,0.2032,183.29,52.5,0
76.37,0.2104,0.1557,0.3131,394.64,64.52,0
70.94,0.1728,0.1192,0.3006,356.26,60.31,0
57.06,0.1809,0.1306,0.2584,290.71,59.94,0
39.49,0.1777,0.1077,0.201,245.62,53.25,0
56.88,0.1477,0.1638,0.2808,303.02,61.88,0
56.72,0.2044,0.1633,0.2981,298.85,62.01,0
62.13,0.168,0.1608,0.2722,306.93,62.02,0
28.61,0.1584,0.17,0.2338,180.55,53.02,0
44.95,0.1565,0.129,0.2355,248.31,56.07,0
39.08,0.1617,0.1725,0.2048,235.95,54.33,0
56.16,0.1693,0.1219,0.3058,317.53,56.1,0
48.25,0.1602,0.1517,0.2713,266.62,59.67,0
67.06,0.197,0.1538,0.3386,311.94,62.27,0
76.0,0.1858,0.1648,0.2739,405.52,64.61,0
70.7,0.1953,0.1528,0.3106,365.53,62.25,0
28.29,0.1206,0.0943,0.2137,137.15,51.91,0
27.18,0.1535,0.1395,0.2646,155.37,51.29,0
74.62,0.1878,0.1436,0.2393,377.6,60.57,0
66.71,0.2049,0.1874,0.2591,351.38,60.5,0
50.41,0.1402,0.132,0.2431,255.23,57.52,0
50.92,0.157,0.148,0.221,282.48,58.33,0
46.5,0.1709,0.1562,0.1771,257.38,59.81,0
58.54,0.1663,0.1944,0.2425,295.16,59.48,0
60.61,0.1577,0.1449,0.2768,281.01,61.63,0
56.04,0.1597,0.1136,0.2268,306.97,58.41,0
33.45,0.1412,0.1147,0.3102,195.48,53.34,0
48.34,0.138,0.1511,0.2947,241.33,57.49,0
54.81,0.16,0.144,0.2728,266.14,59.54,0
57.36,0.2323,0.1664,0.2996,304.31,58.75,0
34.69,0.1549,0.128,0.2681,197.11,52.51,0
42.48,0.1653,0.1393,0.2598,242.48,57.08,0
42.12,0.1582,0.1507,0.2983,210.79,56.03,0
55.76,0.1977,0.1519,0.2759,280.88,59.71,0
53.67,0.1723,0.1249,0.2888,286.21,59.06,0
57.53,0.1656,0.1456,0.2402,292.63,57.04,0
39.34,0.1561,0.1386,0.2845,228.53,56.93,0
54.13,0.1954,0.1263,0.2848,270.67,57.9,0
70.7,0.2063,0.1286,0.2993,365.86,62.9,0
62.99,0.1428,0.1221,0.3137,330.26,60.51,0
26.19,0.1447,0.1047,0.2738,142.86,52.92,0
49.01,0.1785,0.16,0.2487,261.04,55.32,0
35.05,0.1552,0.1121,0.2037,190.74,54.34,0
31.95,0.2066,0.1066,0.2435,164.84,51.25,0
28.56,0.1582,0.122,0.2431,178.59,52.57,0
73.29,0.2074,0.1476,0.2675,391.11,62.1,0
48.69,0.1405,0.13,0.2414,277.48,55.7,0
44.39,0.1352,0.1688,0.307,209.97,58.71,0
23.32,0.1274,0.1385,0.1906,136.86,52.03,0
31.22,0.1251,0.1132,0.2303,194.96,51.14,0
38.85,0.163,0.1827,0.216,208.1,54.24,0
70.6,0.1736,0.1497,0.3007,359.33,63.88,0
29.17,0.1139,0.1624,0.2176,155.24,53.93,0
56.45,0.1953,0.0929,0.1787,309.19,56.85,0
39.23,0.1604,0.1341,0.2494,197.03,57.07,0
66.72,0.1875,0.1562,0.2935,332.74,62.82,0
56.28,0.161,0.1449,0.2384,304.59,57.45,0
45.15,0.1705,0.0716,0.248,239.25,57.13,0
36.83,0.1605,0.1233,0.2307,208.52,55.95,0
27.76,0.1557,0.0867,0.2379,179.24,51.9,0
74.82,0.1829,0.1792,0.3071,385.14,63.43,0
50.14,0.1592,0.1464,0.2565,269.87,58.54,0
26.41,0.1316,0.1218,0.217,173.24,52.0,0
31.99,0.1314,0.1397,0.2197,188.93,52.33,0
68.72,0.2257,0.1583,0.3316,363.02,62.3,0
60.43,0.1241,0.1373,0.2927,302.0,59.24,0
56.38,0.1489,0.1444,0.3153,267.49,56.86,0
49.45,0.1686,0.1435,0.277,254.79,55.22,0
21.65,0.1213,0.1325,0.2103,95.99,50.68,0
36.47,0.1557,0.1002,0.2184,211.82,54.88,0
27.87,0.1153,0.1093,0.2133,173.16,53.43,0
53.0,0.1293,0.1148,0.2705,295.57,58.69,0
50.31,0.1594,0.1525,0.29,282.3,59.64,0
41.51,0.1809,0.1434,0.225,225.32,54.54,0
59.62,0.1823,0.1516,0.2843,325.58,59.28,0
39.01,0.1731,0.1199,0.2194,187.53,54.34,0
75.51,0.2194,0.1275,0.2971,421.8,63.92,0
20.65,0.1527,0.1188,0.2328,115.01,51.27,0
77.59,0.1786,0.1699,0.3287,399.24,64.52,0
45.86,0.155,0.1447,0.1845,221.71,56.21,0
22.63,0.6009,0.0581,0.8908,138.0,51.26,1
53.73,0.1643,0.1581,0.2886,295.19,58.52,0
33.49,0.1362,0.1512,0.214,194.46,54.85,0
45.32,0.1689,0.5264,0.2495,228.89,110.63,1
34.73,0.1317,0.0825,0.2541,467.58,53.86,1
42.01,0.1507,0.1272,0.2401,216.44,56.1,0
69.35,0.2081,0.1679,0.2585,334.43,63.13,0
40.07,0.1785,0.1106,0.2497,241.83,54.42,0
64.35,0.1936,0.1273,0.2916,327.66,60.85,0
61.27,0.1552,0.1636,0.2781,484.58,59.78,1
35.44,0.2161,0.0894,0.2219,221.15,54.61,0
30.41,0.1401,0.1284,0.2078,155.88,54.53,0
42.99,0.1678,0.1481,0.2276,240.13,55.67,0
57.73,0.1681,0.1447,0.2105,278.18,60.11,0
31.0,0.1459,0.1317,0.2316,154.88,52.99,0
58.23,0.1251,0.1505,0.2582,297.04,60.9,0
72.49,0.1995,0.1578,0.3215,388.47,61.11,0
72.14,0.169,0.1402,0.305,355.54,63.45,0
39.61,0.1838,0.1346,0.241,188.64,53.91,0
28.74,0.1558,0.1309,0.2013,150.29,51.06,0
38.94,0.1887,0.1465,0.2329,224.69,54.91,0
48.05,0.1546,0.1566,0.2626,281.35,58.93,0
58.05,0.1584,0.1593,0.2859,315.16,58.6,0
38.9,0.1775,0.1567,0.2476,181.22,55.67,0
74.02,0.2025,0.161,0.2625,374.38,65.63,0
33.82,0.1663,0.1144,0.2601,156.93,53.83,0
23.35,0.1388,0.1373,0.1571,132.32,49.27,0
54.85,0.1515,0.1093,0.2601,292.16,58.7,0
56.57,0.1574,0.1291,0.2303,314.04,62.02,0
31.45,0.1671,0.0851,0.2215,164.33,51.51,0
27.82,0.1585,0.1137,0.2392,162.21,50.82,0
47.21,0.1781,0.1414,0.2407,261.59,57.04,0
62.66,0.1734,0.1459,0.2922,312.37,61.79,0
33.73,0.1284,0.1077,0.2323,179.91,52.84,0
63.62,0.172,0.137,0.2624,328.22,62.73,0
77.38,0.1813,0.1616,0.3273,361.56,63.51,0
38.04,0.1903,0.1605,0.2276,211.09,52.5,0
59.01,0.2016,0.1237,0.275,278.75,60.49,0
53.23,0.1613,0.1312,0.2862,287.96,58.26,0
32.6,0.1948,0.1563,0.2172,198.77,51.78,0
76.81,0.2048,0.1672,0.3422,358.98,65.26,0
53.29,0.1706,0.1388,0.2549,277.97,59.54,0
38.82,0.1519,0.156,0.2938,200.2,54.33,0
30.95,0.1696,0.132,0.2854,172.4,53.45,0
57.32,0.1658,0.1382,0.2899,294.74,55.07,0
49.4,0.1922,0.1791,0.2411,531.7,57.77,1
24.57,0.1362,0.1385,0.2461,125.94,50.73,0
23.05,0.154,0.6708,0.1741,152.09,103.55,1
49.75,0.1877,0.1444,0.2495,247.87,55.09,0
57.79,0.1624,0.1679,0.2459,288.44,59.82,0
65.99,0.1952,0.1494,0.2523,342.62,61.72,0
24.08,0.1692,0.081,0.1763,163.52,54.05,0
54.42,0.1539,0.1536,0.2544,288.0,59.14,0
73.11,0.1944,0.191,0.2638,365.01,61.88,0
21.4,0.1725,0.1216,0.2058,122.89,49.37,0
73.27,0.2024,0.1675,0.2808,381.87,64.55,0
75.6,0.1964,0.1493,0.3246,386.44,66.19,0
33.16,0.1711,0.1302,0.2682,175.71,52.91,0
20.43,0.1752,0.0828,0.2352,110.87,50.48,0
33.84,0.1679,0.1517,0.2771,192.69,52.68,0
71.68,0.2255,0.1629,0.2711,345.42,63.62,0
74.01,0.1939,0.1448,0.3151,401.17,63.57,0
30.41,0.1748,0.1259,0.2301,179.54,52.48,0
63.03,0.1695,0.1587,0.259,327.37,57.8,0
35.99,0.1938,0.1382,0.1992,179.29,54.73,0
37.37,0.1608,0.1352,0.2328,209.11,53.38,0
60.5,0.1843,0.181,0.2567,313.9,61.21,0
51.38,0.2007,0.1757,0.2569,286.9,58.06,0
53.07,0.1767,0.1807,0.2471,251.96,60.88,0
26.92,0.1445,0.1345,0.197,166.11,52.09,0
72.39,0.1825,0.1288,0.2965,352.63,61.71,0
54.58,0.1837,0.1424,0.2223,283.41,59.22,0
40.81,0.1573,0.1325,0.2718,215.46,56.2,0
53.38,0.1689,0.1472,0.2215,247.13,58.64,0
54.36,0.1957,0.1229,0.2695,271.19,58.17,0
58.45,0.1957,0.1142,0.2807,312.39,60.44,0
57.67,0.158,0.1449,0.2738,303.6,60.32,0
60.0,0.16,0.1578,0.2946,291.84,60.72,0
63.01,0.1448,0.1507,0.2939,325.27,61.42,0
76.35,0.1682,0.167,0.332,363.86,65.55,0
30.05,0.1916,0.1416,0.2571,192.05,54.52,0
37.83,0.1534,0.1597,0.2513,195.12,54.41,0
42.01,0.1761,0.1406,0.2438,230.99,56.91,0
69.94,0.1911,0.1569,0.2836,341.15,59.9,0
60.47,0.1983,0.1575,0.2995,311.62,60.31,0
22.05,0.1607,0.1063,0.2018,109.21,53.93,0
76.14,0.1601,0.1522,0.3099,398.96,66.25,0
49.59,0.1692,0.1681,0.2457,258.03,57.35,0
27.41,0.1499,0.1229,0.2126,147.59,54.12,0
74.55,0.2058,0.1538,0.3459,382.69,62.28,0
62.64,0.1726,0.1603,0.3018,336.5,59.33,0
62.41,0.1896,0.148,0.3054,320.1,60.54,0
23.14,0.1341,0.1134,0.2507,138.26,48.3,0
20.62,0.1221,0.1087,0.209,161.04,52.59,0
31.03,0.1448,0.1016,0.2204,172.69,53.46,0
50.96,0.1515,0.1184,0.2656,294.03,55.85,0
33.43,0.5552,0.1409,0.987,180.97,55.63,1
49.7,0.1688,0.1498,0.2838,240.91,57.94,0
21.62,0.1242,0.1419,0.1776,104.12,52.49,0
62.29,0.1816,0.1261,0.2981,307.02,60.58,0
67.83,0.1889,0.1599,0.3165,335.1,60.96,0
26.57,0.1257,0.1308,0.266,152.51,49.2,0
20.02,0.1563,0.1116,0.1843,117.62,46.96,0
56.29,0.1739,0.0953,0.2668,283.16,58.58,0
30.88,0.1601,0.1373,0.2244,173.03,52.79,0
73.46,0.1866,0.155,0.299,354.54,62.69,0
22.33,0.1255,0.1095,0.2123,120.05,51.95,0
48.06,0.1471,0.1181,0.2239,275.81,57.24,0
76.94,0.2133,0.1716,0.2718,379.89,65.7,0
50.22,0.1882,0.132,0.2958,249.9,56.77,0
32.11,0.5306,0.1756,0.7994,201.59,51.63,1
75.91,0.1817,0.1574,0.285,375.51,63.02,0
29.79,0.1212,0.1436,0.2613,186.36,52.54,0
38.16,0.1751,0.1331,0.2088,244.53,52.2,0
58.16,0.1864,0.1314,0.2711,279.93,58.58,0
33.99,0.1331,0.1426,0.2871,186.83,53.02,0
40.47,0.1996,0.1077,0.2188,200.72,53.78,0
63.01,0.192,0.134,0.3268,322.42,62.21,0
50.3,0.162,0.1359,0.2151,271.6,58.11,0
39.29,0.1744,0.1384,0.2636,196.36,56.0,0
46.57,0.1638,0.1064,0.2066,237.6,57.77,0
72.57,0.1662,0.1635,0.353,561.71,63.21,1
65.42,0.1685,0.1413,0.2811,349.11,62.41,0
70.05,0.1928,0.1579,0.287,377.24,63.71,0
29.08,0.1511,0.1291,0.2393,139.59,54.1,0
29.24,0.1438,0.1091,0.2219,182.12,50.58,0
45.57,0.185,0.1294,0.2604,235.7,55.4,0
60.99,0.1558,0.1299,0.287,336.85,62.55,0
23.23,0.1402,0.135,0.1899,145.92,49.15,0
64.63,0.1766,0.1449,0.277,352.43,63.5,0
43.21,0.1871,0.1384,0.3121,236.15,54.75,0
61.46,0.1705,0.1008,0.286,317.41,61.3,0
20.91,0.1556,0.1197,0.2037,125.05,47.39,0
31.3,0.1806,0.1581,0.245,181.66,54.68,0
20.25,0.1438,0.1294,0.2312,109.1,49.67,0
71.88,0.2081,0.1503,0.3225,361.59,61.4,0
63.42,0.1995,0.1522,0.2622,330.04,60.87,0
42.57,0.1801,0.143,0.2863,233.67,55.36,0
60.1,0.1607,0.1662,0.2895,316.99,58.39,0
39.15,0.1615,0.1274,0.2493,220.64,55.72,0
64.25,0.1629,0.162,0.2597,662.54,62.66,1
54.87,0.1963,0.113,0.2839,286.96,55.88,0
39.79,0.1259,0.0971,0.2249,226.55,52.96,0
46.85,0.1771,0.1286,0.224,241.2,54.61,0
57.0,0.1747,0.1908,0.2857,323.49,58.54,0
46.68,0.1601,0.1212,0.2424,237.94,59.85,0
21.55,0.1057,0.1289,0.1932,132.01,48.97,0
25.89,0.1444,0.1659,0.1618,163.47,51.14,0
56.07,0.1489,0.1376,0.2723,280.96,59.64,0
66.39,0.1789,0.1664,0.2595,348.86,62.47,0
34.32,0.1564,0.1293,0.2249,187.39,56.14,0
20.89,0.142,0.1013,0.2261,117.59,49.53,0
39.55,0.1521,0.135,0.2212,195.41,54.97,0
42.95,0.1391,0.132,0.2417,226.56,55.16,0
44.9,0.1608,0.1326,0.2655,249.62,57.64,0
43.98,0.1959,0.0878,0.2536,227.85,57.36,0
55.41,0.16,0.1203,0.2629,283.27,58.52,0
48.32,0.1665,0.1246,0.2767,267.15,55.36,0
37.83,0.1761,0.1422,0.2167,204.12,56.67,0
35.12,0.1607,0.1336,0.1425,215.49,57.04,0
43.76,0.1594,0.1426,0.2091,219.95,55.06,0
64.46,0.1459,0.1428,0.3136,329.28,62.77,0
22.85,0.1292,0.1309,0.2431,132.06,50.67,0
66.81,0.188,0.1843,0.3131,325.46,64.78,0
66.83,0.1856,0.1741,0.2782,345.4,59.08,0
20.69,0.1507,0.1035,0.1379,107.57,50.39,0
53.87,0.1354,0.1456,0.2726,281.82,57.24,0
64.45,0.1528,0.1744,0.3219,336.22,62.47,0
38.45,0.1636,0.1358,0.218,204.67,56.23,0
69.4,0.1599,0.137,0.2853,670.86,62.38,1
27.84,0.1266,0.1151,0.2708,147.42,50.19,0
38.79,0.1505,0.1078,0.2479,199.84,56.75,0
29.31,0.1486,0.1163,0.2111,163.94,49.95,0
64.83,0.191,0.1599,0.212,333.03,60.63,0
37.26,0.2123,0.1166,0.1828,179.55,52.92,0
39.71,0.1683,0.1393,0.2653,216.36,52.56,0
66.56,0.1861,0.1604,0.3104,308.47,60.06,0
39.34,0.1519,0.1459,0.2768,197.71,52.97,0
42.15,0.185,0.4979,0.2623,258.93,96.26,1
39.5,0.1262,0.1446,0.2708,218.84,55.53,0
34.28,0.1402,0.1101,0.2873,194.01,54.41,0
21.6,0.1315,0.1127,0.2036,149.13,51.57,0
39.54,0.1586,0.1385,0.2515,214.59,56.87,0
44.56,0.1627,0.1725,0.2322,239.49,54.79,0
50.76,0.1644,0.1598,0.2888,263.4,57.49,0
21.34,0.1426,0.1098,0.2311,392.81,50.62,1
40.69,0.1736,0.1238,0.2319,232.02,53.51,0
21.31,0.1105,0.1306,0.1954,127.52,52.3,0
69.89,0.2096,0.1572,0.3335,362.71,62.12,0
70.18,0.1553,0.1573,0.2911,379.64,62.06,0
24.08,0.1211,0.1108,0.2304,156.75,48.55,0
31.09,0.1505,0.1127,0.2343,177.65,54.8,0
36.7,0.1467,0.112,0.2567,211.52,54.24,0
65.01,0.194,0.1719,0.2859,346.7,58.66,0
63.37,0.4085,0.1565,0.9198,323.72,59.04,1
63.34,0.1519,0.4687,0.2573,322.6,91.99,1
20.12,0.1311,0.118,0.2125,116.49,50.93,0
36.86,0.1088,0.1238,0.2434,210.33,51.37,0
75.48,0.1941,0.1588,0.291,397.59,66.22,0
45.07,0.1714,0.1351,0.2717,227.68,53.57,0
24.68,0.1312,0.1159,0.2136,158.02,50.88,0
41.37,0.1689,0.128,0.1231,236.94,55.18,0
75.4,0.2014,0.167,0.3161,407.25,65.52,0
66.8,0.1754,0.1838,0.3071,331.23,59.12,0
42.71,0.1705,0.1195,0.2736,243.64,56.25,0
67.21,0.1652,0.1139,0.3383,345.66,60.05,0
40.74,0.1534,0.1221,0.2904,201.51,55.74,0
28.87,0.1557,0.1327,0.2442,164.05,55.21,0
47.96,0.1725,0.1414,0.2838,258.95,58.22,0
37.39,0.1573,0.1423,0.2553,223.76,51.68,0
28.29,0.1524,0.1019,0.2194,185.11,51.78,0
44.12,0.1572,0.1588,0.1861,249.91,55.11,0
72.3,0.193,0.1716,0.2095,364.72,63.08,0
69.1,0.1747,0.1189,0.254,342.46,62.99,0
55.22,0.1844,0.1104,0.3178,289.33,59.54,0
29.17,0.1658,0.1253,0.2314,173.53,51.52,0
55.18,0.1656,0.1478,0.2634,281.38,58.31,0
54.11,0.1732,0.1674,0.269,273.17,56.66,0
58.84,0.1631,0.1733,0.2842,305.04,58.92,0
67.52,0.2046,0.1221,0.3231,359.55,62.18,0
71.68,0.2143,0.1656,0.3047,396.65,61.8,0
30.08,0.1636,0.1266,0.2333,170.75,52.08,0
59.36,0.2037,0.1408,0.2939,289.87,60.33,0
59.9,0.2079,0.1212,0.2288,291.04,58.85,0
55.68,0.1917,0.0959,0.2425,302.93,60.02,0
76.03,0.2377,0.1714,0.307,393.86,65.63,0
36.92,0.1653,0.1166,0.2788,179.76,53.29,0
35.09,0.1339,0.1257,0.2018,187.91,52.8,0
35.24,0.16,0.154,0.2067,187.82,55.68,0
45.72,0.1761,0.1392,0.2374,241.41,54.96,0
31.54,0.1225,0.097,0.2515,179.12,52.4,0
20.69,0.18,0.1266,0.2179,134.47,51.06,0
42.43,0.1742,0.1437,0.2326,226.95,53.98,0
68.16,0.1833,0.1765,0.3027,325.58,63.18,0
76.65,0.2124,0.1777,0.2938,383.72,63.1,0
36.84,0.1612,0.1256,0.2067,202.13,53.56,0
26.05,0.1558,0.141,0.2252,177.27,50.68,0
28.92,0.1665,0.1027,0.1935,158.22,51.86,0
60.16,0.1954,0.1406,0.3088,312.89,58.37,0
56.33,0.1962,0.1468,0.2519,296.92,59.39,0
37.37,0.1689,0.1137,0.2572,200.77,55.13,0
75.5,0.2006,0.1533,0.3214,421.56,66.42,0
29.58,0.137,0.0908,0.2488,139.08,53.65,0
44.57,0.1718,0.1372,0.2485,234.0,60.86,0
47.49,0.1575,0.1439,0.2471,253.0,56.3,0
51.2,0.1682,0.0809,0.2316,268.79,58.62,0
37.1,0.1676,0.1111,0.2141,187.74,56.68,0
57.96,0.1724,0.153,0.2315,276.91,59.66,0
75.64,0.1803,0.6676,0.2443,393.97,92.99,1
20.19,0.1618,0.136,0.2297,128.3,49.81,0
20.84,0.1575,0.106,0.2636,113.3,49.39,0
68.31,0.1641,0.1488,0.2703,348.47,63.22,0
49.73,0.1642,0.1224,0.2563,264.74,57.83,0
31.39,0.1422,0.1029,0.2367,188.92,55.58,0
67.91,0.1648,0.1677,0.2945,340.94,62.34,0
24.88,0.1341,0.1106,0.1991,126.72,52.34,0
27.94,0.141,0.0994,0.2147,162.67,51.92,0
69.47,0.1768,0.1886,0.3335,333.73,60.18,0
25.86,0.1322,0.0818,0.2036,154.45,50.89,0
72.96,0.2061,0.1532,0.3261,373.29,64.82,0
36.43,0.1343,0.1582,0.2726,199.94,54.78,0
67.24,0.1928,0.1761,0.2717,348.72,62.98,0
34.44,0.1712,0.1371,0.2109,194.45,51.54,0
60.34,0.183,0.1704,0.2667,291.58,61.63,0
20.87,0.1428,0.1022,0.2177,142.16,52.36,0
36.61,0.1408,0.1152,0.2255,205.77,55.0,0
37.79,0.1679,0.1447,0.2422,214.64,53.92,0
27.36,0.1137,0.1462,0.242,164.87,49.83,0
55.24,0.1845,0.1766,0.2418,274.65,58.87,0
54.09,0.1809,0.1498,0.2763,281.38,58.26,0
36.76,0.147,0.1254,0.2415,221.28,56.03,0
67.18,0.1692,0.1638,0.2671,346.04,64.6,0
35.24,0.1315,0.1008,0.164,197.02,56.0,0
51.13,0.2116,0.407,0.2538,264.14,95.48,1
75.43,0.1708,0.1427,0.3134,383.89,64.6,0
41.81,0.1441,0.1207,0.2329,227.92,51.76,0
37.51,0.1419,0.136,0.2187,203.72,52.18,0
37.51,0.1683,0.127,0.2459,186.65,52.43,0
72.87,0.1909,0.2119,0.3164,355.36,62.4,0
68.37,0.1881,0.1688,0.2519,358.7,62.29,0
24.33,0.1443,0.1337,0.2137,136.24,51.6,0
27.13,0.1368,0.1415,0.2175,124.38,51.72,0
28.63,0.1812,0.1024,0.2969,165.83,51.5,0
58.16,0.218,0.1364,0.2431,291.66,61.31,0
61.73,0.2219,0.1508,0.2918,314.6,61.36,0
50.61,0.1564,0.1251,0.239,263.87,56.05,0
73.62,0.1825,0.1518,0.2913,393.54,60.28,0
47.9,0.1527,0.1676,0.3175,271.34,56.88,0
57.15,0.1814,0.13,0.2764,293.37,60.28,0
43.36,0.1702,0.1267,0.2758,211.85,53.97,0
67.68,0.1575,0.2037,0.3565,365.53,61.5,0
69.25,0.1861,0.1859,0.2864,333.99,64.58,0
35.01,0.172,0.1539,0.2326,200.22,54.48,0
44.49,0.1859,0.1355,0.2052,239.18,57.44,0
20.65,0.1279,0.0821,0.2732,167.66,50.33,0
77.89,0.1818,0.1735,0.306,392.48,64.69,0
72.73,0.1938,0.1854,0.289,385.96,64.2,0
77.55,0.1908,0.1518,0.3228,376.59,64.75,0
53.08,0.1938,0.1165,0.2051,281.74,59.47,0
54.76,0.1944,0.1477,0.241,275.22,58.71,0
21.98,0.1699,0.1326,0.235,141.32,50.01,0
39.15,0.1381,0.1304,0.2924,207.29,54.8,0
46.68,0.1518,0.1743,0.2922,252.78,56.25,0
49.01,0.1695,0.1269,0.1992,263.33,57.04,0
54.46,0.1352,0.1291,0.3297,282.53,55.9,0
26.0,0.159,0.1276,0.1957,166.34,51.36,0
42.45,0.1685,0.1396,0.232,221.79,52.78,0
69.57,0.2183,0.1809,0.2911,348.3,64.07,0
44.42,0.1823,0.1294,0.2386,246.3,57.03,0
43.92,0.1772,0.1647,0.2719,242.99,53.64,0
52.48,0.1722,0.4958,0.2558,281.81,112.24,1
38.82,0.1694,0.1243,0.2734,219.85,55.86,0
68.23,0.2273,0.1784,0.3117,334.55,61.65,0
69.8,0.1961,0.1944,0.31,350.54,61.13,0
23.82,0.133,0.1488,0.233,127.32,53.54,0
45.75,0.1683,0.116,0.2932,227.92,58.27,0
64.68,0.2055,0.1479,0.2838,369.11,59.9,0
62.39,0.1985,0.1477,0.3037,319.03,61.53,0
22.37,0.1577,0.1091,0.1687,112.3,52.75,0
42.33,0.1682,0.1194,0.2586,216.61,56.44,0
67.33,0.1939,0.133,0.3375,328.35,60.88,0
41.44,0.188,0.1462,0.2652,213.51,54.54,0
34.08,0.149,0.1165,0.176,166.69,55.5,0
55.68,0.1652,0.1364,0.2639,303.52,60.78,0
69.74,0.1792,0.1772,0.3286,369.3,65.45,0
25.68,0.1539,0.1353,0.2157,166.58,54.82,0
63.06,0.1655,0.1713,0.2989,331.92,65.14,0
60.4,0.1805,0.1595,0.3036,330.79,57.76,0
54.23,0.1603,0.1475,0.2979,296.55,57.5,0
50.25,0.1757,0.1176,0.2496,242.8,57.23,0
61.72,0.1468,0.1194,0.2515,309.36,59.98,0
48.6,0.1598,0.14,0.2557,255.14,56.97,0
41.17,0.1725,0.1065,0.1853,227.39,55.94,0
77.59,0.2211,0.2274,0.3107,401.78,67.21,0
39.17,0.1667,0.15,0.2337,180.35,52.72,0
61.38,0.153,0.1563,0.2844,311.76,60.1,0
66.22,0.1681,0.1523,0.315,337.27,59.04,0
39.81,0.1692,0.1562,0.2124,212.97,56.17,0
22.13,0.1456,0.1392,0.2403,149.79,51.71,0
61.64,0.2068,0.1304,0.2386,289.23,61.77,0
38.15,0.1961,0.1609,0.2969,469.92,53.5,1
30.97,0.1581,0.1029,0.2643,169.05,53.92,0
21.52,0.1243,0.0914,0.2415,152.92,47.88,0
21.04,0.1675,0.1292,0.1833,102.93,49.36,0
37.72,0.1332,0.0837,0.2288,239.02,53.0,0
38.22,0.1492,0.1625,0.258,213.4,56.09,0
64.32,0.1873,0.1581,0.2595,353.68,60.68,0
52.14,0.1724,0.1692,0.2703,279.13,58.19,0
32.52,0.1591,0.1002,0.1772,200.62,51.68,0
68.05,0.1953,0.1665,0.2706,356.05,61.08,0
73.62,0.1896,0.1655,0.3061,360.44,66.08,0
67.09,0.1774,0.134,0.3006,363.13,61.82,0
38.99,0.1373,0.1406,0.1891,230.27,56.32,0
67.2,0.224,0.1513,0.2263,338.63,61.87,0
34.88,0.1441,0.1115,0.2214,219.87,53.67,0
40.32,0.1467,0.139,0.2257,229.45,53.84,0
65.73,0.1648,0.1288,0.2813,345.85,60.61,0
51.2,0.1435,0.1333,0.2275,276.61,57.01,0
33.87,0.1673,0.1211,0.2647,186.71,54.2,0
51.15,0.1952,0.1432,0.2671,299.19,58.19,0
74.58,0.1937,0.1387,0.3304,394.14,63.51,0
44.36,0.175,0.1296,0.2478,224.58,56.21,0
40.96,0.1587,0.1428,0.2307,200.52,55.55,0
34.52,0.1487,0.1201,0.2419,162.01,55.31,0
66.74,0.1733,0.1526,0.3157,332.46,61.41,0
56.62,0.15,0.1234,0.2489,292.31,57.61,0
53.58,0.1595,0.6514,0.259,283.52,89.41,1
34.23,0.1744,0.1586,0.2111,187.1,55.69,0
62.31,0.1846,0.1254,0.2244,298.14,60.56,0
47.91,0.1478,0.1378,0.3411,268.17,57.39,0
59.13,0.1685,0.1402,0.3052,288.36,59.19,0
62.55,0.1754,0.1711,0.275,295.1,60.42,0
71.27,0.2023,0.1773,0.2964,359.53,65.4,0
62.36,0.1884,0.1628,0.2586,315.26,61.35,0
65.54,0.1597,0.1394,0.2573,329.23,59.29,0
45.2,0.1741,0.1281,0.247,250.25,54.99,0
39.41,0.1606,0.1609,0.1943,238.28,56.21,0
54.45,0.1895,0.1486,0.2548,271.22,58.86,0
24.83,0.1802,0.0996,0.2116,155.84,49.77,0
74.38,0.1926,0.1772,0.2748,353.75,63.28,0
44.3,0.198,0.1283,0.1913,225.82,54.67,0
24.69,0.1592,0.1042,0.2688,152.47,51.4,0
30.21,0.1152,0.1041,0.233,171.34,49.89,0
50.59,0.2137,0.6379,0.2287,224.67,105.22,1
23.88,0.1511,0.1173,0.2307,146.89,50.83,0
73.2,0.1926,0.151,0.2916,659.77,64.63,1
32.09,0.1454,0.1373,0.2611,161.59,53.06,0
59.81,0.2016,0.1265,0.2538,300.83,58.73,0
42.44,0.1645,0.103,0.2251,233.54,53.29,0
29.61,0.1669,0.1533,0.2623,161.46,52.9,0
70.39,0.1745,0.147,0.2968,350.98,64.6,0
37.99,0.1836,0.1021,0.2627,212.9,55.44,0
64.57,0.1851,0.1474,0.3216,327.51,61.33,0
27.23,0.1112,0.1018,0.2927,141.24,52.28,0
67.09,0.1886,0.1949,0.274,354.65,60.69,0
30.33,0.1094,0.0973,0.2846,164.68,54.83,0
53.71,0.1781,0.1517,0.2564,266.27,56.9,0
46.73,0.1816,0.1343,0.259,264.31,55.66,0
42.2,0.1539,0.1433,0.2992,235.56,56.38,0
72.01,0.1865,0.1412,0.3116,361.54,63.07,0
24.54,0.1358,0.1262,0.1975,143.79,52.88,0
57.36,0.1618,0.1474,0.2645,287.07,57.61,0
67.62,0.2183,0.1438,0.2652,356.18,58.27,0
71.43,0.1915,0.1505,0.2935,366.75,63.12,0
69.91,0.1572,0.1631,0.276,327.52,59.45,0
58.08,0.1906,0.1536,0.215,301.87,61.06,0
72.0,0.1669,0.1542,0.2692,364.59,63.51,0
48.37,0.1741,0.1452,0.2213,264.22,56.38,0
56.6,0.177,0.1568,0.2123,288.05,60.44,0
44.86,0.1618,0.1234,0.1817,239.87,57.41,0
51.43,0.1616,0.1218,0.2887,254.35,58.74,0
31.11,0.166,0.0781,0.1711,180.8,54.01,0
33.97,0.1303,0.1203,0.243,187.36,53.17,0
42.42,0.1562,0.1516,0.2155,255.87,55.86,0
61.17,0.2003,0.1669,0.2542,310.77,56.18,0
70.27,0.6038,0.1657,0.847,380.36,59.72,1
67.38,0.2093,0.1298,0.3192,322.12,64.06,0
44.22,0.1368,0.1487,0.2458,238.45,54.49,0
62.63,0.1706,0.1427,0.2223,322.52,60.59,0
75.5,0.1836,0.1847,0.3095,366.95,63.78,0
75.63,0.2076,0.1616,0.2624,392.19,65.86,0
23.37,0.1033,0.1162,0.2071,158.31,52.99,0
46.21,0.1296,0.6964,0.2344,253.84,84.65,1
30.09,0.1716,0.1436,0.2439,146.92,50.64,0
50.56,0.1492,0.1617,0.2972,277.41,58.52,0
77.87,0.169,0.1793,0.3248,414.89,63.33,0
76.47,0.1867,0.1628,0.2307,391.92,65.39,0
48.33,0.1323,0.1347,0.263,276.7,59.39,0
45.75,0.1289,0.1359,0.2903,226.38,54.46,0
58.35,0.2044,0.1022,0.3055,297.09,60.77,0
46.76,0.1973,0.1183,0.2505,246.15,55.98,0
21.55,0.1555,0.106,0.1594,120.6,51.78,0
41.24,0.185,0.1533,0.2667,219.5,54.2,0
65.94,0.1691,0.1615,0.239,314.56,62.4,0
23.59,0.177,0.1598,0.2394,143.74,50.34,0
33.09,0.122,0.1319,0.2673,176.98,53.1,0
58.84,0.151,0.1255,0.2385,311.37,58.51,0
30.25,0.1937,0.1471,0.224,168.84,52.54,0
72.56,0.1974,0.1817,0.2763,392.38,61.87,0
28.55,0.1726,0.1343,0.2041,159.77,50.43,0
50.59,0.2052,0.1329,0.2542,281.89,57.71,0
73.07,0.1961,0.1935,0.2405,389.53,62.93,0
74.45,0.1624,0.1773,0.2848,383.64,62.49,0
66.36,0.1975,0.1171,0.2542,329.67,57.97,0
26.58,0.1571,0.1559,0.1967,141.59,51.21,0
22.1,0.1494,0.1294,0.2191,139.19,48.1,0
48.3,0.1565,0.0821,0.2643,249.53,57.22,0
47.51,0.1644,0.1651,0.2968,263.3,58.97,0
58.24,0.155,0.1717,0.2246,317.99,57.25,0
45.45,0.1736,0.1355,0.2316,219.98,55.28,0
32.66,0.1501,0.118,0.2382,175.24,52.57,0
74.18,0.2182,0.6469,0.2749,375.68,99.42,1
27.66,0.1094,0.1236,0.1668,157.85,51.74,0
25.88,0.1214,0.1639,0.2071,140.86,52.22,0
25.03,0.1669,0.1275,0.1923,136.11,53.15,0
63.35,0.1611,0.1281,0.3118,301.85,60.6,0
76.4,0.1982,0.1503,0.368,372.6,64.32,0
51.78,0.2015,0.1206,0.2969,280.92,58.67,0
29.8,0.1476,0.1163,0.2309,170.18,53.92,0
48.01,0.1907,0.1726,0.2756,264.52,58.44,0
22.78,0.1419,0.1158,0.1848,153.69,50.04,0
29.03,0.1645,0.1221,0.2678,173.73,51.36,0
46.27,0.2003,0.1333,0.268,241.35,53.35,0
76.52,0.4136,0.1816,0.6907,387.05,62.47,1
56.62,0.1661,0.1094,0.2567,324.67,58.56,0
51.69,0.1611,0.169,0.3137,247.66,57.76,0
76.94,0.2021,0.1788,0.2702,394.07,61.82,0
43.54,0.1471,0.1642,0.2928,250.8,57.13,0
62.87,0.1784,0.1415,0.285,326.79,60.9,0
44.4,0.1962,0.1526,0.2304,227.33,57.35,0
46.96,0.1814,0.1441,0.2574,245.28,55.31,0
28.07,0.1469,0.1255,0.2011,160.19,53.35,0
26.23,0.1425,0.1208,0.1726,141.14,53.55,0
57.41,0.1708,0.1506,0.2614,301.0,59.87,0
61.02,0.182,0.1529,0.2194,313.12,58.58,0
54.18,0.1311,0.1036,0.2733,300.23,57.85,0
57.53,0.1781,0.1338,0.2856,315.32,58.87,0
29.5,0.1846,0.1271,0.2434,163.5,51.96,0
66.81,0.1939,0.1405,0.29,336.44,63.35,0
67.09,0.2183,0.1965,0.2699,349.03,61.54,0
21.33,0.1483,0.1145,0.2139,146.69,48.88,0
23.72,0.1137,0.1552,0.2086,147.95,52.28,0
35.59,0.1547,0.1618,0.2013,190.73,54.04,0
65.48,0.192,0.1557,0.2404,321.77,63.86,0
65.26,0.1931,0.1597,0.2788,341.99,62.3,0
39.22,0.1316,0.1218,0.2588,210.94,55.4,0
68.38,0.1886,0.1451,0.3187,346.15,63.55,0
62.37,0.1886,0.1441,0.2726,318.99,60.06,0
61.15,0.1837,0.1662,0.2926,319.31,62.38,0
73.51,0.2122,0.151,0.2529,383.47,62.02,0
74.84,0.1783,0.1367,0.3136,382.63,65.74,0
45.18,0.1624,0.1661,0.2635,272.36,56.16,0
45.24,0.1782,0.1409,0.2498,257.79,57.04,0
29.72,0.1373,0.106,0.2325,171.33,49.68,0
43.66,0.156,0.1148,0.268,228.33,54.62,0
69.06,0.2124,0.1733,0.2816,348.21,63.25,0
33.61,0.5634,0.1314,0.5745,167.92,56.16,1
71.76,0.1793,0.1725,0.2517,334.28,63.91,0
36.09,0.1705,0.1241,0.2316,222.37,52.22,0
53.42,0.1991,0.1257,0.2943,282.33,57.4,0
63.2,0.1991,0.1404,0.2886,603.15,61.61,1
32.06,0.1517,0.1405,0.185,184.98,51.44,0
33.59,0.1593,0.1295,0.2468,169.27,52.97,0
25.45,0.1308,0.4981,0.241,164.01,94.27,1
71.65,0.1785,0.1644,0.3417,370.66,62.87,0
40.49,0.1328,0.0988,0.2238,221.94,57.81,0
44.31,0.1619,0.1326,0.2703,265.17,56.9,0
72.25,0.1772,0.1428,0.3307,361.29,63.72,0
69.01,0.1806,0.1883,0.2975,333.52,63.02,0
75.3,0.1935,0.1493,0.2992,378.82,62.87,0
58.34,0.1767,0.1936,0.2833,304.39,60.56,0
27.83,0.1535,0.1303,0.234,157.84,52.6,0
28.13,0.1275,0.1524,0.2517,154.04,51.65,0
39.16,0.1625,0.1071,0.2858,228.97,54.57,0
33.97,0.1539,0.1488,0.2355,203.1,51.33,0
36.32,0.1587,0.1313,0.2049,212.84,54.65,0
35.73,0.1229,0.1382,0.2318,204.25,54.91,0
44.74,0.2067,0.1421,0.244,261.82,54.87,0
43.06,0.1475,0.1191,0.2562,217.51,55.7,0
76.77,0.1864,0.1663,0.2683,400.82,64.77,0
59.12,0.1439,0.134,0.2988,311.83,57.21,0
44.63,0.1737,0.1425,0.2811,240.28,59.41,0
59.16,0.2002,0.1631,0.2715,309.59,59.04,0
51.95,0.1399,0.1252,0.2436,249.62,57.43,0
77.17,0.1926,0.1502,0.3121,607.34,63.66,1
45.3,0.1679,0.1797,0.2684,231.78,56.96,0
24.84,0.3702,0.1339,0.8505,138.3,51.41,1
75.84,0.2375,0.173,0.3221,366.28,64.03,0
45.7,0.1964,0.1194,0.2514,216.99,58.21,0
67.33,0.1813,0.1471,0.2691,340.46,61.91,0
43.7,0.1276,0.1638,0.2365,250.44,56.14,0
74.03,0.1878,0.1729,0.2862,373.02,62.58,0
64.76,0.1808,0.1717,0.2622,344.76,62.26,0
50.12,0.1555,0.1266,0.2668,248.59,60.03,0
57.09,0.1622,0.1605,0.3153,298.85,60.06,0
24.76,0.1181,0.0907,0.2108,147.39,52.47,0
71.99,0.1919,0.1061,0.3187,372.87,63.48,0
49.1,0.1695,0.1314,0.2918,257.55,57.57,0
41.12,0.1324,0.1419,0.2947,217.75,54.12,0
42.01,0.1586,0.1467,0.2636,193.81,53.09,0
34.48,0.2025,0.1766,0.1981,193.75,54.17,0
69.53,0.1766,0.1541,0.2417,340.27,63.77,0
40.1,0.1735,0.1118,0.2025,252.87,54.3,0
60.09,0.1835,0.1642,0.2367,322.74,59.71,0
33.48,0.1693,0.0963,0.214,219.72,55.39,0
34.16,0.1608,0.1154,0.2157,183.11,57.21,0
32.89,0.1272,0.0939,0.2453,185.87,56.29,0
62.55,0.206,0.1459,0.2979,326.14,60.48,0
38.23,0.158,0.165,0.1716,394.97,56.07,1
24.37,0.103,0.1186,0.1795,148.57,52.31,0
49.03,0.1935,0.1399,0.2399,253.06,55.1,0
25.01,0.2096,0.1031,0.2042,157.69,53.49,0
76.26,0.2242,0.1635,0.3097,399.1,64.12,0
48.47,0.1494,0.1391,0.2926,231.77,56.37,0
45.72,0.156,0.1246,0.2151,261.9,55.47,0
63.78,0.2084,0.119,0.377,362.26,60.16,0
70.66,0.1833,0.1581,0.3041,351.22,63.75,0
64.75,0.2114,0.1739,0.2356,349.73,64.35,0
35.89,0.15,0.1668,0.2327,187.83,53.11,0
66.67,0.2099,0.1872,0.2655,381.89,62.11,0
39.98,0.1961,0.1282,0.1759,219.72,54.14,0
68.54,0.1923,0.1375,0.278,315.2,64.21,0
67.65,0.1716,0.1609,0.3078,369.51,61.26,0
54.29,0.1522,0.1342,0.2592,293.99,58.9,0
72.29,0.1996,0.171,0.3189,386.61,60.54,0
40.11,0.1645,0.151,0.2061,193.76,55.28,0
57.03,0.2029,0.1296,0.3116,309.04,60.24,0
38.08,0.1557,0.1472,0.2684,211.38,52.78,0
33.66,0.1695,0.1258,0.2617,160.38,53.44,0
34.92,0.157,0.1288,0.1628,184.11,54.32,0
36.38,0.1278,0.1114,0.2453,174.46,53.07,0
58.11,0.1707,0.1741,0.287,303.02,62.48,0
34.42,0.1302,0.0901,0.2756,189.77,52.62,0
61.66,0.1779,0.153,0.2332,319.56,60.21,0
63.06,0.1719,0.4814,0.2804,329.6,113.17,1
36.9,0.1236,0.1198,0.2855,204.86,58.53,0
56.33,0.1672,0.1433,0.2365,296.16,62.13,0
38.74,0.1639,0.1009,0.2966,203.93,54.85,0
25.49,0.1272,0.0945,0.158,130.53,48.83,0
52.3,0.1697,0.1364,0.2739,303.28,57.64,0
55.19,0.1841,0.12,0.2688,268.54,58.41,0
36.24,0.1412,0.1102,0.2405,206.91,54.93,0
73.38,0.2061,0.1767,0.3453,354.6,63.54,0
34.81,0.1487,0.1507,0.2234,204.9,55.55,0
59.45,0.1438,0.1287,0.2904,295.39,59.48,0
62.75,0.1729,0.1285,0.2919,330.51,60.48,0
74.89,0.2105,0.1078,0.332,400.34,63.18,0
74.1,0.1844,0.1551,0.2757,346.81,63.72,0
33.15,0.175,0.1376,0.2518,172.98,49.83,0
54.65,0.1629,0.1287,0.2561,311.29,59.19,0
40.49,0.1557,0.1388,0.2795,216.41,54.12,0
67.24,0.1754,0.163,0.2724,366.76,62.72,0
70.91,0.186,0.1745,0.3238,354.1,64.06,0
51.0,0.1647,0.1393,0.2416,267.6,59.65,0
31.06,0.1405,0.1284,0.209,164.23,52.84,0
77.32,0.1653,0.1541,0.2763,393.37,65.47,0
28.14,0.1443,0.1236,0.2095,184.55,50.59,0
60.87,0.1543,0.1189,0.2655,324.03,58.07,0
25.46,0.1177,0.1179,0.1688,178.87,50.26,0
44.38,0.1713,0.1205,0.2612,256.83,56.14,0
47.38,0.1791,0.5758,0.2706,280.08,93.94,1
33.05,0.1504,0.1734,0.2027,181.54,55.28,0
34.49,0.1509,0.1605,0.2354,200.39,52.31,0
23.77,0.4498,0.1326,0.7647,153.39,48.73,1
69.38,0.1746,0.1516,0.2584,564.56,62.85,1
29.59,0.1612,0.1229,0.2474,161.07,51.36,0
43.95,0.1638,0.1369,0.2925,241.27,54.59,0
62.35,0.2009,0.1392,0.3133,301.92,62.0,0
51.85,0.1178,0.157,0.2212,270.12,58.42,0
76.58,0.2035,0.1685,0.3019,401.19,65.68,0
52.36,0.2109,0.1061,0.3099,274.2,60.41,0
31.58,0.1541,0.1352,0.2534,153.31,54.07,0
31.84,0.1115,0.123,0.2653,181.2,56.25,0
67.85,0.1605,0.1193,0.3388,332.57,59.95,0
75.92,0.2006,0.1947,0.3645,370.77,64.3,0
30.32,0.1417,0.1116,0.2094,166.8,52.68,0
29.4,0.1194,0.1549,0.1844,176.27,55.69,0
25.28,0.1105,0.1019,0.3233,134.92,50.9,0
33.48,0.1702,0.1207,0.2251,160.09,55.27,0
28.57,0.1232,0.1094,0.215,141.0,51.41,0
21.16,0.1142,0.1122,0.2059,102.67,50.49,0
71.85,0.1972,0.174,0.3378,367.79,62.32,0
65.53,0.1809,0.1597,0.2802,326.17,60.23,0
39.51,0.1646,0.1095,0.2757,223.22,54.62,0
21.09,0.1198,0.0973,0.2435,111.1,48.48,0
38.81,0.1768,0.1366,0.2297,219.98,54.82,0
34.28,0.1738,0.1154,0.2418,153.54,52.88,0
75.36,0.1894,0.1419,0.2742,367.68,66.79,0
47.44,0.1574,0.1322,0.2843,247.6,57.89,0
51.47,0.1847,0.1335,0.2023,264.08,55.34,0
23.65,0.4569,0.0903,0.9862,152.16,51.06,1
51.07,0.1721,0.1317,0.2559,266.23,54.84,0
35.26,0.1518,0.154,0.2542,205.53,55.02,0
38.41,0.1803,0.0997,0.2455,216.86,52.27,0
76.05,0.2341,0.1618,0.2905,361.08,63.4,0
75.74,0.2083,0.1539,0.2913,373.84,65.77,0
44.95,0.1754,0.151,0.2447,258.83,55.32,0
53.8,0.1709,0.1761,0.2913,283.75,58.26,0
55.18,0.1688,0.1733,0.2727,294.72,58.66,0
51.71,0.1917,0.1075,0.2632,281.45,58.82,0
28.01,0.1487,0.1085,0.2154,164.31,52.85,0
69.49,0.2207,0.152,0.2999,349.45,62.2,0
65.57,0.1958,0.1887,0.3611,340.25,61.23,0
72.22,0.221,0.1106,0.3155,382.84,62.18,0
26.76,0.1091,0.1236,0.212,160.51,51.53,0
55.73,0.1788,0.1684,0.2449,295.8,56.58,0
40.06,0.1178,0.1163,0.2492,211.5,54.5,0
41.19,0.1899,0.169,0.2624,208.08,55.28,0
73.2,0.2105,0.1491,0.2994,381.78,64.74,0
42.82,0.1571,0.1455,0.2387,225.22,56.82,0
73.84,0.5265,0.1913,0.6744,349.46,63.57,1
50.39,0.143,0.1522,0.2655,259.49,58.57,0
41.4,0.1148,0.1199,0.2818,219.77,54.4,0
76.76,0.1898,0.1922,0.2654,411.1,66.32,0
76.67,0.21,0.1914,0.2989,385.13,63.16,0
42.72,0.1481,0.1382,0.2602,236.93,52.05,0
50.01,0.1348,0.1495,0.2365,300.87,59.38,0
28.57,0.1461,0.1112,0.2588,148.91,51.47,0
36.97,0.1686,0.1508,0.2087,193.13,56.82,0
59.57,0.1981,0.1125,0.2672,321.77,59.33,0
35.66,0.1588,0.125,0.258,194.93,52.61,0
27.54,0.1241,0.1415,0.2921,145.83,51.63,0
42.28,0.1472,0.1339,0.2498,226.55,57.66,0
35.62,0.1539,0.1358,0.2136,174.34,51.45,0
27.23,0.1742,0.1043,0.2501,159.66,51.38,0
71.58,0.1766,0.169,0.2809,341.06,61.4,0
75.11,0.1706,0.1698,0.2979,383.61,64.1,0
71.97,0.2071,0.1472,0.3099,383.94,63.29,0
45.08,0.1522,0.1572,0.226,212.7,56.83,0
21.38,0.1536,0.1413,0.1789,128.54,50.15,0
22.99,0.1674,0.109,0.2197,118.1,52.48,0
61.65,0.1497,0.1653,0.3249,304.08,58.44,0
33.81,0.1688,0.1086,0.3144,201.91,55.9,0
73.17,0.1762,0.1562,0.3033,390.96,65.0,0
50.9,0.1471,0.1295,0.2468,289.13,58.06,0
74.25,0.1989,0.1317,0.3012,353.49,67.21,0
71.93,0.1895,0.1539,0.309,388.05,63.98,0
52.62,0.14,0.1014,0.268,284.43,55.99,0
28.73,0.1577,0.1102,0.2545,149.37,52.2,0
72.24,0.1979,0.1665,0.2832,371.89,62.34,0
34.5,0.1588,0.1423,0.2318,198.7,54.08,0
28.65,0.1485,0.1305,0.2238,172.9,51.17,0
34.15,0.1559,0.1112,0.2219,220.56,55.24,0
64.81,0.2004,0.1605,0.3339,335.77,61.01,0
44.25,0.1682,0.1312,0.2255,218.19,58.19,0
30.34,0.1282,0.1291,0.2694,187.91,50.78,0
71.98,0.191,0.1357,0.2967,363.1,61.64,0
43.76,0.1728,0.1387,0.2179,241.26,55.04,0
55.14,0.1669,0.1398,0.2474,314.74,58.5,0
39.99,0.1927,0.1205,0.204,210.47,54.22,0
67.33,0.1967,0.1533,0.2839,339.42,63.3,0
68.49,0.1951,0.7371,0.29,340.52,99.04,1
38.93,0.1708,0.143,0.2646,226.36,53.43,0
68.74,0.186,0.1313,0.3635,337.64,61.21,0
30.53,0.1636,0.153,0.233,148.99,52.63,0
63.54,0.193,0.1815,0.2775,321.12,61.46,0
35.6,0.1566,0.129,0.2489,188.81,52.87,0
28.52,0.1525,0.145,0.2644,162.95,53.06,0
58.52,0.1776,0.1215,0.2818,310.57,60.08,0
56.69,0.5419,0.143,1.0011,285.44,57.28,1
29.02,0.1325,0.1116,0.2111,163.99,53.79,0
68.67,0.1823,0.1623,0.3277,353.79,63.16,0
62.31,0.1464,0.1515,0.2848,320.96,61.14,0
54.44,0.1933,0.1177,0.2534,288.55,59.4,0
48.78,0.1901,0.1809,0.2598,259.02,56.03,0
34.13,0.1403,0.15,0.2209,213.29,55.13,0
43.97,0.1329,0.1587,0.2355,242.9,57.27,0
59.89,0.1922,0.1659,0.2886,286.36,58.78,0
31.42,0.1576,0.1334,0.2729,149.64,56.12,0
62.34,0.1975,0.1427,0.2656,290.1,61.81,0
29.23,0.1646,0.1469,0.2271,158.98,50.66,0
74.32,0.173,0.1641,0.2957,382.2,63.16,0
39.78,0.1712,0.1457,0.2493,201.68,55.93,0
49.64,0.1738,0.115,0.2705,260.34,57.54,0
36.21,0.1812,0.1205,0.3104,177.34,56.24,0
57.09,0.1583,0.6215,0.3125,268.76,93.9,1
64.17,0.2093,0.1494,0.2518,337.51,60.31,0
46.99,0.1693,0.103,0.2532,243.85,56.5,0
49.03,0.1777,0.1363,0.2389,234.58,57.9,0
50.28,0.1346,0.0936,0.3018,243.28,57.16,0
57.81,0.1674,0.1848,0.2797,310.52,59.6,0
24.88,0.1689,0.1295,0.2831,155.31,52.21,0
75.08,0.1881,0.1601,0.2911,364.39,63.84,0
33.69,0.1741,0.1271,0.1904,166.36,52.13,0
25.89,0.121,0.0927,0.2385,136.99,49.35,0
66.76,0.1962,0.2009,0.3453,352.85,59.83,0
25.61,0.1295,0.1142,0.2009,161.59,50.68,0
29.68,0.1854,0.1233,0.2427,136.1,51.17,0
23.37,0.1781,0.1143,0.2152,136.0,51.36,0
58.43,0.1995,0.1643,0.2413,273.8,57.62,0
63.85,0.2137,0.1597,0.3017,323.0,60.51,0
37.48,0.1698,0.1335,0.2308,190.44,56.46,0
34.08,0.2146,0.1355,0.2444,188.65,58.69,0
27.01,0.1467,0.116,0.1764,158.9,51.26,0
43.06,0.1704,0.1619,0.2144,225.57,56.83,0
61.5,0.1856,0.1859,0.2774,556.74,60.71,1
32.15,0.1409,0.131,0.2496,175.79,52.03,0
31.77,0.1223,0.0793,0.2018,147.35,53.25,0
36.4,0.1506,0.1663,0.2551,186.29,55.79,0
73.62,0.1925,0.1636,0.2541,358.78,62.73,0
28.48,0.1634,0.1553,0.2117,150.4,52.57,0
54.79,0.1764,0.1523,0.2815,305.08,56.22,0
34.98,0.2072,0.1319,0.2019,186.63,54.43,0
20.4,0.1099,0.1117,0.2127,112.25,51.68,0
20.07,0.5288,0.1025,0.8066,110.79,49.0,1
39.49,0.1539,0.1343,0.2181,218.77,54.61,0
57.09,0.2012,0.1701,0.263,314.01,59.37,0
23.78,0.1752,0.1108,0.2,130.07,51.1,0
77.69,0.1879,0.1634,0.3278,391.65,63.63,0
64.58,0.2038,0.194,0.2939,321.26,63.84,0
72.23,0.1957,0.1441,0.2872,349.11,61.91,0
75.99,0.2023,0.1608,0.2673,348.24,63.72,0
21.67,0.1457,0.0849,0.2316,117.73,49.55,0
49.19,0.1763,0.1609,0.2705,246.41,57.19,0
74.33,0.1767,0.1724,0.2685,396.45,65.2,0
47.73,0.1751,0.1204,0.2925,266.04,56.22,0
68.96,0.1842,0.1386,0.2928,347.51,60.04,0
61.09,0.188,0.1686,0.2745,322.34,59.41,0
60.63,0.1937,0.1621,0.325,314.72,60.91,0
29.02,0.1709,0.1243,0.2295,146.83,50.12,0
56.69,0.2045,0.6636,0.2491,273.11,100.5,1
32.54,0.1514,0.1449,0.2128,214.16,53.33,0
27.73,0.134,0.1201,0.2254,166.46,54.44,0
75.84,0.1917,0.182,0.2981,401.41,63.27,0
63.48,0.2119,0.1741,0.2712,341.15,57.69,0
55.43,0.1767,0.1464,0.3102,311.17,59.73,0
31.22,0.1346,0.1178,0.2032,178.61,50.79,0
68.63,0.1912,0.1746,0.3141,340.62,61.47,0
42.37,0.1522,0.1374,0.2515,235.68,57.64,0
71.15,0.1814,0.145,0.3025,376.37,62.37,0
42.27,0.1487,0.104,0.2644,222.04,55.8,0
63.82,0.1944,0.1198,0.3534,331.8,61.65,0
24.59,0.1433,0.1303,0.2461,122.82,52.07,0
35.77,0.1759,0.1408,0.2103,182.69,54.32,0
40.74,0.1342,0.11,0.2147,210.66,53.9,0
21.96,0.1422,0.1181,0.2258,105.29,49.22,0
61.98,0.1707,0.1349,0.3066,341.37,61.57,0
58.12,0.2149,0.1221,0.2896,305.84,60.72,0
45.67,0.2021,0.1512,0.1824,260.27,56.86,0
50.56,0.1358,0.1342,0.2911,259.8,57.68,0
62.4,0.2281,0.1369,0.3379,309.18,60.88,0
29.72,0.1414,0.1618,0.2539,151.07,48.12,0
44.62,0.1621,0.1327,0.2703,402.52,54.16,1
68.1,0.1574,0.1158,0.284,326.55,62.24,0
69.21,0.2014,0.1674,0.3002,350.17,61.33,0
68.87,0.1544,0.1709,0.2513,361.09,60.98,0
68.55,0.1894,0.1755,0.2339,372.58,59.92,0
52.76,0.1784,0.1245,0.2547,270.94,58.96,0
21.5,0.1476,0.1236,0.2571,143.43,48.14,0
22.1,0.172,0.1161,0.2841,132.12,49.38,0
53.77,0.173,0.1488,0.2634,287.27,57.37,0
47.77,0.1745,0.1276,0.2166,257.12,58.94,0
50.41,0.1563,0.1213,0.2329,247.06,58.17,0
24.95,0.1464,0.1301,0.2259,123.12,53.63,0
52.42,0.2004,0.1446,0.2916,280.64,55.66,0
28.61,0.1669,0.12,0.167,157.0,50.88,0
36.4,0.1881,0.1373,0.2146,202.79,55.46,0
22.67,0.1637,0.1081,0.2147,148.14,50.85,0
49.57,0.1656,0.1564,0.2269,283.3,58.1,0
58.56,0.2117,0.1552,0.2474,283.39,62.03,0
70.76,0.1995,0.1685,0.2922,370.43,63.52,0
71.64,0.2022,0.1613,0.2862,354.75,61.31,0
55.81,0.1601,0.1375,0.2674,281.63,58.95,0
21.17,0.1778,0.123,0.1844,145.09,52.43,0
64.27,0.1607,0.1571,0.2664,331.31,60.35,0
72.36,0.1448,0.1558,0.2624,359.14,62.22,0
26.53,0.6307,0.1152,0.5915,165.6,51.78,1
55.87,0.1916,0.1531,0.297,280.18,59.48,0
31.23,0.1545,0.1336,0.2338,201.54,53.43,0
58.28,0.1563,0.1816,0.2693,304.81,61.93,0
64.71,0.5567,0.1357,0.7211,332.2,63.93,1
56.61,0.1924,0.1737,0.277,306.93,58.31,0
55.11,0.1462,0.1893,0.2375,297.96,58.9,0
67.25,0.1717,0.1814,0.3232,356.0,61.16,0
68.33,0.2174,0.2008,0.2803,343.95,62.76,0
41.38,0.1484,0.1094,0.2475,205.48,56.92,0
55.63,0.1949,0.1521,0.2961,284.52,57.26,0
50.52,0.1414,0.1444,0.304,279.78,58.64,0
29.7,0.1499,0.1222,0.2625,166.48,51.87,0
77.91,0.2062,0.1563,0.3384,404.99,63.55,0
76.29,0.1707,0.1601,0.3359,389.0,64.28,0
57.41,0.1845,0.1419,0.2268,292.25,58.83,0
48.47,0.1683,0.1382,0.2542,269.58,59.27,0
20.75,0.1406,0.0917,0.2193,132.39,50.09,0
34.85,0.1747,0.1246,0.2461,198.07,53.58,0
61.75,0.1765,0.1703,0.3067,305.17,61.17,0
62.75,0.1617,0.1709,0.2936,317.72,58.94,0
63.31,0.219,0.1669,0.2885,325.18,61.06,0
31.45,0.181,0.1148,0.2198,175.66,54.93,0
42.74,0.1626,0.1079,0.254,216.02,54.21,0
44.28,0.1814,0.1096,0.3074,240.57,57.67,0
35.0,0.1521,0.0926,0.2096,190.11,52.75,0
52.0,0.1699,0.1073,0.2124,259.71,58.77,0
77.69,0.1973,0.1681,0.378,404.0,61.68,0
48.93,0.1775,0.1622,0.2693,258.47,56.38,0
76.96,0.194,0.5131,0.303,353.43,117.44,1
30.97,0.1748,0.0929,0.2022,138.91,53.51,0
58.9,0.1648,0.1288,0.2597,293.93,58.86,0
22.92,0.1506,0.0877,0.2347,138.72,51.03,0
69.57,0.2019,0.1506,0.2917,356.11,62.02,0
52.35,0.1791,0.1421,0.2253,251.77,56.37,0
31.61,0.1599,0.1119,0.2106,186.98,51.99,0
38.87,0.1362,0.1579,0.2847,207.54,54.09,0
49.18,0.1698,0.1384,0.2482,415.74,55.1,1
53.16,0.1888,0.0971,0.3276,279.39,57.77,0
36.3,0.131,0.1581,0.2387,197.17,51.4,0
46.72,0.1578,0.152,0.3023,261.44,56.1,0
67.01,0.2092,0.1861,0.2771,341.61,61.31,0
60.36,0.1603,0.1418,0.2929,324.08,61.94,0
71.6,0.1961,0.1736,0.2637,368.71,63.58,0
22.64,0.1519,0.0956,0.1938,138.2,52.74,0
70.54,0.1768,0.1513,0.3196,344.48,61.89,0
74.15,0.2106,0.1682,0.3041,383.23,63.47,0
24.39,0.198,0.1197,0.2383,122.93,50.1,0
30.57,0.1516,0.1309,0.1967,172.97,51.94,0
76.29,0.212,0.1552,0.2724,419.73,62.59,0
28.36,0.1539,0.1462,0.2049,146.82,49.68,0
31.36,0.148,0.1129,0.2651,202.15,51.28,0
76.66,0.1952,0.1584,0.319,414.3,63.13,0
41.64,0.1257,0.116,0.251,227.81,54.08,0
55.1,0.2016,0.063,0.3128,293.01,58.31,0
76.06,0.2066,0.1583,0.3171,375.62,66.05,0
73.99,0.2232,0.171,0.3045,393.27,61.61,0
49.16,0.1788,0.1226,0.2953,255.78,59.97,0
56.3,0.176,0.1361,0.3085,318.47,57.08,0
72.12,0.2009,0.1964,0.2477,402.05,62.46,0
34.47,0.1258,0.1081,0.2355,343.82,52.79,1
47.77,0.1961,0.1614,0.3002,236.64,57.03,0
24.05,0.1497,0.1627,0.2669,139.67,51.77,0
27.19,0.139,0.1532,0.224,163.57,52.28,0
24.23,0.153,0.127,0.2041,124.01,51.97,0
69.15,0.1929,0.1819,0.2817,334.95,61.87,0
38.39,0.1483,0.1272,0.2138,189.69,53.65,0
46.41,0.1706,0.1295,0.2538,250.05,55.33,0
57.08,0.1873,0.137,0.2244,271.55,56.98,0
74.12,0.209,0.1629,0.3111,383.06,64.32,0
30.43,0.1464,0.132,0.2454,176.48,53.34,0
54.21,0.1587,0.1712,0.267,259.18,58.25,0
74.24,0.2055,0.147,0.2722,363.97,59.06,0
37.35,0.1559,0.1366,0.2277,200.12,52.6,0
69.49,0.1726,0.1273,0.2611,348.64,61.47,0
52.5,0.1813,0.1636,0.2718,307.48,58.22,0
53.11,0.1864,0.1587,0.2525,300.17,59.31,0
51.16,0.1466,0.1531,0.2502,254.73,58.68,0
59.76,0.1549,0.1549,0.3131,301.5,57.34,0
57.7,0.2012,0.1173,0.2962,288.01,59.92,0
25.84,0.1533,0.1146,0.2618,147.52,52.85,0
56.98,0.1222,0.1543,0.2469,280.27,56.78,0
77.76,0.1981,0.2076,0.4012,377.12,64.72,0
36.09,0.1852,0.1345,0.2736,198.11,54.38,0
30.8,0.1565,0.1076,0.2504,176.93,52.13,0
53.43,0.1608,0.1397,0.2745,292.76,59.29,0
49.11,0.1983,0.1358,0.192,238.92,57.2,0
64.8,0.2376,0.1523,0.2618,310.47,62.85,0
27.86,0.1467,0.0907,0.1551,143.15,53.93,0
54.32,0.1479,0.1353,0.3122,273.43,59.19,0
41.59,0.1783,0.1398,0.2278,236.69,53.98,0
28.97,0.1285,0.117,0.2459,166.87,52.68,0
28.09,0.1552,0.107,0.2575,174.18,51.69,0
46.1,0.1772,0.1502,0.2193,268.77,55.49,0
25.53,0.1434,0.128,0.2448,128.79,52.25,0
34.15,0.1671,0.1318,0.1768,187.1,52.36,0
36.38,0.3638,0.1274,0.9629,213.08,54.73,1
43.99,0.1795,0.133,0.3154,217.92,55.48,0
47.29,0.1377,0.1511,0.2884,276.35,59.04,0
24.45,0.1334,0.1446,0.2687,148.64,52.39,0
26.58,0.1296,0.1064,0.1645,184.6,48.81,0
32.59,0.1293,0.1364,0.2247,178.82,52.23,0
32.87,0.1682,0.1424,0.2124,185.64,54.4,0
67.4,0.2219,0.1668,0.3023,349.99,60.44,0
47.57,0.2029,0.1288,0.2051,272.73,56.64,0
65.64,0.2017,0.111,0.3001,324.2,62.73,0
60.38,0.1565,0.1245,0.2722,311.53,59.86,0
52.82,0.1973,0.1216,0.2396,242.61,59.28,0
63.81,0.6637,0.1806,0.8256,331.75,62.56,1
21.84,0.1958,0.1244,0.1408,97.72,51.29,0
58.39,0.1763,0.1515,0.2951,301.99,60.0,0
62.46,0.168,0.1297,0.2823,334.43,57.5,0
28.97,0.1505,0.1189,0.2733,164.07,51.76,0
25.89,0.1469,0.1287,0.2559,147.29,51.31,0
73.26,0.1808,0.1555,0.2681,376.69,64.46,0
67.35,0.1553,0.163,0.2777,328.95,63.84,0
77.9,0.2423,0.1703,0.2767,371.79,63.47,0
25.43,0.1321,0.1024,0.2198,308.0,51.47,1
40.16,0.1284,0.1185,0.2596,223.24,55.07,0
52.53,0.1737,0.1604,0.2757,277.71,60.57,0
43.49,0.1304,0.1378,0.2608,227.4,59.06,0
25.43,0.1428,0.1047,0.2222,145.66,50.63,0
52.67,0.1753,0.1637,0.259,281.77,56.85,0
30.27,0.1296,0.1492,0.2523,183.31,49.86,0
37.95,0.1444,0.1025,0.1804,221.29,53.65,0
63.43,0.1941,0.1554,0.3281,344.1,61.02,0
76.67,0.1747,0.1644,0.2403,371.65,63.56,0
47.22,0.1459,0.1489,0.2136,242.39,58.74,0
77.85,0.2142,0.2038,0.3627,387.82,65.04,0
47.71,0.1478,0.123,0.2875,243.84,55.59,0
46.58,0.1438,0.1145,0.2197,249.51,58.86,0
38.56,0.1706,0.1507,0.1925,176.12,53.7,0
71.08,0.1868,0.1712,0.2782,340.66,62.83,0
29.89,0.158,0.0815,0.1932,150.65,53.06,0
64.84,0.1858,0.1664,0.317,346.31,60.86,0
29.83,0.1525,0.0854,0.223,156.81,53.13,0
30.28,0.1388,0.1335,0.1702,163.26,52.22,0
41.07,0.1581,0.1744,0.2737,223.25,57.27,0
41.97,0.1823,0.1268,0.2165,214.49,54.53,0
70.55,0.1857,0.1475,0.2836,371.65,61.83,0
34.52,0.1294,0.1474,0.2249,158.21,52.43,0
21.28,0.1141,0.5486,0.2747,153.67,105.1,1
64.6,0.1739,0.1574,0.2541,335.54,61.61,0
39.8,0.2036,0.1525,0.2346,197.18,55.23,0
49.59,0.1749,0.1308,0.2408,263.34,57.88,0
34.62,0.1308,0.1426,0.249,196.12,53.79,0
29.68,0.1432,0.1235,0.2495,174.61,51.54,0
25.89,0.117,0.0971,0.2223,319.38,51.29,1
75.05,0.1823,0.1733,0.299,377.29,61.05,0
73.98,0.1759,0.1519,0.3239,379.23,63.27,0
48.14,0.1553,0.1377,0.3013,234.44,59.44,0
23.77,0.1461,0.1222,0.235,136.82,49.32,0
38.81,0.1694,0.1308,0.2626,214.3,54.34,0
69.59,0.223,0.1663,0.2806,382.74,65.11,0
30.79,0.1545,0.1377,0.2314,177.19,51.63,0
68.8,0.179,0.1471,0.2682,351.68,61.76,0
58.07,0.43,0.1651,1.0824,312.58,56.0,1
66.01,0.1656,0.1674,0.2818,354.59,58.41,0
30.92,0.1609,0.1222,0.1986,166.93,50.48,0
65.08,0.179,0.1455,0.3629,334.03,61.2,0
48.4,0.1496,0.1569,0.2488,294.83,56.02,0
25.96,0.1582,0.1097,0.2246,138.22,51.44,0
34.07,0.1545,0.1212,0.2389,187.12,54.95,0
39.25,0.1362,0.153,0.2305,220.09,53.78,0
63.65,0.2124,0.1646,0.3135,314.3,63.04,0
25.21,0.1448,0.1075,0.2479,137.32,51.66,0
21.09,0.129,0.1301,0.2067,140.68,52.9,0
23.94,0.149,0.1381,0.2353,121.9,53.9,0
58.84,0.1932,0.1872,0.3127,329.75,61.16,0
77.29,0.204,0.1791,0.3171,387.23,63.36,0
73.38,0.5619,0.1647,0.8738,341.99,64.8,1
48.47,0.1538,0.1249,0.317,266.22,55.59,0
59.82,0.1701,0.17,0.2251,313.02,62.91,0
68.19,0.217,0.1116,0.3464,374.3,62.19,0
77.88,0.1816,0.1809,0.3005,376.06,68.11,0
72.17,0.1774,0.1575,0.2743,390.94,61.85,0
67.12,0.1569,0.1642,0.3051,331.71,62.28,0
69.49,0.1724,0.1379,0.3397,348.44,62.4,0
43.1,0.1393,0.1386,0.2265,215.42,57.07,0
47.15,0.1479,0.1135,0.2549,238.88,55.08,0
71.89,0.1963,0.1288,0.2799,369.81,61.26,0
70.45,0.1698,0.1488,0.3021,325.96,61.64,0
47.49,0.156,0.1542,0.2031,259.02,59.53,0
59.03,0.1561,0.1531,0.3191,309.01,60.37,0
61.38,0.1702,0.1799,0.216,332.53,59.22,0
48.0,0.1797,0.4666,0.2331,241.11,79.14,1
71.83,0.2027,0.1856,0.3089,347.26,63.8,0
28.15,0.1327,0.1242,0.22,143.08,52.08,0
21.3,0.1636,0.1187,0.2149,129.33,48.22,0
49.88,0.2051,0.1695,0.2653,288.12,57.97,0
77.05,0.2155,0.1669,0.3149,399.48,62.16,0
47.34,0.138,0.1321,0.2452,255.67,57.2,0
56.33,0.1601,0.1591,0.3389,292.02,60.4,0
59.43,0.1981,0.1303,0.2276,300.96,58.39,0
73.09,0.2105,0.1823,0.3217,386.29,64.39,0
52.79,0.1666,0.1639,0.2081,310.11,57.33,0
43.73,0.2067,0.1334,0.266,227.91,53.22,0
75.05,0.213,0.1607,0.3316,381.18,63.51,0
66.58,0.1618,0.1553,0.3186,327.76,62.34,0
21.0,0.1656,0.1413,0.1709,146.97,48.82,0
72.72,0.1843,0.145,0.2812,390.51,61.49,0
75.35,0.2088,0.1755,0.3242,379.47,64.39,0
75.4,0.2066,0.1126,0.2849,380.16,64.05,0
56.52,0.161,0.1366,0.2629,293.57,57.92,0
43.9,0.1802,0.1302,0.2127,253.59,58.74,0
41.09,0.1742,0.1206,0.2226,213.98,55.89,0
42.78,0.1598,0.1553,0.2333,230.56,54.94,0
56.27,0.199,0.1535,0.2446,293.76,64.13,0
26.31,0.161,0.093,0.2019,102.96,51.99,0
52.8,0.2181,0.1141,0.3012,264.32,60.19,0
44.99,0.1913,0.1374,0.2496,244.1,56.62,0
34.06,0.1474,0.1465,0.2341,210.3,52.62,0
74.7,0.2022,0.1577,0.3096,387.9,63.19,0
77.51,0.1957,0.1852,0.2527,396.74,63.43,0
33.55,0.1799,0.1375,0.2574,165.92,55.36,0
66.3,0.2139,0.1461,0.2899,335.07,61.01,0
47.28,0.1282,0.1099,0.2467,275.65,57.62,0
32.11,0.1525,0.1381,0.3197,180.25,53.06,0
26.41,0.1701,0.1141,0.2419,137.79,51.27,0
25.63,0.1583,0.1116,0.2496,190.95,51.5,0
60.66,0.1698,0.1566,0.2741,314.7,59.9,0
63.2,0.1826,0.1649,0.3,332.9,61.88,0
69.02,0.1935,0.1606,0.3249,354.19,60.8,0
24.31,0.1592,0.0935,0.2451,164.53,52.01,0
67.91,0.194,0.1378,0.2645,329.08,60.74,0
73.45,0.211,0.1433,0.3247,369.11,62.02,0
73.27,0.1984,0.1868,0.2921,378.47,63.07,0
58.12,0.1959,0.1528,0.2482,307.0,59.62,0
28.38,0.1639,0.1383,0.2144,171.87,51.63,0
47.97,0.145,0.1512,0.2391,253.26,56.3,0
32.49,0.161,0.1347,0.2728,180.46,56.58,0
61.3,0.2054,0.1577,0.2724,313.46,60.3,0
28.63,0.1076,0.1323,0.2557,151.15,52.6,0
56.14,0.1526,0.1245,0.2314,287.9,61.03,0
31.73,0.1598,0.1476,0.2381,168.45,50.26,0
34.63,0.1675,0.1833,0.202,188.22,53.38,0
60.62,0.174,0.1258,0.2833,324.84,59.52,0
31.37,0.17,0.124,0.22,173.3,54.09,0
59.45,0.1994,0.1304,0.2645,310.47,60.19,0
35.21,0.1444,0.1692,0.2218,193.09,54.02,0
69.14,0.1802,0.162,0.2567,337.65,62.43,0
66.8,0.1783,0.1002,0.3082,328.44,59.4,0
77.24,0.195,0.1677,0.3006,404.12,64.98,0
41.27,0.3624,0.1179,1.0086,210.72,54.38,1
70.12,0.2011,0.1686,0.2618,358.28,62.65,0
34.42,0.174,0.1384,0.2582,199.72,53.6,0
49.67,0.17,0.1463,0.23,273.32,60.0,0
56.2,0.1588,0.1518,0.2674,290.76,60.41,0
48.38,0.1693,0.1704,0.2593,281.44,55.89,0
58.34,0.116,0.1485,0.3151,299.79,61.37,0
59.0,0.1819,0.1533,0.2958,300.29,59.84,0
74.65,0.1738,0.1688,0.309,394.79,65.18,0
38.87,0.1401,0.1067,0.2537,216.57,57.75,0
22.75,0.1454,0.0998,0.256,144.22,53.19,0
46.94,0.1767,0.1507,0.2809,242.24,56.02,0
53.18,0.1627,0.1719,0.2236,268.75,59.31,0
22.52,0.1579,0.1026,0.1985,131.15,49.63,0
75.96,0.2191,0.1787,0.2933,374.5,60.52,0
56.25,0.1725,0.1243,0.2145,268.27,60.27,0
24.39,0.1333,0.1547,0.1837,140.69,52.57,0
20.56,0.1429,0.1056,0.1828,113.92,49.15,0
65.5,0.1588,0.1575,0.2823,368.54,60.22,0
43.53,0.1434,0.1168,0.271,243.51,54.49,0
35.74,0.1541,0.1412,0.2252,202.92,51.53,0
23.26,0.1343,0.1125,0.1891,107.8,52.24,0
23.08,0.1418,0.105,0.2279,145.2,52.06,0
38.87,0.1698,0.1242,0.3004,197.99,50.9,0
45.96,0.1216,0.125,0.2732,273.5,57.96,0
72.91,0.1791,0.1416,0.3084,364.06,63.6,0
35.5,0.1514,0.1014,0.1768,214.28,52.58,0
21.3,0.1139,0.1161,0.1848,114.46,50.13,0
49.36,0.1898,0.1597,0.2476,283.34,54.98,0
47.83,0.2124,0.1452,0.2326,238.82,57.08,0
62.64,0.1886,0.1659,0.1796,315.73,62.36,0
41.39,0.1369,0.1366,0.2363,224.73,55.56,0
32.6,0.1804,0.137,0.2329,203.08,55.41,0
42.22,0.1749,0.1815,0.2365,230.85,57.56,0
35.47,0.1451,0.1255,0.2425,190.87,53.28,0
21.88,0.1046,0.7131,0.1946,172.82,81.79,1
36.8,0.13,0.1146,0.2564,180.2,53.8,0
43.94,0.167,0.1398,0.2768,265.05,56.66,0
61.93,0.1635,0.1377,0.3031,305.86,60.22,0
28.87,0.1315,0.1384,0.2025,172.68,52.01,0
45.53,0.1783,0.132,0.2551,249.26,55.97,0
62.59,0.1894,0.1764,0.2788,329.18,59.27,0
36.19,0.1741,0.1348,0.2072,192.93,54.0,0
74.1,0.2187,0.1724,0.2906,601.89,59.9,1
28.65,0.1493,0.0986,0.2285,159.64,50.16,0
60.43,0.1891,0.1733,0.3087,298.37,58.69,0
47.03,0.1703,0.1518,0.2879,230.49,58.55,0
59.81,0.157,0.1598,0.2522,309.96,62.02,0
54.61,0.1799,0.1675,0.2693,281.54,58.08,0
68.25,0.1949,0.1503,0.2791,357.6,65.4,0
32.87,0.1669,0.1707,0.2087,174.02,52.04,0
42.14,0.1858,0.1338,0.2092,265.81,56.42,0
76.47,0.1939,0.1671,0.3379,377.58,64.5,0
45.94,0.1571,0.156,0.2617,234.64,58.16,0
43.33,0.1508,0.1229,0.2256,243.85,56.35,0
29.62,0.1752,0.1361,0.2296,170.12,51.65,0
25.55,0.1512,0.1153,0.2163,149.57,51.91,0
29.0,0.1315,0.1245,0.2051,180.02,51.32,0
53.34,0.1547,0.1515,0.24,263.84,58.13,0
56.67,0.183,0.1644,0.2647,325.71,61.5,0
52.3,0.1648,0.1711,0.2837,256.4,56.71,0
52.14,0.1603,0.1277,0.2889,265.96,56.32,0
73.76,0.1801,0.1528,0.3051,376.51,64.19,0
28.22,0.1319,0.1589,0.2482,172.53,50.65,0
37.6,0.1812,0.1409,0.2339,187.82,52.55,0
58.61,0.1728,0.1601,0.2484,271.96,60.28,0
54.44,0.19,0.1296,0.2597,300.63,57.57,0
24.13,0.1594,0.3709,0.2279,129.66,101.73,1
73.51,0.1585,0.1725,0.2966,370.96,63.52,0
27.18,0.1475,0.0676,0.2291,140.52,52.38,0
36.67,0.1469,0.1354,0.2096,199.54,54.16,0
63.85,0.1923,0.1896,0.2382,316.83,60.26,0
36.87,0.1647,0.128,0.2503,189.81,54.79,0
22.44,0.1559,0.1299,0.248,146.74,49.3,0
33.87,0.1531,0.1197,0.211,186.23,51.63,0
52.01,0.1702,0.1357,0.2619,272.88,59.25,0
76.51,0.2053,0.169,0.2528,379.05,64.37,0
63.2,0.2191,0.1671,0.2872,332.37,62.19,0
73.85,0.1831,0.1461,0.3918,385.6,63.01,0
63.78,0.1956,0.5566,0.268,311.69,96.77,1
30.11,0.1701,0.126,0.2274,160.83,51.44,0
42.85,0.1504,0.141,0.2929,252.84,57.63,0
66.54,0.2065,0.1355,0.2827,341.59,60.73,0
41.88,0.1437,0.1853,0.25,229.71,55.63,0
24.14,0.1713,0.088,0.2404,168.23,50.49,0
66.05,0.1492,0.1391,0.2656,347.59,61.62,0
71.43,0.1997,0.1578,0.2609,357.91,61.52,0
77.01,0.2354,0.1474,0.2966,386.7,63.77,0
63.42,0.164,0.1643,0.2538,309.58,57.44,0
36.9,0.1721,0.1261,0.1679,193.63,55.6,0
51.58,0.6737,0.1394,0.6008,267.78,56.61,1
62.13,0.5454,0.1803,1.099,305.49,61.15,1
57.89,0.1841,0.1802,0.3263,302.36,57.38,0
66.67,0.1672,0.1652,0.2985,358.82,59.77,0
33.64,0.1488,0.1387,0.2527,156.83,50.28,0
54.27,0.1524,0.1923,0.2912,306.52,56.4,0
73.05,0.2169,0.1392,0.2961,388.08,62.54,0
23.04,0.1561,0.1509,0.1814,118.88,50.36,0
44.1,0.1671,0.1535,0.2174,225.63,58.52,0
22.21,0.143,0.116,0.153,129.88,50.38,0
28.83,0.1481,0.1213,0.2461,147.83,49.82,0
46.59,0.187,0.1248,0.1993,259.03,56.16,0
20.14,0.1733,0.0982,0.1335,124.1,52.6,0
68.09,0.2075,0.1479,0.2425,355.53,65.87,0
51.82,0.2022,0.1002,0.2713,256.73,58.95,0
63.35,0.1645,0.1487,0.2783,338.63,59.09,0
48.76,0.1692,0.1438,0.238,228.26,55.55,0
25.31,0.1309,0.1117,0.1865,130.55,48.54,0
51.1,0.1924,0.1709,0.288,255.44,57.2,0
54.35,0.2086,0.1713,0.2775,297.84,57.65,0
66.24,0.1814,0.1555,0.2366,358.52,60.52,0
54.06,0.1652,0.1788,0.2701,272.96,57.31,0
23.22,0.1365,0.4542,0.221,137.94,103.98,1
50.08,0.1315,0.1394,0.2871,252.24,56.84,0
77.32,0.207,0.1216,0.3262,350.37,64.7,0
41.49,0.1581,0.1327,0.2454,235.08,55.1,0
66.7,0.2029,0.1349,0.3136,345.08,62.07,0
53.33,0.1506,0.1292,0.2978,285.98,56.46,0
28.31,0.1591,0.1172,0.2117,191.78,52.95,0
46.98,0.1737,0.1435,0.2369,228.16,55.0,0
71.44,0.1539,0.1519,0.3267,351.9,61.46,0
47.11,0.144,0.1149,0.2727,231.19,55.22,0
37.4,0.1418,0.1637,0.1936,215.86,50.35,0
31.81,0.163,0.1188,0.2652,175.68,54.62,0
51.55,0.1819,0.1377,0.2845,253.12,56.8,0
53.04,0.2018,0.1516,0.2447,261.42,58.62,0
39.2,0.1368,0.0975,0.2791,228.17,55.5,0
53.86,0.4211,0.1707,0.6979,271.87,57.68,1
59.75,0.1738,0.1254,0.2344,307.49,57.36,0
71.05,0.203,0.1434,0.2684,361.78,63.08,0
61.54,0.2158,0.1708,0.2897,334.26,60.32,0
40.33,0.131,0.1308,0.2585,205.48,56.35,0
56.53,0.1935,0.1675,0.3028,293.65,58.42,0
26.18,0.1394,0.1273,0.2507,115.54,51.33,0
71.73,0.2322,0.1642,0.2816,341.64,64.53,0
61.95,0.2072,0.1165,0.2991,334.56,62.69,0
61.91,0.2325,0.1217,0.2708,345.25,62.08,0
50.49,0.1371,0.1708,0.2357,284.06,57.88,0
47.96,0.1424,0.1466,0.2714,243.97,57.99,0
38.75,0.1225,0.1372,0.2516,205.44,53.02,0
23.71,0.1497,0.1229,0.1924,360.82,50.69,1
41.65,0.2078,0.1259,0.2298,213.64,57.26,0
65.75,0.1719,0.1812,0.2866,339.48,62.02,0
24.87,0.1307,0.1303,0.226,154.39,50.76,0
54.52,0.1725,0.1594,0.2548,286.62,60.31,0
34.0,0.1404,0.1349,0.2387,173.02,55.29,0
21.42,0.137,0.1116,0.2843,141.22,51.5,0
49.79,0.1915,0.139,0.2506,238.05,55.84,0
41.78,0.1736,0.1213,0.2599,230.37,54.96,0
46.58,0.2007,0.1428,0.2745,241.72,61.66,0
50.42,0.1577,0.1493,0.2709,257.07,58.51,0
59.68,0.1946,0.145,0.298,334.35,57.75,0
20.36,0.1433,0.1567,0.207,131.56,49.93,0
66.48,0.1703,0.1904,0.3015,369.35,58.54,0
27.9,0.1573,0.094,0.2089,185.01,51.39,0
44.59,0.1684,0.1295,0.2718,233.1,56.12,0
66.53,0.2019,0.1187,0.2733,349.0,64.07,0
28.33,0.1574,0.0825,0.2077,141.18,55.42,0
74.04,0.1977,0.1871,0.3464,381.89,60.91,0
41.3,0.1696,0.1444,0.2375,234.72,55.65,0
75.75,0.1796,0.1935,0.2888,391.78,63.37,0
36.58,0.1472,0.1143,0.2689,210.69,53.16,0
54.56,0.1536,0.1546,0.2479,275.44,59.51,0
60.05,0.1537,0.136,0.2956,310.45,61.27,0
60.09,0.1677,0.1334,0.266,348.81,60.62,0
27.02,0.1454,0.1289,0.2577,183.67,52.37,0
24.04,0.1162,0.1336,0.1656,157.49,51.2,0
65.12,0.2062,0.1662,0.2787,343.41,60.77,0
51.07,0.171,0.1502,0.2077,285.04,56.58,0
39.42,0.189,0.094,0.2317,201.42,52.2,0
28.35,0.151,0.0894,0.2195,167.53,49.93,0
32.98,0.157,0.1423,0.2923,175.38,51.53,0
77.8,0.1642,0.1549,0.2471,382.15,65.49,0
59.0,0.163,0.1363,0.2533,308.02,56.26,0
51.02,0.1722,0.1152,0.3091,279.77,57.57,0
57.71,0.1767,0.1501,0.2991,308.4,60.76,0
20.82,0.1185,0.1201,0.217,105.59,49.51,0
62.11,0.1999,0.1381,0.3165,294.64,59.22,0
69.24,0.1887,0.1541,0.3083,348.94,62.14,0
53.67,0.1575,0.1542,0.236,265.81,57.43,0
60.16,0.1629,0.1074,0.3192,325.67,60.18,0
47.52,0.1694,0.1451,0.2367,246.55,59.85,0
45.58,0.1602,0.1432,0.2527,223.0,57.27,0
62.03,0.1746,0.1515,0.2749,306.81,60.08,0
30.16,0.1352,0.1552,0.2618,170.63,54.6,0
60.21,0.1786,0.1357,0.2828,311.02,58.19,0
69.71,0.213,0.1701,0.3063,361.88,64.65,0
54.54,0.1703,0.1681,0.2721,296.06,58.36,0
64.36,0.1804,0.1745,0.2842,343.61,60.44,0
29.11,0.1134,0.1469,0.2197,179.35,51.19,0
46.1,0.118,0.1224,0.2648,223.47,54.3,0
59.74,0.1857,0.1523,0.2264,326.14,60.07,0
40.7,0.1749,0.1479,0.2805,224.11,55.65,0
61.34,0.1597,0.1391,0.2972,336.78,59.81,0
27.83,0.1548,0.1302,0.2036,168.12,54.18,0
31.62,0.1549,0.1133,0.2679,170.27,56.66,0
60.84,0.2142,0.4178,0.2281,319.5,106.27,1
58.88,0.1756,0.0938,0.2933,270.72,59.29,0
43.83,0.1776,0.1246,0.3055,225.24,57.31,0
61.92,0.1578,0.1532,0.2698,316.75,63.48,0
34.56,0.1447,0.1443,0.2134,182.86,53.44,0
51.72,0.1563,0.1618,0.2916,265.54,56.67,0
53.6,0.1761,0.1357,0.2223,279.93,57.56,0
41.14,0.1644,0.1535,0.2491,212.82,54.96,0
61.68,0.1733,0.1856,0.265,284.39,61.0,0
22.54,0.1743,0.115,0.1959,134.43,51.57,0
55.16,0.1476,0.1462,0.3338,290.92,55.53,0
61.48,0.1797,0.1456,0.2933,294.69,58.77,0
46.58,0.1769,0.147,0.1994,227.25,55.03,0
25.0,0.1612,0.1279,0.2148,108.63,50.5,0
54.49,0.1752,0.1575,0.2923,258.83,56.48,0
49.8,0.1853,0.1131,0.3148,242.0,55.76,0
33.31,0.15,0.1418,0.234,186.39,50.38,0
26.28,0.1493,0.1227,0.1983,143.6,55.15,0
57.17,0.1855,0.1657,0.2834,302.94,58.78,0
45.94,0.1615,0.1274,0.2524,271.57,53.01,0
76.69,0.2019,0.1779,0.2713,372.79,65.47,0
40.13,0.1429,0.1226,0.2561,223.84,53.69,0
51.95,0.1629,0.1509,0.2741,277.72,57.32,0
68.35,0.1783,0.1421,0.3057,340.82,65.7,0
50.98,0.1551,0.1434,0.2153,282.99,55.54,0
23.55,0.1458,0.1041,0.1709,163.41,52.23,0
66.22,0.1876,0.1704,0.3284,352.89,63.46,0
26.83,0.1313,0.1203,0.2255,111.07,52.22,0
53.46,0.171,0.1195,0.2673,269.14,54.93,0
65.44,0.16,0.1876,0.2702,339.27,62.09,0
77.5,0.6452,0.1951,1.0663,390.67,64.33,1
61.91,0.2241,0.1364,0.3318,303.57,62.15,0
42.9,0.1482,0.168,0.1981,220.02,55.78,0
36.5,0.1509,0.157,0.211,219.62,53.55,0
59.87,0.2006,0.153,0.3127,317.58,61.3,0
32.95,0.1577,0.1251,0.2603,185.57,54.02,0
46.0,0.1548,0.1421,0.196,239.77,54.14,0
76.19,0.2005,0.1147,0.2621,360.37,62.95,0
42.15,0.1787,0.1689,0.2787,220.06,52.87,0
56.56,0.1504,0.1274,0.2257,302.18,58.54,0
58.49,0.1701,0.1418,0.261,323.07,58.34,0
38.56,0.1533,0.1444,0.2243,206.55,57.13,0
58.68,0.2311,0.1661,0.3171,347.17,56.97,0
31.44,0.1332,0.1068,0.224,176.01,52.27,0
51.99,0.1821,0.178,0.2813,255.09,56.33,0
70.87,0.2179,0.1478,0.2438,395.04,60.61,0
39.04,0.1668,0.1407,0.217,218.33,54.55,0
33.52,0.1559,0.1433,0.3004,186.11,52.4,0
35.69,0.1877,0.1301,0.2165,200.12,53.86,0
24.66,0.1232,0.1322,0.2624,154.84,53.75,0
42.92,0.1548,0.1357,0.2005,212.28,56.0,0
24.18,0.1287,0.1178,0.1867,120.78,55.25,0
37.44,0.1497,0.1439,0.2599,227.6,53.61,0
40.53,0.1618,0.1321,0.2195,218.65,55.07,0
48.17,0.1769,0.1387,0.2785,256.76,62.35,0
30.24,0.1771,0.1323,0.2196,189.59,53.69,0
64.68,0.1608,0.1251,0.3691,342.21,57.69,0
65.5,0.1961,0.1544,0.2799,322.71,62.5,0
61.94,0.1845,0.1207,0.3252,325.88,59.42,0
44.95,0.1429,0.1639,0.2731,227.17,54.17,0
69.14,0.1581,0.1412,0.2913,339.69,64.79,0
77.37,0.2352,0.1617,0.3017,381.99,63.39,0
61.28,0.1986,0.1596,0.27,313.45,60.25,0
71.3,0.2007,0.131,0.2806,352.38,62.75,0
51.81,0.1654,0.1759,0.2692,281.41,55.45,0
20.71,0.153,0.141,0.1645,106.13,47.63,0
64.47,0.1962,0.1574,0.2915,332.26,61.47,0
21.93,0.1382,0.0978,0.2243,142.07,49.42,0
63.55,0.2274,0.1299,0.2554,342.01,61.02,0
36.51,0.1664,0.1149,0.2468,170.41,53.44,0
46.82,0.1402,0.1489,0.2403,255.94,58.63,0
64.52,0.2008,0.1587,0.2927,344.69,60.29,0
46.77,0.1488,0.1345,0.3087,250.16,58.19,0
52.32,0.1618,0.1292,0.2677,265.78,57.1,0
27.32,0.1805,0.1237,0.2324,171.83,53.84,0
51.93,0.1581,0.1281,0.2716,280.65,57.36,0
61.46,0.1667,0.1654,0.26,345.16,61.97,0
53.47,0.1822,0.1598,0.2785,291.38,57.57,0
47.3,0.1416,0.1153,0.1854,256.75,54.32,0
55.28,0.1586,0.1383,0.2449,285.33,57.49,0
46.63,0.1866,0.1471,0.2953,265.46,57.19,0
77.18,0.2122,0.1943,0.3246,392.83,62.37,0
46.74,0.1477,0.5638,0.2884,256.66,106.54,1
57.95,0.1861,0.1752,0.2223,302.06,58.54,0
70.59,0.1875,0.1521,0.3046,353.36,63.26,0
29.67,0.1633,0.1457,0.236,190.37,53.25,0
56.57,0.1624,0.1672,0.2437,316.57,58.47,0
66.44,0.1805,0.1808,0.2496,329.03,59.89,0
43.59,0.1584,0.1497,0.2384,257.71,55.84,0
55.49,0.1967,0.1843,0.2839,299.26,58.26,0
69.5,0.1956,0.1657,0.2747,344.58,61.74,0
54.79,0.1843,0.1204,0.2564,253.71,61.16,0
62.59,0.2015,0.1505,0.2197,308.44,59.89,0
50.56,0.1717,0.114,0.2139,271.75,58.89,0
27.24,0.1473,0.1321,0.1936,163.23,50.09,0
34.33,0.166,0.0844,0.1702,181.09,53.4,0
29.3,0.142,0.1408,0.2062,159.01,52.47,0
36.16,0.1928,0.1509,0.2382,179.8,55.21,0
54.48,0.1727,0.1243,0.2714,292.88,58.1,0
30.77,0.1547,0.1189,0.2368,179.34,50.49,0
26.14,0.1313,0.0935,0.1944,163.18,52.33,0
75.7,0.1843,0.1097,0.2954,417.58,64.05,0
75.99,0.1924,0.1655,0.2952,368.85,62.46,0
27.01,0.1497,0.0886,0.2868,170.46,54.09,0
49.79,0.1357,0.15,0.2716,260.2,56.34,0
70.9,0.2143,0.119,0.3381,341.23,62.98,0
64.97,0.1929,0.1752,0.2939,325.43,61.42,0
32.86,0.15,0.1365,0.2188,160.5,55.79,0
26.24,0.1253,0.1432,0.2512,141.84,55.35,0
52.17,0.1436,0.1597,0.2891,274.33,57.39,0
34.74,0.1817,0.1335,0.2176,197.16,53.19,0
21.31,0.13,0.0736,0.1989,104.79,49.44,0
29.39,0.1626,0.4348,0.1687,191.2,91.15,1
44.96,0.1712,0.132,0.3206,235.79,56.73,0
32.94,0.15,0.1698,0.2063,168.42,53.05,0
61.38,0.1697,0.1565,0.2951,336.42,61.56,0
69.43,0.2008,0.1415,0.2991,366.06,61.35,0
73.86,0.1701,0.1428,0.2744,363.99,62.69,0
59.07,0.1937,0.1568,0.2876,296.53,61.35,0
69.86,0.2187,0.1203,0.28,351.46,61.98,0
25.09,0.1173,0.1259,0.2645,159.02,53.54,0
73.01,0.2001,0.1612,0.3139,374.27,61.29,0
31.75,0.1294,0.1341,0.2426,220.03,50.33,0
38.65,0.1676,0.1165,0.2892,211.86,55.49,0
40.11,0.1663,0.1177,0.2937,243.93,53.37,0
24.77,0.1458,0.1356,0.2715,133.27,53.44,0
23.39,0.1158,0.0972,0.2964,127.64,47.37,0
28.31,0.1826,0.1529,0.2567,164.89,53.46,0
34.36,0.1619,0.7339,0.2628,223.24,91.98,1
73.14,0.1678,0.1501,0.3177,361.58,61.76,0
33.59,0.1325,0.1422,0.2853,197.26,53.66,0
61.3,0.1819,0.1298,0.2808,316.83,60.83,0
63.61,0.2281,0.138,0.2783,338.4,63.79,0
41.62,0.1844,0.0938,0.2857,212.83,55.88,0
67.52,0.2002,0.1523,0.3503,336.95,61.85,0
21.27,0.136,0.1358,0.2221,119.97,49.66,0
73.19,0.1965,0.1556,0.3293,399.55,62.59,0
65.78,0.1619,0.1736,0.2957,326.87,61.52,0
64.58,0.1668,0.1252,0.3113,306.21,61.68,0
22.49,0.1524,0.1171,0.2537,138.07,52.45,0
67.93,0.1811,0.1754,0.2419,325.66,64.47,0
57.3,0.1523,0.1075,0.3352,297.98,58.59,0
68.78,0.1851,0.1467,0.2705,377.98,60.84,0
58.65,0.1708,0.1639,0.3096,279.1,60.53,0
73.0,0.1928,0.1484,0.2693,358.74,59.66,0
35.28,0.1639,0.1195,0.2422,177.81,55.8,0
32.63,0.1807,0.1394,0.2985,187.61,54.7,0
36.71,0.1488,0.1002,0.2784,387.26,55.46,1
47.78,0.1779,0.1462,0.2913,239.59,60.5,0
67.66,0.2163,0.167,0.2587,340.11,58.86,0
62.0,0.1986,0.1918,0.2325,322.17,60.65,0
73.42,0.2007,0.1958,0.2629,344.81,64.92,0
26.33,0.1579,0.1228,0.1652,141.31,52.03,0
42.66,0.1795,0.1174,0.2381,220.34,57.88,0
70.03,0.2086,0.1477,0.2946,388.24,65.4,0
75.12,0.143,0.1517,0.3195,379.73,65.93,0
32.4,0.1254,0.128,0.2286,189.16,53.29,0
34.72,0.1483,0.1158,0.2502,178.71,54.35,0
42.9,0.1807,0.1635,0.3093,232.3,55.71,0
40.52,0.5689,0.1482,1.0991,199.26,57.36,1
39.56,0.1578,0.1154,0.2016,212.12,55.26,0
33.3,0.1618,0.0896,0.3148,203.09,53.42,0
70.43,0.193,0.1406,0.301,373.16,63.26,0
49.0,0.1925,0.1349,0.2243,261.23,57.59,0
54.72,0.1879,0.162,0.2835,275.64,58.97,0
61.62,0.2074,0.1567,0.3204,314.74,60.08,0
36.1,0.1156,0.1289,0.2748,193.65,51.15,0
46.37,0.1849,0.1202,0.2202,246.93,55.94,0
21.66,0.1305,0.0676,0.2248,119.25,49.74,0
66.41,0.1846,0.1531,0.2712,346.02,62.69,0
21.53,0.104,0.1141,0.232,121.66,52.14,0
56.64,0.158,0.1505,0.2765,329.67,57.48,0
35.72,0.1529,0.1343,0.2162,210.09,53.81,0
39.98,0.1721,0.1225,0.2308,235.42,55.35,0
48.83,0.1883,0.1349,0.2694,264.03,58.42,0
55.1,0.1668,0.1577,0.2493,284.94,58.36,0
29.74,0.1882,0.117,0.2417,174.93,51.33,0
51.68,0.1615,0.1254,0.2669,274.39,57.02,0
45.79,0.1233,0.1201,0.213,250.48,58.0,0
30.9,0.183,0.3888,0.2411,167.77,84.4,1
73.85,0.1792,0.1512,0.3206,385.83,62.39,0
71.0,0.1965,0.1521,0.3183,366.63,62.91,0
75.47,0.2242,0.1851,0.2972,401.14,63.65,0
43.39,0.1823,0.1053,0.2495,231.97,55.06,0
67.24,0.2548,0.1248,0.357,326.38,58.82,0
47.87,0.1579,0.1572,0.2052,261.76,54.23,0
51.82,0.1874,0.1579,0.3044,285.01,58.96,0
73.31,0.1872,0.2057,0.3157,333.44,65.62,0
55.98,0.1852,0.1321,0.2534,278.53,56.08,0
71.51,0.1921,0.1428,0.2774,368.29,61.23,0
59.43,0.1652,0.602,0.2235,303.15,92.01,1
47.99,0.189,0.1285,0.2399,259.67,57.0,0
77.69,0.1959,0.1529,0.3069,380.63,65.02,0
57.56,0.1663,0.1937,0.3053,297.47,58.34,0
77.9,0.1862,0.1643,0.2433,408.47,61.74,0
33.06,0.1569,0.1311,0.2143,166.22,55.73,0
27.95,0.1657,0.1125,0.2434,169.01,51.9,0
30.98,0.139,0.116,0.2703,189.3,50.76,0
40.8,0.1192,0.1126,0.1907,211.55,53.95,0
52.61,0.1606,0.1272,0.262,297.88,60.43,0
76.66,0.1623,0.1454,0.341,396.08,62.22,0
56.92,0.1507,0.1613,0.2865,283.35,62.56,0
68.84,0.4495,0.1634,1.0274,355.45,61.47,1
20.21,0.1394,0.1036,0.2364,96.82,47.68,0
39.73,0.1452,0.116,0.1928,195.23,54.25,0
22.46,0.1444,0.1661,0.1777,136.64,50.84,0
60.37,0.1531,0.1436,0.298,319.57,59.94,0
72.72,0.1708,0.1475,0.2768,387.19,63.69,0
59.1,0.2044,0.1616,0.3211,291.32,60.25,0
77.5,0.1653,0.1758,0.3154,415.01,63.25,0
65.73,0.1737,0.139,0.2709,316.25,63.08,0
23.44,0.1323,0.1227,0.2009,130.82,51.03,0
55.2,0.1271,0.1497,0.3066,299.18,60.06,0
21.07,0.1639,0.1393,0.1992,140.35,50.6,0
67.1,0.229,0.2012,0.2446,351.36,61.74,0
66.0,0.1822,0.1932,0.2694,334.07,61.55,0
23.55,0.1502,0.1349,0.2314,134.17,51.39,0
25.32,0.1495,0.1147,0.2128,158.18,51.63,0
38.43,0.1946,0.1258,0.204,215.91,56.98,0
38.43,0.1573,0.1451,0.2222,201.15,53.14,0
69.59,0.1821,0.1527,0.282,352.51,60.09,0
42.63,0.1391,0.1403,0.1714,219.88,53.93,0
20.36,0.126,0.126,0.2763,108.84,49.84,0
32.13,0.1819,0.165,0.2223,189.74,56.42,0
32.33,0.1428,0.1362,0.231,467.23,53.77,1
22.29,0.1551,0.1306,0.2258,145.61,50.38,0
66.49,0.1475,0.1529,0.2798,316.47,59.88,0
55.75,0.1593,0.1125,0.2376,301.07,58.26,0
35.71,0.148,0.1139,0.1967,186.73,51.04,0
77.61,0.2277,0.1445,0.3078,377.74,66.63,0
73.07,0.1862,0.1584,0.3153,379.34,61.61,0
32.58,0.1805,0.1181,0.2089,184.61,56.94,0
28.18,0.1501,0.1287,0.222,154.47,53.52,0
37.01,0.1529,0.1061,0.2025,194.68,54.44,0
40.66,0.1423,0.1695,0.2726,224.2,54.69,0
44.58,0.1599,0.1367,0.259,213.95,55.96,0
25.93,0.1097,0.1359,0.218,172.23,51.98,0
47.71,0.1642,0.126,0.2809,257.18,55.14,0
32.14,0.1425,0.1723,0.1891,186.27,52.9,0
37.81,0.1602,0.0799,0.2129,224.8,52.0,0
68.8,0.1731,0.1587,0.2145,386.45,63.0,0
65.33,0.2037,0.1146,0.2863,346.45,59.27,0
43.66,0.171,0.1248,0.2081,217.09,55.2,0
74.88,0.1973,0.1775,0.3198,369.22,64.81,0
40.53,0.1302,0.1135,0.2507,189.91,55.28,0
73.89,0.1939,0.1589,0.3185,358.57,63.56,0
77.85,0.2381,0.1661,0.2807,399.85,62.7,0
76.92,0.1991,0.1565,0.3063,390.37,61.87,0
28.09,0.1769,0.1413,0.2134,168.19,52.16,0
22.11,0.1543,0.1625,0.1821,135.85,50.94,0
44.85,0.1504,0.12,0.2326,235.25,55.22,0
45.89,0.1694,0.1751,0.2073,255.02,56.5,0
72.04,0.1838,0.1633,0.2841,349.11,61.26,0
47.35,0.2018,0.1341,0.2417,266.72,55.69,0
57.24,0.1775,0.1557,0.2569,309.51,58.53,0
21.68,0.1363,0.1002,0.2217,129.18,51.57,0
31.33,0.0944,0.1551,0.214,172.22,50.41,0
75.08,0.2067,0.1669,0.2979,391.03,62.56,0
60.5,0.1723,0.1486,0.293,313.45,59.63,0
60.37,0.1735,0.1479,0.2594,307.14,61.93,0
21.37,0.1263,0.1064,0.1865,134.36,49.98,0
25.93,0.1711,0.1093,0.2394,163.14,48.28,0
62.06,0.1921,0.1304,0.2858,307.12,58.0,0
29.28,0.1404,0.109,0.2586,172.3,51.7,0
77.75,0.1897,0.1656,0.2676,384.89,65.38,0
35.45,0.1607,0.1126,0.2592,195.23,53.74,0
69.68,0.1873,0.1359,0.3184,341.2,63.8,0
36.37,0.1202,0.1359,0.2385,195.4,52.66,0
50.97,0.2174,0.1562,0.257,272.98,56.63,0
62.35,0.1644,0.165,0.2734,336.25,59.43,0
40.46,0.1256,0.1403,0.2206,217.37,54.12,0
59.65,0.2019,0.1741,0.3098,323.61,63.07,0
65.89,0.1848,0.1099,0.2926,334.44,63.77,0
61.48,0.1976,0.1615,0.2278,318.97,61.07,0
65.03,0.1785,0.1597,0.2886,335.64,62.13,0
23.23,0.1949,0.1415,0.2565,134.67,51.72,0
58.72,0.1718,0.1195,0.249,301.05,59.12,0
27.47,0.151,0.1417,0.2577,169.06,55.34,0
20.89,0.1471,0.1153,0.2507,112.45,50.66,0
77.31,0.2545,0.1931,0.2733,402.91,63.55,0
38.77,0.1353,0.1518,0.2442,199.29,55.13,0
30.61,0.1354,0.1558,0.2061,174.23,50.83,0
52.31,0.2088,0.1316,0.3151,288.59,59.8,0
55.36,0.1624,0.1691,0.3039,277.29,57.61,0
58.4,0.1635,0.1224,0.2173,303.73,60.15,0
37.76,0.1863,0.1681,0.2088,211.61,54.05,0
54.67,0.1872,0.1359,0.2912,290.2,58.39,0
65.01,0.1787,0.1483,0.3165,344.2,62.34,0
26.73,0.1351,0.1149,0.2353,138.81,52.86,0
49.06,0.1138,0.1358,0.2371,268.04,57.0,0
58.37,0.1932,0.1343,0.2914,314.01,59.35,0
45.84,0.1448,0.1386,0.2663,260.3,58.54,0
69.32,0.6235,0.1681,0.7237,324.88,58.18,1
60.74,0.1586,0.1408,0.2964,327.41,62.0,0
27.98,0.1206,0.077,0.2267,147.66,52.86,0
26.87,0.1322,0.1255,0.2284,171.58,54.6,0
51.18,0.176,0.1876,0.2618,256.21,57.11,0
30.04,0.1414,0.1243,0.2278,208.35,51.63,0
40.99,0.1776,0.166,0.2846,216.54,52.95,0
46.21,0.1679,0.1842,0.2819,242.11,57.57,0
48.21,0.2256,0.1538,0.2111,248.84,54.73,0
32.4,0.1371,0.1241,0.2235,177.31,54.61,0
23.33,0.1459,0.1456,0.2482,124.4,48.75,0
50.06,0.1398,0.1214,0.2607,273.56,58.72,0
42.19,0.1337,0.1387,0.2811,226.6,55.69,0
52.16,0.1851,0.1214,0.2239,268.93,58.05,0
38.2,0.1734,0.1223,0.2955,214.47,55.69,0
56.41,0.1269,0.1483,0.2356,285.5,55.53,0
65.28,0.1868,0.1516,0.2812,330.06,61.9,0
34.17,0.1692,0.1451,0.1933,172.15,54.06,0
68.52,0.2334,0.1513,0.2839,344.84,62.57,0
62.89,0.1706,0.1505,0.3055,347.09,61.17,0
31.06,0.1606,0.1226,0.234,185.42,50.5,0
59.56,0.1967,0.1819,0.2883,312.98,59.11,0
22.67,0.1266,0.1361,0.1975,142.7,50.16,0
41.3,0.166,0.1515,0.2484,227.8,58.39,0
51.16,0.1622,0.1448,0.2067,262.61,56.95,0
73.65,0.1804,0.184,0.3109,390.36,63.04,0
29.19,0.1511,0.1383,0.2445,148.69,53.39,0
26.65,0.1383,0.1156,0.2675,158.77,50.05,0
58.98,0.2096,0.1649,0.2729,331.04,59.37,0
57.62,0.1822,0.1254,0.2602,292.89,59.96,0
36.86,0.1727,0.1319,0.2289,205.8,54.57,0
75.94,0.2183,0.1729,0.2644,378.96,62.6,0
37.73,0.1444,0.1028,0.2394,217.81,53.08,0
74.19,0.1675,0.1375,0.3519,369.45,64.24,0
58.61,0.2032,0.1705,0.3241,293.52,61.73,0
25.13,0.1314,0.1382,0.2116,142.37,51.82,0
71.01,0.1826,0.1352,0.3191,345.82,65.08,0
47.36,0.1441,0.1236,0.2485,242.2,53.96,0
52.93,0.1743,0.1293,0.3157,262.55,59.58,0
60.53,0.2064,0.1322,0.3291,316.8,60.64,0
32.68,0.1635,0.1282,0.2655,176.87,52.37,0
57.7,0.1497,0.114,0.2851,291.91,59.8,0
56.1,0.2063,0.143,0.2471,299.3,61.57,0
60.92,0.1756,0.7258,0.2425,297.9,110.78,1
35.85,0.1662,0.128,0.199,203.68,52.84,0
65.81,0.1928,0.1599,0.3069,348.05,61.98,0
77.65,0.2106,0.1898,0.2946,380.74,66.45,0
77.69,0.2319,0.1354,0.2671,400.4,65.57,0
32.2,0.1659,0.1256,0.2974,191.36,52.4,0
68.32,0.1809,0.1503,0.3116,355.52,61.56,0
51.0,0.1815,0.1562,0.2664,259.79,54.87,0
68.74,0.1975,0.1449,0.3052,325.04,61.35,0
54.41,0.1847,0.1363,0.2799,275.33,57.5,0
45.09,0.175,0.1411,0.2369,263.93,54.63,0
51.52,0.1697,0.4952,0.2202,264.19,110.43,1
56.18,0.1745,0.1403,0.2791,299.45,58.76,0
59.64,0.1882,0.1673,0.2389,304.02,59.58,0
53.79,0.2084,0.1281,0.2496,268.83,58.2,0
37.1,0.1431,0.1059,0.2676,197.28,57.14,0
43.53,0.1789,0.1327,0.2699,240.8,55.28,0
63.44,0.1392,0.1545,0.3216,314.89,59.41,0
69.48,0.1796,0.1426,0.3397,355.06,63.41,0
34.12,0.1454,0.1582,0.1658,189.57,53.37,0
64.1,0.1551,0.168,0.3166,336.15,61.38,0
44.17,0.1505,0.172,0.2595,228.45,58.03,0
62.73,0.2081,0.1367,0.3149,313.79,60.34,0
26.25,0.5906,0.1099,0.7825,157.4,54.1,1
56.12,0.2105,0.1162,0.2312,290.02,59.09,0
73.51,0.2077,0.1672,0.3006,385.91,63.67,0
30.1,0.138,0.1095,0.1994,181.62,54.64,0
69.17,0.2063,0.18,0.2799,351.69,62.7,0
44.3,0.1739,0.1242,0.2259,260.79,58.3,0
41.34,0.1939,0.1455,0.1881,507.44,55.46,1
43.08,0.1433,0.1527,0.2888,224.18,55.31,0
39.9,0.1808,0.1305,0.2104,227.6,54.82,0
21.72,0.1597,0.1337,0.2139,99.24,52.79,0
64.82,0.2076,0.1478,0.2763,334.98,60.69,0
63.74,0.1842,0.1301,0.2495,316.42,62.3,0
75.71,0.1876,0.1744,0.2479,411.96,64.26,0
21.17,0.1634,0.1431,0.1992,121.45,50.1,0
71.84,0.1548,0.1202,0.2586,366.48,61.36,0
26.02,0.1716,0.0841,0.2228,147.32,51.52,0
76.98,0.1837,0.1645,0.2716,385.03,63.41,0
75.75,0.1943,0.1626,0.346,399.25,66.22,0
76.35,0.2039,0.1272,0.2966,390.12,64.89,0
42.15,0.1583,0.1621,0.2088,216.75,56.98,0
62.19,0.1927,0.1577,0.2588,326.0,59.87,0
46.74,0.1803,0.1671,0.2414,253.83,55.97,0
39.96,0.1654,0.134,0.206,219.64,54.74,0
46.22,0.1576,0.1236,0.2515,252.71,56.42,0
35.14,0.1441,0.1273,0.235,209.65,53.52,0
46.21,0.1722,0.1289,0.2552,225.69,55.67,0
50.01,0.1266,0.1413,0.2772,253.01,58.11,0
76.96,0.244,0.1456,0.2871,372.63,63.22,0
52.64,0.1865,0.1376,0.2392,275.43,60.93,0
29.51,0.1333,0.1399,0.1935,168.16,52.81,0
23.92,0.1395,0.1198,0.1736,144.41,52.53,0
51.78,0.1652,0.1336,0.2622,292.22,56.67,0
24.79,0.1919,0.1224,0.2297,158.59,49.86,0
59.76,0.152,0.1251,0.2535,319.15,60.69,0
22.78,0.1208,0.1205,0.2701,149.89,51.07,0
71.69,0.1918,0.1614,0.277,368.38,63.26,0
58.31,0.1846,0.1152,0.3007,319.71,59.16,0
53.69,0.1759,0.1531,0.3042,277.92,56.74,0
75.64,0.2077,0.1289,0.2968,384.37,63.15,0
30.93,0.1541,0.1351,0.266,173.77,52.63,0
73.79,0.1893,0.1641,0.3015,359.98,64.43,0
22.97,0.1604,0.1261,0.2062,129.31,50.74,0
23.14,0.1177,0.1068,0.1906,117.43,50.46,0
35.82,0.1752,0.5543,0.2612,209.77,104.95,1
71.32,0.1474,0.1693,0.2619,364.79,63.23,0
31.42,0.1863,0.1284,0.2436,176.09,55.92,0
48.02,0.1542,0.1619,0.2638,247.4,54.72,0
64.79,0.2011,0.1533,0.2545,327.14,63.65,0
52.42,0.5431,0.1439,0.6654,279.22,58.24,1
59.74,0.1772,0.1224,0.2302,321.04,59.77,0
39.32,0.4278,0.1544,0.9279,226.03,55.58,1
62.28,0.1663,0.1716,0.301,303.94,58.93,0
73.64,0.1728,0.1792,0.336,381.89,63.42,0
43.95,0.1656,0.1537,0.234,215.37,55.8,0
40.68,0.1979,0.1092,0.2262,193.6,56.0,0
53.49,0.1777,0.1766,0.3242,294.19,59.03,0
33.72,0.145,0.1453,0.2752,189.19,53.89,0
44.96,0.1827,0.1466,0.2682,232.06,56.32,0
50.43,0.1564,0.1208,0.2761,264.66,58.78,0
70.67,0.1562,0.1624,0.2811,379.11,62.59,0
49.33,0.1448,0.1853,0.2967,281.57,58.68,0
44.0,0.1831,0.132,0.2418,230.83,54.2,0
31.2,0.1599,0.1537,0.2459,190.76,51.54,0
22.41,0.1722,0.1036,0.2334,144.53,51.45,0
57.15,0.1863,0.1526,0.2632,298.8,58.28,0
21.85,0.1438,0.0866,0.2274,139.81,49.6,0
59.44,0.1728,0.1775,0.2717,320.04,57.47,0
59.17,0.1913,0.1582,0.2305,296.77,58.32,0
31.01,0.1385,0.114,0.2119,188.13,51.98,0
55.23,0.209,0.1674,0.2125,294.48,57.64,0
72.12,0.1638,0.184,0.3574,369.07,63.7,0
43.77,0.1592,0.1488,0.1993,219.68,57.23,0
70.16,0.1893,0.6538,0.2711,358.71,104.67,1
34.98,0.1584,0.1088,0.2108,204.34,56.73,0
70.03,0.175,0.172,0.321,345.43,61.3,0
77.22,0.2172,0.1642,0.2769,413.59,61.89,0
38.92,0.1502,0.1311,0.2728,217.91,57.84,0
20.15,0.1189,0.1236,0.1779,128.24,50.77,0
73.38,0.1635,0.1545,0.3412,347.55,61.99,0
75.38,0.184,0.1558,0.3137,388.65,65.14,0
66.76,0.1703,0.174,0.256,332.07,63.4,0
37.2,0.1611,0.0968,0.2262,221.02,54.98,0
76.15,0.1938,0.1768,0.2649,384.81,64.96,0
73.59,0.2017,0.1308,0.2815,372.5,64.48,0
77.89,0.22,0.1717,0.2834,422.27,62.6,0
31.96,0.1684,0.1357,0.1868,178.99,52.06,0
39.59,0.1471,0.149,0.23,219.35,53.6,0
59.21,0.1496,0.159,0.2311,304.53,57.43,0
39.56,0.1608,0.1418,0.2636,216.85,55.05,0
54.81,0.1837,0.1053,0.2805,279.46,56.83,0
25.14,0.1498,0.1743,0.2619,147.44,53.01,0
27.71,0.1426,0.0898,0.2288,150.7,51.83,0
74.26,0.2358,0.1988,0.3451,378.57,61.44,0
46.46,0.5379,0.1598,0.5875,238.98,55.46,1
20.27,0.1629,0.0823,0.1992,160.8,51.35,0
30.05,0.1163,0.1359,0.2448,170.55,53.2,0
60.4,0.1878,0.1509,0.2551,285.96,59.27,0
48.66,0.1781,0.1777,0.2799,234.57,59.19,0
28.6,0.1638,0.1355,0.1731,154.52,49.07,0
67.2,0.1939,0.1673,0.2511,315.92,63.68,0
36.01,0.1556,0.1296,0.2161,208.09,52.79,0
47.18,0.1597,0.1224,0.2701,233.3,59.12,0
34.28,0.1795,0.1299,0.286,216.94,54.45,0
49.43,0.1851,0.1425,0.2389,268.96,58.43,0
48.44,0.1856,0.164,0.231,249.64,58.01,0
24.15,0.1209,0.1097,0.1967,120.48,51.5,0
33.57,0.1673,0.1026,0.2266,191.9,52.99,0
37.92,0.1761,0.1289,0.2248,205.87,54.38,0
62.7,0.1971,0.145,0.2913,324.18,61.73,0
34.7,0.1547,0.1472,0.2562,206.32,52.84,0
22.14,0.1458,0.1322,0.2331,120.24,49.68,0
52.79,0.1531,0.1461,0.2884,256.87,58.04,0
48.15,0.1923,0.1328,0.2844,256.07,57.11,0
38.24,0.1948,0.1321,0.2495,197.25,53.88,0
37.36,0.1699,0.1415,0.2388,190.94,56.44,0
58.65,0.1665,0.1236,0.2424,286.87,60.92,0
49.39,0.1608,0.1423,0.2756,231.65,58.51,0
42.13,0.1449,0.1429,0.2368,230.69,52.32,0
68.74,0.2096,0.155,0.2802,353.56,61.82,0
32.88,0.1376,0.1481,0.2513,182.92,51.02,0
51.76,0.1859,0.1516,0.2483,254.02,56.0,0
69.56,0.1948,0.1675,0.2788,356.12,62.08,0
22.88,0.1668,0.1316,0.179,114.73,50.79,0
25.78,0.1745,0.11,0.2022,145.15,54.28,0
37.65,0.1677,0.1417,0.2336,198.94,54.92,0
62.85,0.1596,0.1771,0.3027,320.6,62.88,0
32.13,0.1661,0.1574,0.2426,169.93,50.42,0
49.21,0.1391,0.1514,0.2085,258.9,58.71,0
34.1,0.1485,0.1402,0.2274,186.29,57.17,0
71.22,0.2172,0.1465,0.2902,359.39,64.74,0
60.83,0.4497,0.137,0.7562,311.42,58.86,1
45.41,0.1389,0.1587,0.2397,248.16,59.12,0
77.64,0.2041,0.1725,0.2602,680.84,63.95,1
77.57,0.2205,0.1626,0.3164,406.34,62.43,0
58.61,0.1772,0.1424,0.2483,276.84,58.57,0
40.8,0.1908,0.148,0.223,256.1,53.72,0
52.13,0.1782,0.1429,0.2553,250.75,56.86,0
77.24,0.2065,0.1671,0.3538,380.04,62.15,0
76.57,0.218,0.1871,0.2822,393.44,62.62,0
62.37,0.1652,0.155,0.2516,305.09,61.07,0
56.21,0.1745,0.1542,0.3043,277.54,59.33,0
20.32,0.1571,0.0979,0.2036,114.29,49.92,0
25.97,0.1133,0.1269,0.1992,148.98,53.62,0
52.44,0.1928,0.1465,0.2687,270.5,59.27,0
76.81,0.2106,0.1418,0.3095,374.45,67.85,0
61.2,0.19,0.1554,0.2694,317.07,58.93,0
75.65,0.2223,0.173,0.278,382.17,62.93,0
29.87,0.1433,0.5323,0.2476,175.4,104.62,1
56.17,0.1545,0.15,0.274,290.4,59.04,0
75.96,0.2294,0.1586,0.3311,370.25,63.3,0
23.08,0.12,0.1305,0.2228,168.38,49.24,0
52.73,0.1967,0.1005,0.2472,298.26,59.24,0
26.09,0.1485,0.1273,0.2238,113.65,49.67,0
32.7,0.1684,0.0955,0.2252,163.41,53.46,0
43.96,0.1406,0.1365,0.233,234.54,55.07,0
77.17,0.1834,0.1509,0.2544,400.67,66.63,0
40.29,0.1746,0.1512,0.2277,203.91,54.5,0
77.24,0.4103,0.1925,0.8763,361.93,64.24,1
73.32,0.1774,0.1583,0.3184,365.08,60.88,0
46.29,0.166,0.164,0.2235,241.45,58.61,0
25.2,0.1214,0.1426,0.221,163.15,48.82,0
27.75,0.1317,0.1208,0.1621,159.75,52.5,0
31.64,0.1384,0.1163,0.3136,178.68,51.6,0
58.05,0.1472,0.1353,0.2897,286.22,57.56,0
49.47,0.1669,0.1231,0.2473,223.24,56.1,0
64.13,0.1758,0.159,0.2692,341.93,59.28,0
52.52,0.1984,0.168,0.2276,274.9,59.35,0
56.82,0.1531,0.1019,0.2676,277.55,58.43,0
51.94,0.1748,0.1473,0.242,277.62,59.7,0
37.52,0.1603,0.1335,0.1823,199.18,53.49,0
44.02,0.1342,0.1014,0.2609,228.11,54.58,0
36.25,0.0989,0.1371,0.2196,206.15,55.16,0
40.04,0.1454,0.4368,0.283,196.61,92.18,1
54.96,0.2036,0.1498,0.3161,292.34,59.89,0
25.52,0.1575,0.1297,0.272,118.81,50.82,0
33.95,0.4277,0.1441,0.6689,194.29,54.6,1
48.79,0.1585,0.1269,0.2176,245.72,55.02,0
42.51,0.1719,0.1517,0.2181,196.85,55.73,0
51.17,0.1694,0.1328,0.2873,258.6,60.58,0
67.59,0.2176,0.1653,0.3525,326.57,61.28,0
23.94,0.4515,0.1405,1.0043,123.15,51.38,1
68.55,0.192,0.1464,0.2629,344.11,63.5,0
22.05,0.134,0.1316,0.1966,122.12,48.12,0
33.56,0.1309,0.1276,0.252,181.05,51.41,0
24.43,0.1607,0.1642,0.2317,154.19,51.57,0
27.31,0.1452,0.1152,0.2313,186.79,52.08,0
54.32,0.1846,0.1265,0.2753,299.51,58.02,0
75.94,0.1923,0.1623,0.298,383.38,63.16,0
55.64,0.1556,0.1715,0.2629,271.45,58.43,0
44.91,0.1652,0.1174,0.2249,252.24,56.0,0
36.69,0.161,0.1336,0.2424,163.63,54.55,0
76.81,0.1716,0.1455,0.2764,389.42,67.28,0
41.47,0.1638,0.1377,0.2641,234.21,54.66,0
39.71,0.1433,0.1395,0.2592,211.78,53.9,0
27.08,0.0967,0.1166,0.205,172.91,48.91,0
55.78,0.1769,0.1388,0.2461,305.12,58.73,0
77.93,0.1954,0.1506,0.2899,395.67,64.4,0
50.93,0.1657,0.0995,0.2535,279.09,58.6,0
48.11,0.1661,0.1348,0.3017,247.51,56.85,0
57.72,0.1849,0.1367,0.2037,300.63,59.12,0
40.66,0.1971,0.1488,0.2782,213.12,56.0,0
28.8,0.1373,0.0908,0.2901,178.17,51.07,0
43.3,0.1292,0.119,0.2174,221.87,55.63,0
73.47,0.1891,0.1521,0.2935,368.49,65.82,0
36.83,0.1342,0.1064,0.2313,207.25,54.66,0
23.53,0.1396,0.1479,0.2262,151.08,51.44,0
54.8,0.1394,0.1595,0.2271,286.74,57.39,0
60.53,0.2083,0.1415,0.2187,293.41,58.47,0
64.74,0.1711,0.1541,0.288,317.85,59.44,0
29.32,0.146,0.1268,0.149,184.3,53.84,0
45.07,0.1462,0.1502,0.2452,238.94,53.13,0
20.34,0.1147,0.097,0.2602,126.99,48.34,0
44.4,0.1742,0.1223,0.2482,246.6,57.22,0
57.83,0.1484,0.1163,0.3023,311.6,57.54,0
37.37,0.173,0.1426,0.2387,181.34,56.12,0
47.78,0.1948,0.153,0.2696,254.62,55.32,0
24.81,0.1784,0.1256,0.1998,129.73,51.19,0
69.61,0.1857,0.1408,0.3142,363.52,62.88,0
48.7,0.162,0.1361,0.2926,286.0,54.76,0
24.67,0.1286,0.102,0.1682,156.15,54.09,0
30.54,0.157,0.1133,0.2252,175.78,55.96,0
43.7,0.1421,0.0978,0.2695,229.42,53.66,0
60.83,0.2109,0.1597,0.2594,305.56,60.8,0
68.97,0.1778,0.1368,0.2257,346.65,62.91,0
31.83,0.1586,0.1142,0.156,162.62,53.34,0
67.0,0.4914,0.1637,0.6826,343.02,58.49,1
29.24,0.1219,0.0984,0.2036,168.02,54.82,0
44.52,0.1251,0.1335,0.2473,253.62,55.95,0
71.37,0.2092,0.1563,0.3191,388.33,62.4,0
31.59,0.1716,0.0986,0.2306,173.16,51.33,0
57.87,0.2214,0.1445,0.3229,313.78,58.81,0
56.65,0.178,0.1553,0.2007,312.34,59.11,0
31.56,0.1257,0.1554,0.2341,176.34,53.44,0
20.55,0.1474,0.1076,0.1991,98.13,51.23,0
26.29,0.164,0.1103,0.2294,152.54,49.58,0
69.81,0.2238,0.2064,0.2723,365.14,61.56,0
32.48,0.1652,0.1126,0.23,182.23,54.9,0
22.92,0.1259,0.1194,0.2312,136.24,49.01,0
42.64,0.1379,0.1394,0.2417,215.67,57.51,0
50.05,0.1537,0.1166,0.2698,238.17,56.6,0
63.65,0.1815,0.167,0.2391,308.08,59.17,0
65.25,0.205,0.1926,0.2726,343.45,60.43,0
76.89,0.1789,0.1519,0.2985,361.45,64.14,0
70.3,0.1608,0.1731,0.3477,381.46,62.93,0
37.2,0.1787,0.0992,0.281,209.52,52.8,0
73.37,0.1928,0.1673,0.3647,365.9,64.64,0
25.76,0.1416,0.1034,0.2037,147.5,53.85,0
29.98,0.1459,0.149,0.2681,164.0,54.83,0
46.11,0.1629,0.1201,0.2402,254.23,54.69,0
50.28,0.1678,0.1178,0.3122,274.18,60.03,0
65.17,0.1815,0.1526,0.2951,347.3,60.59,0
56.06,0.1874,0.1324,0.3178,284.56,57.36,0
46.17,0.1507,0.1397,0.2569,229.52,58.13,0
70.48,0.1777,0.1472,0.3072,354.22,61.46,0
73.91,0.2221,0.1625,0.2668,385.54,64.23,0
43.59,0.1575,0.1568,0.3562,246.26,55.45,0
55.13,0.1797,0.136,0.2523,272.96,60.06,0
27.23,0.1582,0.1373,0.1719,174.65,50.88,0
72.18,0.1865,0.1484,0.3549,340.18,61.29,0
59.52,0.1724,0.1265,0.3062,317.83,59.03,0
27.29,0.1562,0.1598,0.1178,160.26,53.32,0
47.29,0.1869,0.1456,0.3106,261.4,55.92,0
21.69,0.1541,0.1335,0.1852,127.26,51.67,0
66.57,0.1951,0.1369,0.3012,365.61,61.8,0
23.67,0.1339,0.1246,0.2168,155.05,51.97,0
21.4,0.122,0.1289,0.2375,159.59,49.03,0
68.97,0.1734,0.1809,0.2462,329.08,60.41,0
53.18,0.1748,0.1509,0.3261,284.0,57.56,0
42.33,0.1833,0.1467,0.194,230.93,55.85,0
36.56,0.171,0.1022,0.2479,176.8,52.22,0
31.72,0.1622,0.114,0.2166,188.55,51.82,0
43.54,0.1617,0.1656,0.2206,247.96,53.99,0
61.29,0.1692,0.1654,0.3215,329.28,59.61,0
38.51,0.1616,0.1319,0.2098,221.86,55.93,0
77.15,0.2362,0.1809,0.2862,379.24,62.95,0
44.02,0.1328,0.1105,0.2169,225.4,56.04,0
24.54,0.1508,0.1183,0.1873,137.18,50.39,0
29.72,0.1581,0.6486,0.2381,180.53,97.32,1
23.44,0.1685,0.0763,0.1613,154.5,52.36,0
44.77,0.1623,0.1376,0.248,242.66,55.64,0
67.79,0.1594,0.1571,0.3023,356.81,61.81,0
64.37,0.1713,0.1487,0.2663,321.12,61.25,0
53.72,0.1702,0.1395,0.2677,285.36,56.67,0
33.38,0.1581,0.1323,0.2297,171.19,54.53,0
60.23,0.2029,0.1622,0.2774,284.86,60.73,0
57.38,0.2063,0.1247,0.2824,272.13,58.94,0
48.29,0.1575,0.1481,0.2543,250.0,57.56,0
49.59,0.1638,0.1555,0.2347,233.54,57.14,0
46.73,0.147,0.1498,0.2583,232.86,56.88,0
28.09,0.1526,0.1208,0.2077,166.31,53.01,0
58.41,0.1734,0.1486,0.2644,328.78,60.8,0
24.15,0.1344,0.1567,0.2415,145.93,50.64,0
52.3,0.176,0.1332,0.2828,265.5,59.21,0
65.75,0.212,0.1452,0.2656,301.61,60.89,0
41.47,0.1287,0.1278,0.2287,258.53,55.29,0
68.44,0.1841,0.1585,0.2951,349.46,60.93,0
37.22,0.1703,0.108,0.2431,195.14,54.32,0
70.35,0.2233,0.1241,0.2796,347.1,60.59,0
76.68,0.2219,0.1573,0.2686,366.69,65.81,0
53.37,0.2145,0.1631,0.2759,271.41,56.31,0
73.22,0.2108,0.115,0.27,375.04,61.91,0
42.79,0.1788,0.1046,0.2776,237.61,55.39,0
67.02,0.2049,0.1467,0.2989,343.29,63.37,0
39.61,0.1392,0.1103,0.2124,225.4,56.01,0
74.14,0.1719,0.1626,0.2871,374.73,63.37,0
44.53,0.1422,0.1357,0.219,226.85,55.13,0
73.12,0.2152,0.1306,0.2845,385.23,62.0,0
42.18,0.1703,0.1464,0.228,208.96,54.01,0
50.95,0.1694,0.1621,0.3047,265.01,57.31,0
28.26,0.1513,0.1318,0.2091,172.52,51.64,0
40.02,0.1815,0.1244,0.2476,206.33,56.37,0
26.86,0.1377,0.1207,0.2478,161.69,51.32,0
53.46,0.2037,0.1273,0.3332,284.04,59.85,0
58.1,0.1625,0.168,0.3347,294.24,61.18,0
68.57,0.1874,0.1659,0.294,358.58,65.27,0
28.93,0.1439,0.1496,0.2129,142.87,53.01,0
44.02,0.1541,0.1391,0.21,234.14,56.4,0
31.97,0.1491,0.1032,0.2162,171.08,53.87,0
42.9,0.1517,0.1247,0.2656,242.9,56.34,0
50.03,0.1858,0.1448,0.2767,266.59,58.37,0
52.35,0.1606,0.1081,0.251,265.41,55.97,0
22.7,0.1345,0.1295,0.176,121.21,49.89,0
43.78,0.1358,0.1331,0.2239,243.88,53.26,0
21.41,0.1737,0.0713,0.227,144.19,52.99,0
47.43,0.1361,0.1126,0.1895,283.56,55.11,0
66.03,0.1729,0.1531,0.1931,328.12,63.29,0
64.36,0.2105,0.1639,0.3262,343.37,61.12,0
31.64,0.1479,0.1247,0.233,194.57,52.99,0
23.12,0.1538,0.1029,0.2392,153.17,52.1,0
75.34,0.1795,0.1375,0.3482,369.24,61.86,0
40.95,0.1342,0.0959,0.2432,199.08,57.27,0
36.18,0.1534,0.1457,0.2619,181.54,54.54,0
39.16,0.1822,0.083,0.2966,220.34,55.16,0
42.85,0.1352,0.133,0.2543,201.99,60.12,0
44.01,0.1598,0.1576,0.2268,256.35,57.73,0
62.59,0.1699,0.132,0.2788,312.0,60.91,0
47.39,0.1734,0.0954,0.2567,237.14,54.69,0
70.63,0.1901,0.1353,0.2473,372.51,62.18,0
28.71,0.1472,0.1181,0.2776,175.32,50.44,0
47.9,0.1537,0.1328,0.2408,258.78,56.17,0
74.76,0.2186,0.1271,0.3362,385.45,63.54,0
41.01,0.1834,0.137,0.2945,230.36,54.51,0
63.9,0.1708,0.1308,0.3012,337.33,61.18,0
41.06,0.4328,0.1373,0.6663,207.78,54.95,1
71.96,0.1844,0.1513,0.2791,348.74,63.24,0
67.44,0.1883,0.1623,0.2367,366.06,61.75,0
51.41,0.1836,0.6002,0.2733,276.68,105.55,1
73.71,0.1944,0.149,0.2672,380.94,63.39,0
32.56,0.1194,0.116,0.1746,192.03,55.71,0
41.99,0.1753,0.0982,0.2842,213.03,57.07,0
53.87,0.1838,0.1821,0.2713,278.18,57.49,0
76.4,0.1443,0.155,0.2886,392.39,62.01,0
59.79,0.199,0.1518,0.2719,301.85,61.38,0
31.33,0.1618,0.1204,0.2438,191.41,55.38,0
55.37,0.1798,0.4667,0.2481,286.29,86.75,1
23.27,0.1317,0.1262,0.1961,144.27,50.61,0
24.2,0.1348,0.1512,0.1794,154.23,51.95,0
65.26,0.1711,0.1382,0.2588,359.03,59.29,0
41.68,0.1427,0.1511,0.2063,251.25,54.79,0
21.64,0.1175,0.1197,0.2143,108.11,48.41,0
60.58,0.1556,0.1068,0.3061,321.94,60.11,0
34.01,0.1618,0.1312,0.2328,196.63,52.92,0
53.82,0.1651,0.1622,0.2804,264.82,59.03,0
41.97,0.1689,0.1382,0.2514,216.77,57.6,0
56.02,0.1785,0.117,0.2604,307.43,61.7,0
24.1,0.1594,0.1389,0.2466,116.03,51.7,0
34.18,0.1584,0.1367,0.2132,172.32,53.81,0
43.53,0.1712,0.1118,0.2024,440.78,56.73,1
45.84,0.1606,0.0905,0.2604,218.42,56.82,0
51.02,0.1532,0.1418,0.2659,282.2,59.64,0
23.45,0.1544,0.13,0.1844,169.11,48.73,0
55.78,0.1595,0.1077,0.2883,280.91,59.28,0
66.12,0.2083,0.1769,0.3184,339.26,62.91,0
50.38,0.1199,0.1142,0.3025,289.34,57.38,0
38.97,0.1463,0.1273,0.2374,214.03,50.12,0
33.88,0.134,0.1159,0.2552,187.96,53.71,0
29.89,0.1289,0.1328,0.2734,176.19,50.26,0
53.82,0.2019,0.1549,0.2685,304.85,59.53,0
32.93,0.1697,0.1108,0.246,165.4,53.76,0
73.58,0.2149,0.1861,0.2782,370.11,61.81,0
55.11,0.1937,0.1559,0.2831,271.35,59.1,0
49.35,0.1783,0.1403,0.3025,253.9,60.16,0
62.23,0.2019,0.1497,0.2751,320.35,59.62,0
25.2,0.1221,0.51,0.2661,136.05,90.02,1
73.84,0.1953,0.142,0.3043,388.65,63.51,0
54.06,0.1831,0.1639,0.3049,263.51,59.64,0
47.86,0.1222,0.1687,0.3028,215.14,56.66,0
53.86,0.1898,0.1546,0.2405,281.87,57.71,0
26.68,0.1425,0.1004,0.2065,137.41,52.03,0
66.5,0.1629,0.1485,0.2548,342.64,60.12,0
69.9,0.2352,0.1514,0.2897,381.16,59.69,0
32.74,0.1617,0.1056,0.269,177.63,53.29,0
23.42,0.1408,0.1037,0.1693,160.29,51.27,0
20.54,0.1532,0.0793,0.2347,127.15,47.99,0
62.66,0.1817,0.1428,0.2721,323.65,63.33,0
27.18,0.1272,0.1108,0.2312,143.17,52.44,0
56.87,0.1532,0.1086,0.2913,291.99,58.98,0
68.02,0.1874,0.176,0.2861,351.91,61.06,0
27.02,0.1688,0.0924,0.2424,143.42,50.57,0
52.42,0.1744,0.1564,0.2593,289.14,58.43,0
21.16,0.1268,0.1101,0.239,129.52,47.11,0
64.72,0.1527,0.1551,0.3222,363.76,59.1,0
23.9,0.1291,0.1285,0.2109,132.68,51.77,0
49.67,0.1814,0.1346,0.2665,232.76,56.04,0
66.29,0.2135,0.1873,0.2791,348.35,63.21,0
74.3,0.1884,0.1645,0.2859,416.34,63.79,0
27.66,0.1456,0.1191,0.2077,166.71,50.54,0
47.32,0.1662,0.1387,0.2364,247.67,56.17,0
45.61,0.158,0.1751,0.3249,240.7,55.38,0
37.82,0.175,0.1106,0.1963,197.58,55.3,0
28.92,0.1257,0.1269,0.2269,141.97,50.74,0
46.26,0.1842,0.1404,0.2391,234.81,54.86,0
69.96,0.1969,0.1663,0.2492,353.07,63.58,0
34.25,0.1607,0.1222,0.2519,212.55,55.2,0
22.53,0.1445,0.1228,0.2432,133.69,54.12,0
25.32,0.1604,0.1458,0.1848,174.96,51.18,0
63.96,0.1786,0.1335,0.2554,350.41,60.77,0
66.54,0.1864,0.1357,0.2432,343.99,60.04,0
45.24,0.1744,0.118,0.2802,256.59,59.39,0
46.38,0.174,0.1219,0.3011,250.96,56.62,0
26.73,0.1522,0.567,0.2027,161.68,99.62,1
57.95,0.1569,0.148,0.2407,296.55,60.23,0
53.03,0.1899,0.1145,0.2564,291.84,59.58,0
34.37,0.4443,0.1574,0.977,187.57,52.57,1
77.95,0.1984,0.1773,0.355,429.07,64.46,0
49.57,0.1981,0.1356,0.2511,271.67,56.19,0
46.51,0.1669,0.1667,0.1979,240.25,55.06,0
69.06,0.2318,0.1372,0.278,334.49,63.23,0
47.21,0.1741,0.1363,0.257,239.43,57.16,0
43.43,0.1755,0.1593,0.251,247.76,55.65,0
20.19,0.1656,0.1261,0.1988,109.93,50.51,0
40.72,0.1418,0.1264,0.2619,199.13,54.33,0
77.21,0.1937,0.1638,0.3216,385.58,65.31,0
49.95,0.1493,0.185,0.2705,264.55,56.98,0
59.91,0.2111,0.1253,0.2943,319.89,57.02,0
55.35,0.1626,0.1718,0.2893,306.0,58.36,0
71.11,0.2091,0.1581,0.3146,370.58,64.2,0
72.71,0.2098,0.1414,0.3232,346.15,65.57,0
57.94,0.1462,0.1813,0.2338,300.01,58.41,0
23.0,0.1468,0.1463,0.1838,102.84,49.47,0
70.6,0.2009,0.1785,0.3136,377.23,63.25,0
76.58,0.1959,0.1723,0.2779,364.83,67.15,0
46.58,0.1279,0.1421,0.2166,225.84,55.52,0
28.22,0.1467,0.1343,0.2206,155.17,50.08,0
46.77,0.1816,0.1369,0.2509,251.5,54.72,0
54.46,0.1726,0.1602,0.2645,275.3,59.6,0
35.24,0.5682,0.1248,0.9765,170.51,53.45,1
65.71,0.223,0.147,0.2633,349.94,60.3,0
30.03,0.164,0.1323,0.2283,174.65,51.29,0
72.59,0.1942,0.1694,0.2886,375.77,63.22,0
55.97,0.1501,0.1032,0.2741,295.66,57.44,0
46.99,0.168,0.155,0.2227,232.0,53.93,0
22.19,0.1267,0.1192,0.2623,116.33,49.19,0
69.37,0.1899,0.1536,0.2888,365.93,62.38,0
56.98,0.1745,0.1556,0.2691,301.41,58.27,0
37.57,0.1796,0.1194,0.255,204.93,55.74,0
52.97,0.1749,0.1409,0.3138,268.65,60.62,0
61.85,0.2057,0.1114,0.2507,314.15,61.11,0
40.63,0.1612,0.1375,0.2359,228.77,52.14,0
47.6,0.1747,0.1017,0.2527,236.79,57.84,0
64.27,0.1972,0.1542,0.3192,351.56,59.49,0
27.51,0.1517,0.1628,0.2318,185.62,51.96,0
69.8,0.1981,0.1496,0.3351,352.24,62.95,0
34.02,0.1585,0.1216,0.214,190.6,50.48,0
43.13,0.1489,0.1265,0.2259,249.98,55.79,0
63.85,0.2196,0.1371,0.2809,349.99,60.23,0
31.25,0.1663,0.0829,0.2449,149.87,52.75,0
37.3,0.1493,0.0773,0.2846,226.6,52.92,0
52.07,0.1844,0.1511,0.2277,279.42,56.55,0
65.6,0.5485,0.1394,0.6808,349.74,62.59,1
44.65,0.136,0.1788,0.2116,245.36,56.2,0
70.58,0.1802,0.15,0.3051,349.72,61.71,0
34.03,0.1429,0.1381,0.2266,193.78,52.82,0
71.13,0.1865,0.1644,0.2966,380.35,64.42,0
64.63,0.1459,0.1614,0.2844,331.53,62.33,0
32.11,0.1479,0.1135,0.2664,174.39,50.49,0
68.09,0.1586,0.1718,0.2309,339.26,63.3,0
21.77,0.1339,0.1051,0.2078,134.7,49.58,0
44.26,0.1796,0.1429,0.2079,220.52,55.52,0
51.15,0.2041,0.148,0.2711,256.11,56.54,0
61.9,0.1781,0.168,0.2699,331.61,57.98,0
55.13,0.3769,0.138,0.9112,298.94,57.44,1
67.55,0.1929,0.1612,0.2645,354.21,58.25,0
31.96,0.1944,0.0972,0.1671,168.25,55.64,0
43.26,0.1887,0.1201,0.1902,237.8,56.47,0
42.84,0.1365,0.1335,0.2699,249.11,55.55,0
70.69,0.1801,0.109,0.3164,364.8,63.15,0
36.77,0.1616,0.1129,0.2246,213.29,54.88,0
33.26,0.1519,0.115,0.1988,423.57,53.74,1
45.42,0.1298,0.1351,0.284,235.49,59.56,0
22.23,0.1591,0.1501,0.2438,123.76,50.78,0
32.95,0.1656,0.0961,0.2064,175.75,52.04,0
33.76,0.1639,0.1399,0.2195,174.22,51.62,0
45.34,0.1668,0.18,0.2517,260.01,55.24,0
56.82,0.1348,0.6241,0.27,296.12,106.55,1
62.53,0.4336,0.182,0.9167,347.89,60.05,1
75.05,0.1705,0.1534,0.2969,370.41,64.43,0
43.84,0.1622,0.1208,0.2432,242.7,58.51,0
72.09,0.1619,0.1585,0.2882,372.17,63.74,0
66.74,0.1941,0.1559,0.3,336.85,63.22,0
44.86,0.1568,0.1279,0.201,214.92,55.81,0
60.06,0.1807,0.1527,0.2552,312.69,60.19,0
25.15,0.1715,0.1102,0.2103,130.27,52.97,0
73.55,0.1693,0.147,0.2904,343.01,61.58,0
61.25,0.1848,0.1383,0.3608,287.08,60.99,0
75.2,0.2254,0.1465,0.301,380.77,62.7,0
22.51,0.1363,0.1063,0.2666,135.49,50.4,0
41.29,0.1331,0.157,0.2517,239.57,55.77,0
55.15,0.5576,0.1502,0.7284,303.2,57.82,1
33.72,0.1728,0.105,0.2388,184.76,52.73,0
68.22,0.1759,0.1604,0.2879,338.54,62.19,0
34.55,0.1684,0.1305,0.2071,179.92,54.32,0
29.74,0.1138,0.1045,0.2257,141.42,54.22,0
29.96,0.1231,0.1138,0.2087,177.01,53.19,0
61.26,0.1874,0.1481,0.2876,325.12,59.92,0
37.62,0.152,0.1265,0.2617,211.25,54.63,0
69.82,0.2143,0.1635,0.2852,360.34,60.76,0
52.91,0.1936,0.1618,0.2679,269.46,59.8,0
28.43,0.1207,0.092,0.2533,172.13,52.35,0
37.37,0.1423,0.1211,0.2613,211.88,51.62,0
76.05,0.2176,0.1826,0.3019,366.65,62.12,0
33.17,0.135,0.1181,0.2195,181.96,54.62,0
25.21,0.1356,0.1266,0.1941,140.51,51.11,0
21.61,0.1211,0.1201,0.1918,132.29,48.21,0
26.06,0.1205,0.1166,0.1988,145.5,50.56,0
38.18,0.1472,0.1448,0.2604,227.71,54.86,0
38.43,0.1534,0.1063,0.2488,217.79,54.69,0
22.6,0.1588,0.1072,0.2423,140.3,52.71,0
46.24,0.1773,0.4706,0.2038,235.72,102.62,1
66.81,0.1819,0.1928,0.2841,343.0,62.48,0
27.86,0.1721,0.1138,0.2728,152.29,51.5,0
49.48,0.1751,0.1365,0.2727,267.25,55.32,0
77.67,0.1827,0.1617,0.2758,410.48,63.87,0
27.19,0.135,0.142,0.2127,147.75,52.85,0
50.98,0.1522,0.1659,0.2926,250.27,57.14,0
57.02,0.1479,0.136,0.23,304.63,61.53,0
43.02,0.1761,0.1292,0.2412,248.86,57.9,0
35.52,0.1148,0.1472,0.2601,227.28,52.99,0
64.11,0.2195,0.1564,0.2986,292.44,60.43,0
53.15,0.19,0.1518,0.2545,257.82,57.83,0
53.75,0.2015,0.1209,0.237,265.14,58.85,0
55.86,0.1346,0.1677,0.2957,246.68,60.01,0
60.82,0.1789,0.1811,0.2802,317.79,58.22,0
54.44,0.1804,0.1311,0.2204,300.31,59.54,0
31.48,0.1611,0.1154,0.1953,178.75,52.28,0
62.92,0.1673,0.1353,0.237,318.54,59.31,0
73.58,0.2003,0.1301,0.3189,367.11,64.28,0
28.28,0.1318,0.1119,0.2387,168.43,50.6,0
51.15,0.1629,0.1334,0.2986,265.36,56.96,0
57.08,0.1879,0.1695,0.2454,286.28,57.81,0
71.72,0.1893,0.1276,0.2902,345.84,61.69,0
53.28,0.1873,0.128,0.2102,300.07,59.49,0
37.45,0.1274,0.1389,0.2216,192.52,53.67,0
49.27,0.1685,0.127,0.2387,242.09,57.01,0
62.33,0.1738,0.1402,0.2978,327.35,57.51,0
36.65,0.1665,0.126,0.2941,217.64,56.48,0
71.67,0.2161,0.1509,0.3516,351.5,61.25,0
59.56,0.2198,0.1489,0.2239,305.92,61.27,0
30.16,0.1601,0.1369,0.2074,162.03,51.45,0
70.68,0.2182,0.1707,0.3146,368.31,65.66,0
61.93,0.1948,0.1459,0.2516,311.61,60.8,0
42.33,0.1508,0.1479,0.1931,442.06,55.45,1
46.14,0.1614,0.1094,0.2307,266.65,57.98,0
37.72,0.1746,0.114,0.2964,194.21,53.45,0
41.04,0.1767,0.1483,0.277,219.75,56.39,0
73.67,0.2047,0.1696,0.3166,365.72,63.62,0
32.36,0.161,0.1127,0.215,181.43,52.72,0
39.62,0.1721,0.1116,0.2501,226.39,52.77,0
65.83,0.1918,0.1794,0.2913,321.41,62.28,0
67.15,0.151,0.1992,0.3158,348.79,60.5,0
36.76,0.1718,0.1423,0.2474,209.14,51.72,0
25.91,0.1189,0.1556,0.2092,151.76,53.53,0
77.1,0.2156,0.1248,0.338,389.97,64.42,0
55.19,0.1575,0.1434,0.2719,282.07,60.07,0
57.63,0.1633,0.1143,0.2253,291.02,59.53,0
47.26,0.15,0.156,0.249,228.9,56.95,0
57.95,0.1852,0.1618,0.2715,309.1,56.16,0
63.42,0.1655,0.163,0.3487,322.85,60.98,0
44.16,0.1807,0.1109,0.2483,247.96,55.44,0
54.01,0.1243,0.1507,0.2562,288.32,55.55,0
33.45,0.1416,0.1237,0.2228,221.09,52.63,0
37.53,0.1721,0.1059,0.2086,227.49,53.54,0
24.36,0.142,0.1064,0.2222,165.11,51.19,0
25.42,0.1666,0.1069,0.2315,162.11,51.88,0
66.09,0.1871,0.1306,0.3031,355.99,59.62,0
67.02,0.2169,0.1179,0.2784,353.94,61.67,0
74.84,0.2122,0.1906,0.2723,375.46,65.93,0
68.26,0.1756,0.1637,0.2462,360.81,63.49,0
46.78,0.1795,0.1576,0.2287,249.87,58.08,0
25.54,0.1024,0.132,0.2126,135.7,51.82,0
70.81,0.1724,0.1624,0.2716,356.72,63.44,0
30.94,0.1602,0.0876,0.2214,188.96,52.18,0
54.39,0.184,0.1308,0.3007,299.35,58.55,0
72.97,0.1813,0.154,0.3466,358.35,64.27,0
29.72,0.1451,0.0742,0.2335,155.86,51.74,0
52.07,0.1801,0.1717,0.3018,269.19,55.12,0
42.61,0.1553,0.1241,0.2438,226.59,54.43,0
24.67,0.1231,0.1242,0.2459,119.21,50.77,0
33.98,0.1671,0.123,0.2897,176.87,53.09,0
34.16,0.1427,0.1374,0.2435,165.04,54.8,0
69.72,0.2083,0.1344,0.2506,351.26,60.1,0
29.62,0.1672,0.1549,0.1945,148.33,52.95,0
75.7,0.2165,0.1686,0.2441,397.88,66.48,0
60.22,0.1713,0.1782,0.2556,322.74,59.0,0
53.46,0.1508,0.1352,0.2852,253.68,57.01,0
22.56,0.1448,0.1189,0.2282,149.99,53.75,0
68.39,0.1893,0.1503,0.2881,344.25,60.59,0
20.13,0.1361,0.0902,0.2645,128.32,50.21,0
75.8,0.1892,0.1854,0.3069,363.26,61.58,0
31.98,0.1561,0.1178,0.2101,161.34,53.87,0
28.15,0.1484,0.1315,0.212,148.35,51.01,0
52.26,0.1762,0.1688,0.2682,299.95,58.86,0
26.73,0.1314,0.1198,0.2518,156.56,51.83,0
22.64,0.1122,0.0959,0.2706,119.43,50.96,0
75.7,0.2054,0.167,0.3326,383.79,65.74,0
58.46,0.1893,0.1611,0.2886,306.72,59.35,0
53.51,0.1811,0.1455,0.2947,265.15,57.95,0
24.02,0.1537,0.1151,0.1763,117.98,49.7,0
49.5,0.2038,0.1335,0.2548,538.04,57.76,1
69.11,0.1956,0.1119,0.2479,362.17,64.16,0
48.21,0.1695,0.1519,0.2877,225.03,58.37,0
72.76,0.1767,0.1786,0.2838,373.0,63.41,0
67.13,0.1965,0.1949,0.248,345.81,62.27,0
66.41,0.1876,0.1613,0.2587,330.2,63.76,0
48.53,0.1468,0.1221,0.3167,236.82,57.49,0
52.72,0.17,0.119,0.2202,272.25,59.18,0
27.37,0.1662,0.4497,0.2144,151.57,82.74,1
36.16,0.4062,0.187,1.0118,184.04,55.11,1
41.32,0.1587,0.1583,0.2592,227.47,55.17,0
76.14,0.2027,0.1823,0.3328,392.08,64.85,0
50.08,0.1585,0.1057,0.2374,281.69,57.35,0
67.41,0.194,0.1433,0.3282,350.0,60.05,0
30.94,0.1589,0.1298,0.2896,157.63,53.05,0
33.24,0.1829,0.1131,0.2472,197.43,56.3,0
39.74,0.1321,0.1097,0.2275,235.22,51.8,0
51.37,0.2043,0.1542,0.2609,272.5,56.89,0
22.45,0.1639,0.0913,0.2168,134.38,51.22,0
23.28,0.2082,0.0996,0.1913,158.1,49.22,0
77.2,0.2028,0.1779,0.3051,377.16,63.41,0
59.03,0.1943,0.1502,0.2197,276.46,59.25,0
23.83,0.1349,0.1196,0.2783,123.61,51.57,0
55.29,0.1872,0.1384,0.2831,541.67,61.2,1
32.79,0.1612,0.1394,0.2446,193.98,52.95,0
29.73,0.1255,0.1367,0.2329,173.34,52.39,0
26.41,0.1271,0.1378,0.1778,167.71,50.01,0
53.35,0.1797,0.1386,0.2883,245.75,59.38,0
61.43,0.2008,0.1828,0.2745,321.7,59.84,0
62.01,0.1955,0.1405,0.2643,323.54,60.6,0
20.64,0.1527,0.1031,0.1953,125.28,49.14,0
70.95,0.1956,0.1849,0.2637,368.91,62.94,0
52.58,0.2076,0.1801,0.2512,248.76,56.12,0
46.14,0.1837,0.0995,0.244,233.98,57.17,0
62.41,0.1687,0.1585,0.255,305.59,60.03,0
48.35,0.1762,0.1436,0.289,246.03,58.06,0
75.9,0.1983,0.16,0.3334,405.79,65.52,0
51.07,0.1437,0.1509,0.2982,289.68,56.39,0
36.58,0.1564,0.1226,0.2371,183.35,54.36,0
57.31,0.1608,0.1364,0.2705,298.45,62.05,0
24.53,0.1172,0.1257,0.1393,105.78,47.86,0
37.57,0.1355,0.1209,0.2431,200.74,51.53,0
40.19,0.1616,0.1126,0.2433,241.44,55.6,0
27.24,0.1463,0.1153,0.2007,175.29,52.79,0
64.5,0.1825,0.1231,0.2666,344.45,63.3,0
41.94,0.1657,0.1132,0.281,203.24,55.69,0
50.25,0.1581,0.1491,0.2171,278.08,56.77,0
30.86,0.151,0.098,0.2282,170.42,51.42,0
60.72,0.1708,0.1457,0.2646,302.4,62.3,0
76.09,0.2064,0.1567,0.3256,383.6,64.41,0
36.17,0.1597,0.1714,0.212,202.37,54.0,0
60.68,0.2116,0.1426,0.2512,329.72,62.9,0
53.84,0.1832,0.137,0.3284,281.55,58.29,0
44.79,0.1679,0.1316,0.2558,234.77,57.68,0
47.5,0.1885,0.1375,0.2385,241.47,57.99,0
61.5,0.1737,0.1233,0.2788,489.25,59.64,1
67.26,0.2128,0.1859,0.2785,352.2,61.56,0
57.96,0.1802,0.1502,0.2369,265.82,60.32,0
45.53,0.1796,0.137,0.2874,255.58,56.97,0
71.31,0.167,0.1479,0.321,356.33,63.12,0
66.67,0.197,0.1494,0.2691,315.99,59.68,0
23.19,0.1353,0.0978,0.2509,125.0,47.46,0
28.13,0.1684,0.1458,0.231,150.74,52.14,0
63.94,0.1982,0.1345,0.2943,308.25,63.39,0
45.05,0.1615,0.1414,0.2813,245.27,55.17,0
55.52,0.1939,0.1564,0.2731,298.74,59.7,0
65.1,0.1897,0.1776,0.269,338.32,65.93,0
71.74,0.1947,0.1675,0.3009,370.42,63.89,0
38.43,0.1648,0.1492,0.2401,191.92,57.01,0
40.21,0.1765,0.1255,0.2528,208.57,54.25,0
20.12,0.1165,0.0855,0.1959,128.02,49.35,0
56.34,0.1944,0.1411,0.2996,312.86,60.51,0
39.49,0.1504,0.1351,0.2407,204.46,54.53,0
60.5,0.1968,0.1455,0.3105,268.37,63.5,0
23.54,0.1208,0.1257,0.237,151.02,50.61,0
49.75,0.1433,0.1326,0.2604,280.67,57.83,0
27.11,0.1879,0.143,0.1989,121.42,52.6,0
48.25,0.195,0.1137,0.2681,257.72,56.41,0
40.57,0.1882,0.1445,0.2505,226.49,56.35,0
24.2,0.1494,0.1375,0.2261,128.43,51.69,0
47.12,0.159,0.1637,0.2656,234.69,55.17,0
24.46,0.1336,0.1105,0.235,138.99,50.38,0
31.63,0.1487,0.1285,0.2213,180.32,52.19,0
53.48,0.1557,0.1555,0.2754,585.17,57.84,1
45.51,0.1509,0.1062,0.223,241.98,57.39,0
68.14,0.2313,0.1267,0.2648,342.83,60.23,0
25.69,0.158,0.1228,0.2352,148.04,49.38,0
26.79,0.1183,0.1332,0.1886,145.94,49.89,0
52.8,0.159,0.1172,0.3218,275.13,57.76,0
51.26,0.1743,0.1517,0.2703,259.17,55.7,0
31.49,0.162,0.0908,0.2481,186.57,52.38,0
22.52,0.11,0.1167,0.28,149.82,51.39,0
55.35,0.1738,0.1368,0.2749,273.35,58.18,0
64.29,0.1664,0.1947,0.2747,354.05,62.72,0
60.23,0.1761,0.129,0.2755,315.16,59.95,0
77.36,0.2349,0.1703,0.2792,399.91,63.0,0
71.66,0.2003,0.1785,0.3126,367.5,59.96,0
64.39,0.2025,0.1238,0.2524,344.76,63.55,0
43.03,0.1435,0.1274,0.172,229.28,53.02,0
69.46,0.2053,0.1845,0.2732,343.22,62.15,0
42.31,0.1672,0.0989,0.2191,243.77,54.03,0
57.96,0.1999,0.1487,0.2524,312.47,59.24,0
72.52,0.1469,0.1428,0.2587,357.94,63.72,0
61.34,0.1958,0.1384,0.2713,305.57,62.03,0
44.69,0.1378,0.1082,0.2348,240.56,59.09,0
28.96,0.0893,0.1529,0.24,181.64,49.63,0
40.89,0.1701,0.1366,0.2303,253.71,55.32,0
38.43,0.1412,0.1121,0.2443,206.19,55.39,0
53.54,0.1567,0.1319,0.3106,268.68,57.81,0
63.55,0.5209,0.1238,1.0878,328.4,60.6,1
61.91,0.2036,0.1361,0.2469,325.02,58.35,0
41.01,0.1589,0.1361,0.2214,217.38,56.27,0
60.59,0.1629,0.1273,0.2898,321.49,59.75,0
73.86,0.1623,0.1312,0.3296,402.12,63.46,0
55.8,0.1622,0.1501,0.2599,265.41,58.27,0
75.82,0.202,0.1512,0.2862,396.01,64.41,0
32.59,0.1448,0.1416,0.2599,179.19,52.76,0
70.93,0.2099,0.1631,0.2773,342.7,61.85,0
72.41,0.2079,0.1531,0.3014,348.04,61.98,0
77.08,0.1998,0.1619,0.2795,389.25,64.14,0
70.1,0.1975,0.1547,0.3551,348.8,62.35,0
37.14,0.139,0.14,0.2146,213.04,54.24,0
55.1,0.1721,0.1222,0.2962,316.71,56.31,0
64.11,0.207,0.1688,0.3121,337.11,59.57,0
66.98,0.2007,0.167,0.2604,367.78,60.03,0
31.77,0.1607,0.1208,0.256,165.7,51.86,0
75.0,0.2094,0.1693,0.2853,365.52,62.61,0
46.06,0.1639,0.1486,0.2627,236.12,55.51,0
76.64,0.1771,0.1579,0.2797,388.9,66.29,0
31.12,0.1525,0.134,0.2432,157.66,51.95,0
63.07,0.1768,0.6545,0.2886,328.32,96.53,1
52.79,0.1555,0.1365,0.2709,275.79,58.32,0
37.38,0.1973,0.1362,0.2015,196.51,53.74,0
34.91,0.1939,0.1544,0.2479,195.07,54.57,0
20.06,0.1735,0.0855,0.1862,124.18,52.16,0
52.06,0.2018,0.164,0.2517,284.28,59.6,0
30.8,0.1913,0.1264,0.2215,134.54,52.49,0
67.66,0.2407,0.1521,0.2677,322.47,61.14,0
28.58,0.1279,0.546,0.2763,174.76,99.41,1
40.39,0.1812,0.1139,0.2687,218.04,53.76,0
45.24,0.1629,0.098,0.2129,240.0,56.78,0
62.55,0.1698,0.6903,0.3019,319.26,96.11,1
26.61,0.1569,0.1389,0.2027,145.97,51.75,0
33.99,0.1155,0.1277,0.2173,158.85,54.74,0
65.48,0.2143,0.1547,0.3032,330.04,62.01,0
71.23,0.1821,0.1821,0.2927,363.65,62.66,0
22.37,0.1415,0.1201,0.2593,125.8,49.67,0
43.2,0.1732,0.1542,0.2248,228.34,57.92,0
75.85,0.1822,0.1451,0.3244,372.43,67.17,0
49.0,0.1658,0.1452,0.2444,540.41,56.1,1
63.75,0.1734,0.1389,0.2872,323.97,61.73,0
32.68,0.1466,0.126,0.2226,174.96,54.34,0
74.83,0.1993,0.1471,0.3066,374.81,63.59,0
77.84,0.2086,0.1826,0.2831,409.76,63.69,0
22.6,0.1836,0.1067,0.1731,156.49,51.4,0
50.36,0.1355,0.1153,0.3123,241.53,56.65,0
73.16,0.1918,0.1686,0.2806,380.75,61.99,0
34.58,0.1554,0.1259,0.2637,208.11,56.31,0
43.67,0.1519,0.1548,0.2319,239.5,54.36,0
36.09,0.1431,0.4904,0.1857,192.94,93.6,1
72.86,0.2207,0.1435,0.2879,367.74,63.25,0
72.91,0.1731,0.1849,0.2834,373.04,65.85,0
38.0,0.1664,0.1265,0.2636,197.33,51.42,0
53.33,0.1828,0.1411,0.2636,274.15,56.59,0
21.89,0.1383,0.0845,0.1762,148.35,50.69,0
59.57,0.1205,0.1493,0.2657,341.45,59.49,0
68.93,0.2083,0.1913,0.2998,355.34,61.12,0
27.26,0.1212,0.138,0.2111,167.52,52.9,0
63.86,0.168,0.1483,0.2964,341.37,60.93,0
56.17,0.1822,0.1292,0.2771,271.56,59.11,0
28.69,0.1737,0.0924,0.198,179.5,51.92,0
39.57,0.147,0.1442,0.2115,221.76,53.84,0
39.85,0.1597,0.1363,0.249,197.51,57.27,0
40.58,0.1457,0.1264,0.2219,226.32,55.99,0
41.73,0.1673,0.1354,0.259,201.3,54.52,0
39.74,0.1658,0.1585,0.239,217.52,53.38,0
30.62,0.122,0.1202,0.2273,189.1,49.18,0
62.19,0.2005,0.1523,0.2669,330.41,59.89,0
59.48,0.1941,0.1761,0.2222,295.41,60.93,0
48.94,0.178,0.2031,0.2227,265.18,57.18,0
23.37,0.1592,0.0925,0.1373,149.77,51.09,0
45.67,0.1684,0.1527,0.241,227.07,55.85,0
26.93,0.5999,0.1007,0.6301,163.93,50.71,1
72.88,0.153,0.1311,0.2787,377.86,64.99,0
55.96,0.1724,0.1444,0.2787,262.97,58.66,0
33.44,0.1245,0.1142,0.2553,177.71,54.45,0
33.41,0.1719,0.135,0.2561,180.47,50.89,0
44.15,0.13,0.1588,0.2526,222.98,58.11,0
40.36,0.1422,0.1195,0.2084,207.1,55.24,0
58.33,0.1838,0.1686,0.2975,297.52,58.79,0
24.04,0.1472,0.1179,0.2152,145.73,49.76,0
67.98,0.1935,0.1421,0.3402,364.67,60.17,0
46.68,0.161,0.1447,0.2054,264.87,56.38,0
36.8,0.1394,0.1374,0.2428,227.71,52.86,0
42.65,0.1464,0.0948,0.2573,220.89,58.03,0
65.53,0.1867,0.1394,0.2633,383.68,60.69,0
39.89,0.1443,0.1127,0.2256,234.09,57.68,0
31.32,0.1591,0.1553,0.1996,175.09,53.58,0
46.85,0.1608,0.0973,0.305,231.68,56.57,0
72.59,0.233,0.1467,0.2912,377.63,60.42,0
23.54,0.1581,0.1272,0.1821,126.19,51.2,0
70.39,0.2081,0.2115,0.2765,365.12,60.44,0
35.64,0.1623,0.1207,0.261,222.73,52.83,0
72.17,0.1892,0.157,0.3228,369.88,63.95,0
20.82,0.1556,0.0956,0.2123,130.59,49.01,0
37.97,0.1576,0.1387,0.217,208.75,52.99,0
75.18,0.1716,0.1597,0.3245,385.58,61.74,0
31.79,0.1252,0.1128,0.2307,196.67,53.32,0
38.88,0.1291,0.1331,0.2467,205.44,55.4,0
37.06,0.1954,0.1417,0.2567,183.47,54.83,0
30.01,0.6163,0.0938,0.8806,182.61,51.63,1
33.08,0.1597,0.1688,0.2171,165.19,52.29,0
57.53,0.1685,0.1522,0.3031,301.96,59.56,0
32.14,0.1623,0.5503,0.248,175.0,98.62,1
48.77,0.1587,0.1296,0.2466,234.97,57.43,0
39.1,0.17,0.1102,0.2518,215.27,53.84,0
23.83,0.0902,0.1498,0.2427,145.53,50.81,0
43.6,0.1776,0.1531,0.2261,239.94,56.5,0
72.75,0.198,0.1496,0.2725,363.94,61.91,0
61.73,0.1605,0.1409,0.308,312.64,62.21,0
75.8,0.2021,0.1665,0.3497,400.21,63.59,0
40.8,0.161,0.1139,0.2267,221.27,56.61,0
48.86,0.1701,0.1628,0.2813,262.71,56.08,0
31.9,0.1708,0.1288,0.227,158.39,53.85,0
53.01,0.2004,0.1517,0.2753,284.23,58.8,0
76.95,0.2328,0.1728,0.3435,374.64,63.57,0
51.85,0.1791,0.1302,0.3083,264.33,59.57,0
68.76,0.1974,0.1735,0.3245,352.91,61.6,0
46.2,0.1628,0.1444,0.2284,272.26,55.22,0
45.98,0.1653,0.1346,0.2618,235.89,56.83,0
52.06,0.1516,0.1327,0.2695,260.28,57.34,0
70.54,0.1969,0.1417,0.268,403.35,63.61,0
47.87,0.1826,0.1458,0.263,261.74,58.1,0
38.32,0.1332,0.101,0.2529,208.17,54.94,0
47.08,0.1854,0.1236,0.2695,252.63,55.63,0
53.66,0.1426,0.1178,0.2429,279.98,58.24,0
47.95,0.1613,0.1692,0.2503,263.5,58.34,0
62.78,0.2053,0.1569,0.2776,352.85,58.95,0
74.98,0.1703,0.1854,0.2969,378.03,64.95,0
50.65,0.6529,0.1369,0.6182,247.38,58.89,1
31.32,0.1555,0.0964,0.2587,191.86,52.91,0
40.39,0.1968,0.1317,0.2504,216.37,58.4,0
69.11,0.1937,0.19,0.2619,344.48,60.86,0
60.81,0.1845,0.1444,0.2826,257.02,59.47,0
24.57,0.1431,0.1243,0.2432,154.53,49.39,0
74.95,0.2056,0.1658,0.3563,374.23,63.05,0
55.0,0.1665,0.1474,0.2763,288.97,58.53,0
41.02,0.1599,0.1369,0.2864,237.1,56.09,0
43.94,0.1809,0.1467,0.2171,247.15,54.84,0
77.72,0.1765,0.1607,0.3462,392.52,63.39,0
37.09,0.1714,0.1314,0.24,201.97,56.63,0
61.18,0.1862,0.1462,0.2386,310.1,59.82,0
37.88,0.1766,0.1513,0.2568,227.45,54.05,0
21.51,0.1573,0.1116,0.17,131.29,51.21,0
76.58,0.2082,0.1531,0.2859,377.72,63.93,0
61.85,0.1709,0.1407,0.2942,329.48,60.1,0
77.79,0.2097,0.1412,0.2659,376.49,65.91,0
77.46,0.1968,0.1544,0.3209,382.13,63.27,0
50.54,0.1664,0.1569,0.2278,273.28,56.53,0
52.91,0.205,0.1232,0.2961,287.8,56.28,0
39.37,0.167,0.1309,0.2385,229.39,53.74,0
59.21,0.1872,0.127,0.2538,304.69,59.18,0
76.04,0.238,0.1699,0.3256,377.27,64.88,0
66.83,0.1812,0.1579,0.2384,342.39,61.04,0
28.95,0.167,0.1343,0.2512,186.1,50.55,0
72.63,0.2186,0.1569,0.2835,378.26,64.17,0
34.13,0.1048,0.1102,0.2466,210.74,53.1,0
58.95,0.2434,0.1621,0.2865,296.95,58.54,0
26.42,0.1186,0.1194,0.2287,148.66,48.7,0
70.24,0.1797,0.1695,0.2508,379.38,62.22,0
24.91,0.1512,0.0956,0.1927,136.72,52.1,0
46.94,0.1641,0.115,0.2401,252.26,55.2,0
37.6,0.1499,0.134,0.2445,190.29,55.39,0
24.34,0.0926,0.1223,0.2802,137.18,51.92,0
53.26,0.1582,0.1221,0.2866,303.01,57.65,0
59.71,0.171,0.1405,0.2799,291.05,61.37,0
35.76,0.1489,0.1457,0.2759,202.6,54.17,0
50.4,0.1767,0.1476,0.2737,252.66,57.0,0
40.69,0.1815,0.1149,0.2765,244.29,55.56,0
52.29,0.1864,0.1395,0.2812,293.01,55.79,0
55.76,0.2096,0.1722,0.2149,296.51,59.21,0
22.08,0.1422,0.1247,0.2089,147.7,49.93,0
27.16,0.1115,0.1127,0.1958,124.0,50.51,0
53.61,0.1611,0.1276,0.2815,285.55,57.54,0
21.58,0.1413,0.1129,0.1789,125.0,49.59,0
34.37,0.1565,0.128,0.2853,173.52,56.16,0
34.62,0.1675,0.1326,0.2136,173.24,55.26,0
66.72,0.1551,0.1982,0.2789,334.01,62.18,0
22.74,0.1182,0.1067,0.2452,158.2,52.77,0
32.34,0.1757,0.0982,0.1696,164.08,52.96,0
43.56,0.1647,0.1559,0.2786,236.1,55.32,0
47.26,0.1555,0.5848,0.2531,223.29,107.43,1
76.77,0.1848,0.1627,0.3466,422.65,64.11,0
35.96,0.3786,0.1433,0.6775,211.94,52.78,1
41.78,0.1629,0.1333,0.2462,211.89,52.63,0
42.75,0.1932,0.1496,0.2112,222.8,53.22,0
77.13,0.214,0.1933,0.308,419.89,65.49,0
30.22,0.1289,0.133,0.3073,348.14,53.8,1
51.96,0.153,0.1493,0.2824,252.69,58.04,0
69.85,0.1933,0.1869,0.3137,378.89,60.34,0
65.85,0.1972,0.1437,0.3151,339.85,60.62,0
37.22,0.1794,0.1022,0.2466,212.34,54.27,0
38.04,0.1857,0.1327,0.1954,214.96,55.47,0
42.06,0.1345,0.1422,0.23,203.01,55.45,0
55.0,0.1753,0.0924,0.2601,288.99,57.83,0
31.9,0.1359,0.1511,0.2315,176.77,52.35,0
37.74,0.1577,0.1096,0.2215,199.78,53.82,0
68.91,0.1677,0.154,0.2912,359.41,63.06,0
68.24,0.1604,0.1695,0.2906,650.54,61.19,1
65.32,0.1501,0.1466,0.3122,333.82,61.04,0
55.22,0.1885,0.1236,0.2457,269.92,58.78,0
39.04,0.1557,0.1329,0.2655,212.06,53.99,0
27.37,0.159,0.1645,0.2267,183.07,55.61,0
77.15,0.2025,0.1335,0.2523,374.02,64.39,0
60.72,0.186,0.121,0.3175,283.48,62.12,0
72.94,0.1723,0.139,0.2934,403.98,64.72,0
72.68,0.1988,0.1417,0.3185,379.31,63.56,0
47.54,0.1397,0.1344,0.1964,239.2,57.13,0
76.36,0.1975,0.2,0.2975,376.67,63.49,0
32.54,0.1786,0.1344,0.2426,163.81,51.09,0
58.64,0.1702,0.1328,0.2972,336.05,60.29,0
28.86,0.179,0.1264,0.2291,190.05,54.18,0
54.49,0.1825,0.148,0.3079,545.82,59.32,1
47.01,0.1786,0.1748,0.2356,242.36,55.26,0
39.31,0.1261,0.1306,0.2586,230.58,53.23,0
34.5,0.1773,0.1064,0.23,198.23,53.34,0
47.72,0.154,0.1495,0.2509,241.61,55.09,0
23.23,0.1496,0.0966,0.2445,138.37,49.69,0
69.53,0.1874,0.1533,0.3216,353.78,61.87,0
72.19,0.6341,0.165,1.1377,337.31,67.08,1
27.33,0.1596,0.1298,0.2278,148.41,52.39,0
39.9,0.1409,0.1438,0.2375,209.16,54.67,0
36.11,0.1456,0.139,0.2394,195.37,55.24,0
71.06,0.1778,0.1732,0.2742,344.35,62.2,0
27.27,0.1706,0.0827,0.1935,175.69,49.33,0
39.37,0.2054,0.1256,0.2312,226.7,54.87,0
50.38,0.1921,0.1611,0.2498,255.82,58.87,0
23.63,0.1509,0.0897,0.2227,162.52,52.56,0
33.96,0.1735,0.1286,0.2245,191.02,53.27,0
59.06,0.2037,0.1219,0.2631,313.01,57.67,0
71.38,0.1849,0.163,0.2869,547.55,61.96,1
74.28,0.1913,0.1653,0.3352,383.91,64.07,0
76.67,0.2123,0.1635,0.3271,395.15,59.38,0
30.39,0.1352,0.1136,0.2641,174.33,51.44,0
73.11,0.2003,0.1375,0.2985,365.2,62.56,0
53.54,0.1748,0.1624,0.3282,268.63,60.52,0
72.16,0.1527,0.1466,0.3007,351.44,63.57,0
41.65,0.1293,0.1325,0.2785,200.09,54.82,0
32.25,0.1604,0.1295,0.2355,200.07,54.31,0
37.87,0.1525,0.1076,0.2104,214.59,53.0,0
48.95,0.155,0.1391,0.2394,273.65,59.52,0
26.06,0.1587,0.1329,0.2311,170.66,52.83,0
67.02,0.2019,0.1583,0.2648,355.06,58.81,0
76.24,0.234,0.1524,0.3794,364.18,61.73,0
31.63,0.133,0.1095,0.242,160.08,52.31,0
76.31,0.1917,0.1525,0.2906,391.98,63.3,0
28.23,0.1968,0.1028,0.2298,168.61,50.57,0
56.7,0.1726,0.1638,0.2547,292.51,58.65,0
35.3,0.1643,0.1366,0.2251,188.32,54.81,0
40.28,0.186,0.1599,0.196,229.46,53.9,0
44.89,0.1466,0.141,0.2297,259.08,55.33,0
56.29,0.1832,0.1522,0.2574,278.36,58.04,0
52.56,0.159,0.143,0.2532,274.3,59.06,0
75.04,0.2179,0.2028,0.3221,382.09,61.67,0
69.2,0.1997,0.1515,0.3105,350.25,60.53,0
77.52,0.6427,0.1667,0.885,391.04,59.54,1
29.83,0.1328,0.1443,0.2567,185.16,53.2,0
50.48,0.1501,0.1555,0.2492,270.0,60.81,0
57.99,0.1295,0.1647,0.2774,294.36,62.55,0
58.78,0.1895,0.1227,0.2701,315.15,58.65,0
77.9,0.2003,0.1425,0.366,392.19,64.3,0
43.53,0.1739,0.1117,0.2291,241.12,55.17,0
43.99,0.1801,0.1169,0.2345,233.45,56.75,0
53.91,0.2037,0.1393,0.2532,263.54,60.68,0
41.62,0.1515,0.132,0.2093,219.46,56.69,0
59.82,0.1745,0.1596,0.2792,301.54,58.05,0
28.75,0.142,0.0891,0.2416,169.36,52.47,0
75.11,0.2104,0.1219,0.3444,377.67,61.67,0
42.84,0.154,0.1673,0.2726,200.92,54.3,0
27.38,0.1818,0.0987,0.2785,159.64,50.57,0
39.54,0.1645,0.1512,0.2434,233.74,55.58,0
72.65,0.2273,0.1781,0.2492,357.89,63.84,0
60.69,0.1893,0.174,0.2825,320.26,57.54,0
60.69,0.1891,0.1676,0.279,319.44,60.24,0
61.43,0.1671,0.1485,0.3202,325.69,60.84,0
33.53,0.1373,0.1122,0.2671,207.78,54.09,0
33.15,0.1617,0.1239,0.2002,203.83,52.72,0
68.1,0.1817,0.1393,0.2823,362.95,60.3,0
74.13,0.2205,0.1731,0.3241,368.1,63.36,0
32.53,0.184,0.1161,0.235,193.42,50.76,0
44.06,0.1426,0.1695,0.2239,216.3,55.37,0
73.59,0.2066,0.154,0.3366,370.81,61.98,0
43.24,0.1719,0.1546,0.2683,209.53,54.46,0
45.1,0.1762,0.1333,0.3015,219.62,56.12,0
36.88,0.1411,0.1257,0.2091,211.33,55.35,0
60.49,0.1961,0.6597,0.2984,299.56,115.73,1
52.93,0.1585,0.1396,0.2223,263.06,57.23,0
38.42,0.1419,0.1134,0.2827,222.17,53.57,0
44.4,0.1464,0.1382,0.2502,217.38,54.75,0
58.09,0.2004,0.1474,0.2579,291.05,57.47,0
47.22,0.1902,0.1285,0.2347,232.57,55.76,0
68.05,0.1446,0.1531,0.2873,332.28,61.98,0
63.05,0.1927,0.1502,0.2984,306.52,60.86,0
51.56,0.1726,0.1447,0.2939,277.45,58.8,0
33.48,0.1674,0.1317,0.2451,179.71,52.9,0
73.98,0.185,0.1681,0.3199,359.73,65.45,0
61.58,0.1476,0.1259,0.2887,316.1,60.47,0
73.74,0.1767,0.1315,0.2883,365.69,63.53,0
52.94,0.188,0.1395,0.2922,250.71,57.47,0
48.7,0.1803,0.1295,0.2539,241.76,57.07,0
30.05,0.1196,0.1319,0.2261,175.24,51.38,0
49.18,0.1769,0.1552,0.2616,263.22,58.18,0
63.03,0.1889,0.1317,0.2654,329.79,62.43,0
28.3,0.1573,0.1437,0.2603,175.22,51.1,0
63.03,0.1595,0.1725,0.2852,345.3,60.27,0
62.34,0.1875,0.1619,0.3167,301.08,62.78,0
45.74,0.1667,0.141,0.2389,228.14,56.96,0
26.93,0.1451,0.0907,0.1822,143.19,51.97,0
31.3,0.1796,0.1258,0.2598,173.41,52.18,0
47.18,0.1362,0.1367,0.2395,262.19,57.15,0
70.78,0.2062,0.1651,0.3327,348.3,61.94,0
69.67,0.1651,0.1622,0.2988,359.32,62.45,0
77.33,0.2012,0.1657,0.2861,399.52,67.1,0
28.65,0.1306,0.1105,0.2131,152.09,52.15,0
63.47,0.2005,0.1558,0.2819,326.53,61.83,0
76.47,0.1888,0.1768,0.3098,394.93,64.46,0
60.91,0.1572,0.1723,0.3028,304.25,61.81,0
52.84,0.1838,0.1285,0.2532,306.24,57.93,0
47.71,0.1814,0.1553,0.2322,254.42,57.82,0
49.32,0.1697,0.1444,0.2543,263.31,56.36,0
34.76,0.1432,0.1247,0.1973,194.79,55.16,0
73.05,0.1535,0.134,0.2821,373.03,62.17,0
76.71,0.217,0.1754,0.3214,393.34,62.76,0
47.97,0.1827,0.1127,0.287,262.5,55.04,0
77.15,0.2016,0.1524,0.3081,389.89,67.87,0
32.01,0.1066,0.1274,0.2274,158.72,51.8,0
75.78,0.1852,0.1927,0.3624,407.06,64.6,0
58.21,0.1697,0.1521,0.2832,292.73,60.22,0
44.47,0.1272,0.1148,0.2258,248.99,57.31,0
65.79,0.1438,0.1651,0.3443,312.7,63.09,0
64.62,0.175,0.1705,0.319,350.65,63.69,0
35.45,0.1417,0.1267,0.2231,218.71,55.64,0
35.41,0.1699,0.1581,0.2359,189.13,53.65,0
31.85,0.119,0.1262,0.2473,386.84,53.84,1
23.02,0.1435,0.0912,0.1758,128.27,51.25,0
76.57,0.2123,0.1282,0.308,399.97,64.29,0
64.1,0.1814,0.1401,0.2868,351.13,61.09,0
41.69,0.1757,0.1366,0.2299,202.34,57.87,0
68.28,0.2007,0.1618,0.2734,360.5,61.02,0
36.32,0.1551,0.1112,0.2439,205.06,53.27,0
45.57,0.191,0.5219,0.2903,229.34,107.43,1
55.76,0.1862,0.1119,0.2506,303.0,57.61,0
20.65,0.1386,0.0968,0.1697,122.77,49.31,0
64.28,0.1861,0.1466,0.2444,311.18,61.06,0
63.29,0.2034,0.137,0.2672,367.89,58.48,0
45.75,0.2053,0.1129,0.2462,265.83,55.41,0
33.12,0.1461,0.1278,0.2534,168.26,52.84,0
55.46,0.1705,0.1468,0.2856,284.46,59.23,0
69.9,0.2012,0.1868,0.2724,363.11,62.44,0
76.69,0.1839,0.1372,0.273,374.12,66.58,0
22.25,0.175,0.0954,0.2612,135.69,50.84,0
38.23,0.1581,0.1531,0.2019,200.5,55.5,0
40.27,0.1647,0.1286,0.1715,219.68,54.2,0
68.82,0.18,0.154,0.2777,360.02,61.74,0
61.32,0.1692,0.1472,0.2842,315.86,62.05,0
72.92,0.1782,0.1784,0.3222,372.18,62.28,0
69.52,0.1683,0.1658,0.2758,352.34,61.78,0
51.63,0.1749,0.1184,0.2724,258.38,56.95,0
64.76,0.1934,0.1582,0.3074,316.21,61.7,0
33.44,0.1362,0.097,0.1693,177.39,50.96,0
41.35,0.1241,0.1526,0.2893,215.62,56.23,0
24.91,0.174,0.1247,0.2065,148.4,50.39,0
60.78,0.1321,0.1356,0.3269,319.18,58.94,0
51.92,0.1659,0.1319,0.286,522.05,58.44,1
74.59,0.1904,0.5394,0.2886,396.55,109.53,1
47.68,0.1819,0.1374,0.2824,245.81,56.48,0
54.34,0.1924,0.1235,0.253,272.58,58.41,0
52.65,0.1899,0.1225,0.2482,268.12,57.87,0
28.23,0.1484,0.1369,0.213,171.61,53.36,0
26.68,0.1333,0.1139,0.2247,167.01,52.18,0
54.88,0.1467,0.1547,0.2733,284.98,56.21,0
29.54,0.1677,0.1414,0.227,175.46,53.16,0
33.91,0.1076,0.1288,0.2801,181.63,52.14,0
24.63,0.1402,0.1116,0.1889,172.89,50.68,0
61.42,0.1772,0.1623,0.3161,326.87,59.78,0
54.8,0.1607,0.131,0.23,302.21,59.71,0
73.3,0.2335,0.1552,0.3174,359.69,63.51,0
47.87,0.1742,0.1607,0.2384,279.92,55.88,0
31.16,0.1327,0.1121,0.1722,168.19,53.01,0
25.07,0.1209,0.128,0.2569,171.94,53.37,0
66.96,0.1628,0.1593,0.2358,341.68,62.62,0
52.01,0.1483,0.1638,0.299,272.43,59.19,0
51.99,0.1689,0.1323,0.3039,255.2,60.37,0
60.6,0.1718,0.1278,0.299,308.97,59.66,0
36.47,0.1994,0.1153,0.2285,197.71,53.22,0
77.51,0.2097,0.1587,0.2966,377.8,64.6,0
28.28,0.1429,0.1378,0.2368,170.01,50.81,0
51.85,0.1482,0.0905,0.1906,276.56,57.28,0
31.55,0.1511,0.1421,0.2725,165.36,52.22,0
47.26,0.1482,0.1795,0.2499,244.43,55.9,0
75.94,0.1968,0.1581,0.311,556.58,62.43,1
62.69,0.1829,0.1854,0.2393,317.08,59.62,0
27.07,0.1562,0.1429,0.2232,155.4,53.34,0
24.82,0.1297,0.0935,0.1521,123.7,50.49,0
25.66,0.1687,0.1307,0.2509,153.19,52.88,0
49.09,0.1847,0.1389,0.2315,246.98,56.11,0
56.4,0.1967,0.1378,0.2134,287.68,60.67,0
51.66,0.1942,0.163,0.2598,268.43,58.41,0
42.49,0.1669,0.1495,0.3146,238.34,52.3,0
59.94,0.174,0.1257,0.3224,307.36,61.09,0
77.33,0.2348,0.1649,0.2894,432.03,66.76,0
63.89,0.1759,0.1133,0.2435,323.89,60.21,0
56.4,0.1689,0.1529,0.2903,269.77,59.19,0
72.41,0.1799,0.151,0.3107,381.67,62.15,0
30.53,0.1734,0.1062,0.181,172.47,53.99,0
33.08,0.1669,0.1072,0.2631,165.5,51.6,0
72.09,0.187,0.1484,0.2893,370.17,63.83,0
64.5,0.1814,0.1638,0.335,325.02,62.78,0
50.94,0.1801,0.1398,0.2721,251.86,56.06,0
69.11,0.1741,0.1569,0.3282,345.27,64.34,0
49.86,0.1541,0.1717,0.2777,267.51,57.63,0
67.9,0.2052,0.4645,0.3309,327.81,112.98,1
65.44,0.1967,0.169,0.2372,348.16,62.63,0
71.13,0.2062,0.1509,0.3542,369.23,62.31,0
59.06,0.2091,0.1634,0.2677,271.21,60.05,0
64.23,0.168,0.1632,0.3009,333.05,61.47,0
77.54,0.2046,0.1859,0.3501,386.56,64.23,0
51.56,0.1677,0.1713,0.2728,275.58,58.06,0
39.83,0.1587,0.1735,0.2367,221.82,56.14,0
76.48,0.2053,0.1536,0.3306,390.53,65.17,0
46.54,0.1914,0.1476,0.2511,238.03,57.81,0
65.99,0.159,0.1421,0.2914,316.19,58.61,0
58.33,0.1982,0.1145,0.2992,323.87,58.32,0
74.53,0.1541,0.1504,0.3308,362.56,63.76,0
36.32,0.144,0.1605,0.214,205.94,54.78,0
22.3,0.1168,0.1191,0.227,133.59,52.22,0
42.47,0.1249,0.152,0.26,216.22,52.37,0
42.92,0.1712,0.1465,0.1969,241.99,56.13,0
32.02,0.1802,0.0916,0.2025,180.28,53.4,0
44.79,0.1541,0.1266,0.259,223.79,55.5,0
50.35,0.1535,0.1566,0.2971,289.29,58.16,0
74.05,0.2063,0.4679,0.2924,397.84,93.76,1
63.06,0.1338,0.16,0.2706,336.95,58.52,0
71.54,0.1921,0.1128,0.3017,380.78,59.2,0
44.89,0.1181,0.1202,0.2219,260.0,54.85,0
47.21,0.1491,0.1315,0.2963,219.11,56.87,0
72.26,0.1817,0.1928,0.2918,376.41,61.93,0
62.44,0.1525,0.1272,0.2826,348.77,60.0,0
64.86,0.1759,0.1654,0.3266,351.91,61.87,0
47.91,0.1626,0.1261,0.2582,253.25,55.43,0
69.04,0.1998,0.1768,0.3317,361.92,59.35,0
38.02,0.1313,0.1238,0.2429,225.42,53.13,0
47.91,0.195,0.1458,0.2022,267.96,57.65,0
51.67,0.1463,0.1435,0.2783,290.82,57.48,0
71.9,0.2347,0.1058,0.2597,336.01,62.15,0
37.52,0.1603,0.122,0.2321,215.51,54.74,0
66.58,0.1659,0.1445,0.3074,357.75,64.58,0
74.78,0.1825,0.1693,0.3087,386.09,65.12,0
50.99,0.1473,0.1431,0.2215,268.12,58.61,0
67.29,0.1784,0.1602,0.2761,343.32,63.47,0
64.27,0.1847,0.1476,0.327,325.16,60.25,0
36.83,0.1902,0.1593,0.2075,192.47,49.69,0
33.95,0.1563,0.162,0.22,168.01,52.92,0
64.18,0.1567,0.1377,0.2249,318.75,59.73,0
67.62,0.2018,0.1297,0.2913,353.52,63.38,0
29.94,0.187,0.1274,0.223,182.45,52.18,0
22.1,0.1542,0.1347,0.2109,118.31,51.29,0
70.23,0.591,0.1404,1.1446,366.9,64.38,1
29.79,0.1653,0.0973,0.2565,182.63,50.15,0
70.88,0.2047,0.1632,0.2895,371.87,61.65,0
42.82,0.127,0.1442,0.2628,209.98,54.89,0
50.28,0.2017,0.2004,0.2498,253.32,58.12,0
69.0,0.1602,0.1778,0.2545,362.27,59.68,0
70.9,0.195,0.1688,0.29,379.43,61.39,0
62.02,0.2075,0.1849,0.2802,321.28,61.36,0
59.19,0.1866,0.1996,0.2241,314.51,62.85,0
46.13,0.15,0.1354,0.266,226.28,56.15,0
34.49,0.1592,0.1441,0.2902,170.23,53.59,0
47.88,0.172,0.119,0.2465,245.96,57.34,0
33.32,0.1272,0.139,0.2861,170.09,51.33,0
49.39,0.186,0.1364,0.1687,279.19,57.05,0
49.39,0.1874,0.1374,0.2171,252.11,56.27,0
66.15,0.1888,0.1467,0.2566,346.28,60.74,0
26.54,0.1442,0.1215,0.2105,159.91,51.03,0
60.71,0.1804,0.1391,0.2726,319.81,59.65,0
29.75,0.1529,0.1237,0.1792,154.61,51.91,0
77.21,0.2102,0.1863,0.2915,365.05,65.24,0
50.61,0.1761,0.1176,0.2405,253.79,59.26,0
62.55,0.1665,0.1483,0.3087,320.36,61.44,0
53.07,0.1697,0.1738,0.2331,251.3,58.49,0
70.83,0.2121,0.1556,0.3185,333.96,60.46,0
64.41,0.19,0.1567,0.3053,338.38,59.61,0
42.15,0.159,0.6738,0.2356,231.71,84.38,1
72.13,0.1503,0.156,0.2802,366.71,62.27,0
38.7,0.1485,0.155,0.2798,206.58,54.82,0
67.51,0.1733,0.1491,0.2647,314.08,63.05,0
35.19,0.1158,0.1259,0.3067,194.1,54.06,0
35.41,0.1373,0.11,0.2513,189.32,53.19,0
21.78,0.1164,0.1133,0.2301,130.56,51.61,0
44.32,0.1423,0.132,0.2222,205.88,53.85,0
33.17,0.1631,0.0973,0.2693,203.89,54.55,0
71.21,0.1822,0.164,0.3097,592.08,64.13,1
35.9,0.1324,0.1282,0.1849,196.7,50.86,0
62.28,0.1949,0.1585,0.2339,314.98,59.02,0
55.19,0.2097,0.1655,0.2984,269.0,57.46,0
33.94,0.1625,0.135,0.2478,188.63,52.99,0
74.79,0.2109,0.1498,0.3071,406.54,64.17,0
40.01,0.1407,0.131,0.2216,252.15,55.23,0
77.31,0.2163,0.1587,0.3372,385.83,62.91,0
51.07,0.1778,0.1816,0.2435,262.29,58.81,0
50.14,0.1777,0.1413,0.2828,280.44,58.98,0
66.45,0.1963,0.1492,0.2762,328.44,59.55,0
54.73,0.178,0.1418,0.2994,277.01,57.28,0
58.54,0.1589,0.1239,0.2626,288.43,62.34,0
67.25,0.2054,0.1454,0.3271,331.26,60.45,0
22.99,0.1103,0.1367,0.2335,175.73,50.84,0
72.09,0.2168,0.1415,0.288,368.29,62.43,0
39.53,0.1816,0.1611,0.2163,215.91,50.32,0
52.16,0.1388,0.1492,0.2664,299.11,56.69,0
55.46,0.1497,0.1086,0.2468,307.52,57.67,0
54.66,0.1759,0.1524,0.2997,280.78,59.64,0
71.98,0.1691,0.1453,0.2581,539.08,62.57,1
72.51,0.2057,0.1964,0.2557,369.74,63.11,0
36.58,0.208,0.148,0.2489,213.48,55.49,0
41.71,0.1335,0.1367,0.2353,237.6,54.9,0
36.69,0.1222,0.1324,0.2172,206.4,52.95,0
71.69,0.2059,0.1676,0.2975,366.8,62.08,0
76.23,0.1887,0.1967,0.3009,386.78,64.14,0
48.07,0.1573,0.1408,0.2169,267.55,56.81,0
74.75,0.1735,0.1428,0.3248,368.07,65.18,0
72.03,0.1932,0.1688,0.2761,366.78,62.17,0
23.92,0.1177,0.1143,0.19,117.39,49.43,0
24.99,0.167,0.1292,0.2427,163.63,51.93,0
70.49,0.439,0.1665,0.8169,350.56,64.47,1
27.47,0.1379,0.1616,0.2427,149.54,53.97,0
71.61,0.1847,0.17,0.3007,598.66,61.73,1
66.05,0.2145,0.138,0.2795,319.85,62.61,0
73.34,0.2018,0.1487,0.3256,364.75,61.33,0
23.32,0.1359,0.1222,0.2345,153.71,51.26,0
32.53,0.1645,0.1034,0.2327,178.56,55.59,0
28.02,0.1374,0.1291,0.2112,174.17,50.48,0
40.22,0.1688,0.1467,0.2712,216.72,54.89,0
71.85,0.1868,0.1805,0.2953,390.6,62.11,0
33.65,0.1465,0.1024,0.2421,189.75,55.24,0
41.31,0.1698,0.4635,0.2812,213.72,96.72,1
71.25,0.1952,0.1636,0.3157,358.94,63.74,0
73.16,0.1983,0.1839,0.2626,351.55,61.51,0
77.13,0.196,0.1251,0.3145,406.88,64.06,0
66.7,0.1933,0.1554,0.3093,336.78,59.06,0
34.47,0.1395,0.1446,0.1582,199.88,52.42,0
31.91,0.148,0.1523,0.224,198.2,52.64,0
52.78,0.1854,0.1685,0.2721,260.32,54.89,0
28.72,0.1574,0.1002,0.2188,155.87,50.07,0
66.93,0.1717,0.1471,0.2864,336.26,61.5,0
35.5,0.1377,0.1478,0.2624,210.12,53.38,0
21.28,0.1282,0.1117,0.2064,135.43,51.13,0
60.15,0.1754,0.163,0.3434,647.83,61.49,1
77.41,0.1727,0.1747,0.299,383.97,64.24,0
32.83,0.1447,0.0727,0.2174,165.02,52.1,0
44.35,0.1741,0.151,0.2166,238.58,57.21,0
63.71,0.2292,0.1334,0.2441,292.04,58.7,0
43.9,0.1452,0.15,0.2242,220.05,58.24,0
43.6,0.159,0.1241,0.236,245.43,55.29,0
21.04,0.1408,0.1199,0.2154,141.2,48.89,0
29.92,0.1603,0.1244,0.2419,154.91,52.17,0
22.94,0.1245,0.1439,0.2263,154.69,50.19,0
32.95,0.1356,0.1274,0.258,175.64,54.61,0
67.85,0.2138,0.1547,0.3033,342.02,62.84,0
50.97,0.0724,0.1555,0.2636,271.41,54.93,0
27.42,0.13,0.1325,0.2131,141.02,52.64,0
43.74,0.1745,0.497,0.3158,247.61,91.23,1
44.41,0.1993,0.1308,0.2597,240.96,55.89,0
57.79,0.1487,0.1768,0.2735,305.17,59.98,0
26.34,0.1449,0.1001,0.2024,136.75,53.46,0
77.95,0.2092,0.1882,0.3657,438.0,63.55,0
64.99,0.1986,0.1881,0.2993,348.29,59.13,0
45.53,0.1588,0.0942,0.2739,249.78,55.63,0
39.88,0.1377,0.1154,0.2352,220.74,55.2,0
50.58,0.1723,0.1175,0.2304,281.67,58.8,0
54.02,0.1673,0.1332,0.2732,269.43,56.53,0
73.3,0.165,0.1497,0.2941,382.3,64.78,0
72.55,0.242,0.1482,0.2984,349.24,62.94,0
72.63,0.1842,0.1761,0.3046,369.21,62.14,0
21.82,0.1386,0.1127,0.1953,174.62,51.18,0
74.92,0.1843,0.174,0.2746,369.6,64.42,0
36.18,0.1742,0.1454,0.215,202.01,54.61,0
24.99,0.1555,0.1283,0.2352,157.47,51.69,0
58.8,0.1778,0.1648,0.2742,339.53,57.19,0
56.25,0.1864,0.1365,0.2513,295.19,59.63,0
74.33,0.1679,0.1387,0.3416,379.9,65.01,0
57.09,0.183,0.1566,0.2738,597.04,57.69,1
22.26,0.1675,0.1746,0.1803,162.57,49.54,0
30.38,0.1614,0.1541,0.2672,177.0,53.57,0
65.85,0.1836,0.1525,0.2439,341.32,63.49,0
57.38,0.175,0.1599,0.2533,290.29,58.08,0
26.51,0.127,0.1059,0.2147,160.32,50.33,0
68.76,0.167,0.1661,0.2727,340.83,59.78,0
66.3,0.1426,0.1446,0.2785,326.71,62.58,0
74.45,0.2034,0.1842,0.2656,376.89,63.87,0
49.17,0.1626,0.1201,0.259,240.7,59.57,0
47.7,0.1726,0.1733,0.2506,275.92,56.69,0
38.59,0.1555,0.1069,0.2355,211.13,56.98,0
60.83,0.1799,0.1782,0.3061,291.88,58.15,0
72.49,0.2232,0.1484,0.297,384.88,63.89,0
27.18,0.1234,0.1268,0.2246,158.24,50.0,0
29.57,0.1297,0.1271,0.2087,177.91,52.39,0
44.36,0.1891,0.1499,0.2583,225.37,57.46,0
50.2,0.1888,0.1165,0.2628,250.93,55.05,0
35.56,0.1449,0.1119,0.2572,210.49,54.92,0
26.15,0.138,0.1283,0.1708,161.69,52.5,0
37.7,0.1558,0.1074,0.2289,179.0,53.25,0
38.76,0.1443,0.1072,0.2019,219.85,54.27,0
33.26,0.1701,0.1411,0.2048,195.44,51.83,0
21.97,0.1258,0.1156,0.2111,131.71,51.86,0
52.76,0.1777,0.1644,0.2834,279.42,56.82,0
67.91,0.1798,0.1265,0.3061,334.15,61.4,0
22.86,0.3409,0.1096,1.0619,150.97,50.33,1
34.71,0.1729,0.1325,0.2194,173.45,51.97,0
49.72,0.1802,0.1547,0.2523,247.37,56.99,0
74.23,0.2076,0.1335,0.2711,372.66,65.85,0
75.62,0.1459,0.1685,0.3024,383.04,65.05,0
22.85,0.1669,0.1028,0.1807,117.9,47.75,0
40.1,0.1765,0.4232,0.2508,218.97,82.95,1
24.37,0.1752,0.1314,0.2874,150.57,50.65,0
49.13,0.1684,0.1536,0.2995,255.14,58.1,0
22.15,0.1088,0.1288,0.2151,137.06,50.39,0
53.49,0.224,0.1409,0.2504,283.55,56.64,0
68.08,0.1753,0.1504,0.2491,352.84,62.02,0
72.67,0.1536,0.1323,0.3334,372.66,61.91,0
25.35,0.1295,0.1195,0.1977,169.05,50.96,0
75.21,0.2021,0.1724,0.2549,384.14,62.75,0
67.01,0.1822,0.1394,0.2749,344.63,61.84,0
24.59,0.1197,0.0791,0.2093,142.77,51.26,0
25.07,0.1569,0.1097,0.2822,133.44,51.29,0
67.93,0.2131,0.2085,0.2405,345.42,64.67,0
45.12,0.1529,0.1298,0.2427,221.52,55.74,0
46.9,0.1838,0.1369,0.2808,247.77,56.57,0
55.11,0.1965,0.7298,0.2438,290.68,105.94,1
64.14,0.1599,0.1396,0.2719,349.46,62.61,0
46.78,0.1981,0.1366,0.227,217.51,56.9,0
77.71,0.2049,0.172,0.383,396.56,63.17,0
69.94,0.1868,0.1713,0.2983,367.04,62.32,0
26.02,0.1298,0.1185,0.2356,144.23,51.02,0
46.03,0.1647,0.1278,0.2735,253.68,55.45,0
22.83,0.1559,0.0937,0.1752,123.52,51.38,0
38.02,0.1526,0.1344,0.2439,189.64,54.99,0
27.14,0.1487,0.1115,0.2108,177.55,52.93,0
27.12,0.1475,0.1281,0.1915,129.55,52.12,0
46.25,0.1701,0.1332,0.3076,272.45,57.77,0
32.65,0.1379,0.1273,0.1597,201.88,53.2,0
33.14,0.1577,0.1299,0.2514,193.5,53.3,0
29.43,0.1509,0.1566,0.21,169.43,51.91,0
67.81,0.1807,0.1501,0.2711,337.11,62.33,0
24.63,0.136,0.1113,0.2527,134.83,49.85,0
36.34,0.1376,0.0985,0.2372,209.65,54.19,0
73.46,0.2142,0.1709,0.2983,386.38,61.41,0
40.06,0.1794,0.1453,0.2362,224.83,55.83,0
26.16,0.1331,0.1381,0.2012,146.24,52.25,0
77.62,0.1874,0.1794,0.2864,392.02,65.69,0
30.84,0.1409,0.1213,0.2273,179.84,50.3,0
42.03,0.1503,0.1524,0.245,244.14,55.5,0
21.14,0.1237,0.1164,0.2106,160.51,49.59,0
23.31,0.1611,0.1103,0.1932,134.78,50.8,0
23.93,0.144,0.1092,0.1664,165.54,51.15,0
66.74,0.2098,0.1783,0.2383,324.59,61.74,0
55.04,0.1594,0.1414,0.2188,299.64,60.83,0
53.55,0.2046,0.1328,0.2446,276.07,60.68,0
72.45,0.197,0.1647,0.311,371.19,64.16,0
61.23,0.1798,0.1718,0.2881,349.67,60.2,0
63.02,0.2125,0.1568,0.3493,327.44,58.49,0
57.98,0.6508,0.1153,1.0093,288.82,59.68,1
37.82,0.1478,0.1342,0.2713,207.84,52.53,0
47.62,0.129,0.15,0.2668,263.16,56.18,0
66.94,0.1682,0.1706,0.2452,330.64,60.5,0
26.36,0.163,0.1325,0.2407,162.03,51.31,0
32.12,0.1466,0.1427,0.235,181.05,53.0,0
31.74,0.1445,0.0967,0.2386,190.77,52.2,0
35.24,0.175,0.1184,0.2223,202.63,53.23,0
42.38,0.1697,0.1261,0.2486,215.54,55.47,0
23.08,0.1153,0.1477,0.2744,132.26,48.83,0
71.49,0.2015,0.1588,0.2535,347.88,63.46,0
54.54,0.1902,0.1755,0.2795,286.15,58.31,0
53.87,0.1788,0.1724,0.2862,297.49,59.13,0
39.52,0.1801,0.1228,0.2691,201.3,53.13,0
69.22,0.1743,0.15,0.3269,352.56,63.91,0
28.08,0.1554,0.1128,0.1781,168.34,53.1,0
37.53,0.1493,0.5926,0.2969,196.2,93.11,1
27.13,0.1286,0.0964,0.2228,137.65,51.12,0
36.06,0.1455,0.3909,0.2201,180.01,84.44,1
53.97,0.1596,0.1346,0.28,285.67,59.43,0
64.97,0.1918,0.1669,0.2819,338.62,60.66,0
29.94,0.6077,0.1152,1.0544,157.74,50.3,1
67.13,0.1874,0.1388,0.2492,374.11,61.63,0
52.49,0.1896,0.6801,0.2936,270.2,96.06,1
65.97,0.1926,0.1395,0.3352,331.41,60.4,0
23.64,0.1367,0.1236,0.2672,153.57,49.43,0
65.0,0.1885,0.1942,0.2954,357.02,62.15,0
32.38,0.146,0.1263,0.2225,188.29,52.38,0
25.41,0.119,0.108,0.2417,138.65,48.93,0
36.54,0.1524,0.1434,0.2123,221.53,54.88,0
67.38,0.2055,0.135,0.2591,563.02,62.11,1
49.84,0.1478,0.1216,0.2461,250.15,54.97,0
43.68,0.1703,0.1204,0.2704,220.38,55.19,0
45.76,0.18,0.1095,0.302,275.52,55.91,0
51.31,0.1806,0.1577,0.2485,291.36,57.38,0
67.41,0.2166,0.1506,0.3089,347.16,62.48,0
52.27,0.1595,0.1068,0.2671,262.02,56.81,0
39.06,0.2157,0.1513,0.2639,206.31,55.97,0
63.85,0.2214,0.6909,0.2857,313.73,108.55,1
73.08,0.1948,0.1676,0.2822,358.73,63.1,0
20.87,0.626,0.1323,0.8736,127.2,49.76,1
55.69,0.1958,0.1402,0.252,294.89,58.07,0
31.98,0.1467,0.1184,0.2127,162.77,51.13,0
77.28,0.1615,0.1663,0.2894,414.77,65.56,0
32.54,0.1291,0.1433,0.2164,191.12,51.48,0
55.81,0.1979,0.1626,0.2406,286.86,58.38,0
41.48,0.1614,0.124,0.2178,533.38,55.22,1
45.44,0.1618,0.1629,0.2346,266.84,54.89,0
73.13,0.2083,0.1548,0.3485,360.63,61.77,0
25.94,0.137,0.0954,0.2738,159.77,52.86,0
21.83,0.0835,0.1082,0.1737,116.48,49.52,0
60.27,0.1766,0.1497,0.2738,318.76,61.88,0
30.1,0.1415,0.1179,0.1967,158.12,50.86,0
32.17,0.1395,0.0897,0.2623,182.63,53.76,0
50.9,0.1809,0.1103,0.2573,256.1,58.55,0
73.06,0.1702,0.1363,0.284,395.3,65.4,0
70.9,0.1853,0.1769,0.3071,361.86,60.92,0
64.59,0.1811,0.1332,0.3051,331.44,61.85,0
38.82,0.143,0.1376,0.2328,211.5,54.45,0
62.63,0.1851,0.1522,0.2903,319.61,58.34,0
77.95,0.1764,0.1608,0.2659,439.46,61.77,0
61.4,0.1496,0.1507,0.2692,322.06,59.89,0
43.41,0.1504,0.1488,0.2405,230.44,55.73,0
67.34,0.2124,0.1563,0.2887,334.4,61.95,0
54.86,0.1905,0.1511,0.2824,287.02,58.35,0
43.22,0.1344,0.1468,0.2552,256.11,57.04,0
39.01,0.176,0.116,0.2327,183.57,55.28,0
54.46,0.1555,0.1367,0.2405,293.87,57.17,0
64.42,0.1857,0.1062,0.3309,345.14,61.53,0
50.9,0.1486,0.1159,0.2653,244.49,57.6,0
70.22,0.2023,0.1832,0.297,342.3,62.31,0
44.77,0.154,0.1388,0.2873,236.02,53.48,0
23.69,0.149,0.1388,0.2376,121.91,51.29,0
56.05,0.2003,0.1803,0.2812,298.51,58.7,0
21.06,0.1363,0.1084,0.1928,101.39,52.34,0
71.79,0.2123,0.1978,0.3454,370.37,61.17,0
73.18,0.1781,0.1458,0.2959,373.36,62.61,0
41.55,0.1613,0.1467,0.2715,223.49,57.5,0
77.48,0.1905,0.1311,0.2821,580.54,64.42,1
27.72,0.156,0.0944,0.2332,152.5,51.13,0
33.14,0.1241,0.1247,0.1924,181.86,52.57,0
26.66,0.123,0.1135,0.2142,141.2,52.55,0
42.6,0.1253,0.1043,0.2147,230.89,54.18,0
42.93,0.1552,0.1287,0.2786,203.73,58.39,0
49.92,0.1697,0.1632,0.2253,278.81,58.72,0
38.32,0.5131,0.1381,0.8848,196.07,55.0,1
24.54,0.1245,0.1191,0.2261,130.2,52.09,0
37.26,0.1919,0.1253,0.2115,185.64,52.79,0
77.39,0.1995,0.1543,0.2816,420.28,62.96,0
47.44,0.156,0.1639,0.2827,248.63,56.95,0
21.74,0.1411,0.0989,0.2268,136.06,52.14,0
42.48,0.1748,0.1429,0.2661,228.76,56.59,0
28.17,0.175,0.1173,0.2822,151.79,54.44,0
47.68,0.1662,0.1172,0.2523,263.87,56.1,0
69.81,0.1857,0.1766,0.3092,345.07,63.32,0
53.25,0.1588,0.1514,0.2147,275.36,59.42,0
50.88,0.1666,0.1501,0.2839,261.53,56.09,0
46.86,0.2098,0.1415,0.2606,252.54,59.43,0
76.97,0.2229,0.1842,0.2946,390.57,65.84,0
73.95,0.2012,0.1431,0.3145,372.49,61.88,0
74.2,0.2301,0.1679,0.3057,381.01,62.02,0
28.79,0.1369,0.1463,0.245,176.74,49.79,0
73.05,0.1841,0.1586,0.3571,340.74,61.29,0
66.18,0.1839,0.1227,0.2935,350.74,63.59,0
38.21,0.1724,0.1564,0.2418,218.01,55.66,0
43.4,0.1484,0.1533,0.2689,220.33,57.77,0
42.43,0.1503,0.1345,0.2743,241.62,57.62,0
58.8,0.1871,0.1431,0.254,321.6,60.91,0
75.19,0.197,0.1709,0.2749,379.57,61.79,0
64.84,0.1459,0.1552,0.3528,339.02,60.17,0
30.81,0.1529,0.134,0.2368,173.26,51.47,0
48.99,0.1147,0.1428,0.2765,272.13,59.02,0
27.07,0.1164,0.0754,0.2205,163.04,51.4,0
50.94,0.1556,0.15,0.2494,267.94,57.82,0
63.82,0.1847,0.1462,0.2876,319.88,62.24,0
74.1,0.1952,0.1683,0.3058,377.87,62.94,0
44.46,0.172,0.117,0.251,255.88,54.61,0
69.44,0.2121,0.162,0.3502,356.58,63.61,0
39.34,0.196,0.1465,0.2277,212.09,56.25,0
41.44,0.1487,0.1154,0.2098,193.01,58.39,0
32.3,0.152,0.1485,0.1591,183.65,53.13,0
21.94,0.1572,0.142,0.1996,122.23,51.11,0
37.55,0.1532,0.1309,0.2409,205.02,52.02,0
34.58,0.1324,0.134,0.1907,173.48,54.49,0
62.75,0.1878,0.1318,0.3345,303.8,63.89,0
35.61,0.1781,0.1259,0.2447,207.79,54.27,0
50.78,0.1806,0.1672,0.2281,281.32,58.27,0
55.21,0.1549,0.1429,0.2838,296.31,58.96,0
20.71,0.1496,0.1269,0.2187,134.89,52.37,0
22.38,0.1415,0.1264,0.2217,130.03,49.87,0
48.08,0.143,0.1239,0.2901,272.13,58.06,0
34.07,0.1502,0.104,0.2441,165.42,52.42,0
24.72,0.1253,0.091,0.2102,159.53,51.75,0
77.64,0.2085,0.1512,0.3524,394.94,64.29,0
76.01,0.2194,0.1475,0.2812,410.52,63.85,0
38.31,0.1525,0.1357,0.2519,212.94,54.39,0
53.4,0.1709,0.141,0.2307,262.59,60.12,0
22.29,0.1369,0.1103,0.2113,391.96,50.65,1
75.76,0.1917,0.1989,0.3351,411.05,64.68,0
42.01,0.134,0.1549,0.2994,247.25,54.14,0
37.03,0.1492,0.1474,0.2241,177.41,56.61,0
56.93,0.197,0.1155,0.3057,294.77,59.06,0
68.48,0.2121,0.1334,0.2925,343.2,62.83,0
71.56,0.1848,0.2119,0.2802,372.41,61.78,0
35.2,0.3431,0.1507,0.8565,180.11,55.07,1
23.96,0.1843,0.126,0.2359,149.43,49.45,0
58.36,0.1617,0.1263,0.2299,305.75,59.8,0
39.28,0.1691,0.1311,0.2431,193.78,55.59,0
38.12,0.1489,0.12,0.2587,220.64,53.64,0
21.16,0.1633,0.0873,0.1786,130.58,48.05,0
67.19,0.1968,0.1077,0.2836,334.96,61.81,0
52.2,0.1944,0.1512,0.1819,261.59,57.71,0
46.92,0.1856,0.1416,0.2354,251.27,55.38,0
61.92,0.193,0.1447,0.2176,306.44,61.22,0
70.33,0.2064,0.1658,0.2577,354.34,63.09,0
75.76,0.1908,0.1845,0.2561,358.87,64.24,0
71.85,0.2159,0.1533,0.2994,362.35,65.66,0
56.93,0.1936,0.155,0.2772,311.75,56.87,0
62.44,0.1824,0.1418,0.2702,335.53,61.47,0
45.8,0.1877,0.1454,0.2454,257.98,56.44,0
62.02,0.186,0.175,0.327,307.83,60.04,0
66.12,0.2228,0.1455,0.2592,334.95,62.41,0
34.64,0.1579,0.1319,0.2809,173.8,53.07,0
35.16,0.156,0.1321,0.2368,197.34,53.69,0
29.74,0.1446,0.1271,0.2441,157.72,53.55,0
73.6,0.1864,0.1834,0.3075,368.82,63.71,0
53.07,0.1662,0.1334,0.2933,280.97,56.22,0
69.88,0.1836,0.1392,0.2441,350.54,62.15,0
68.72,0.1638,0.1681,0.3203,359.19,62.05,0
54.4,0.1517,0.1742,0.3305,590.98,60.98,1
61.64,0.1777,0.1411,0.2925,331.71,58.31,0
31.2,0.1487,0.1025,0.2544,168.9,55.05,0
52.8,0.1333,0.1434,0.2331,270.69,59.72,0
63.5,0.1858,0.1513,0.2728,347.41,59.37,0
34.1,0.1258,0.1428,0.2319,173.96,55.83,0
65.41,0.1691,0.1926,0.2837,339.94,62.76,0
46.15,0.167,0.159,0.269,240.06,57.1,0
45.72,0.1524,0.1449,0.2246,218.65,56.29,0
51.01,0.153,0.1278,0.2619,253.16,58.75,0
39.2,0.1692,0.1239,0.2593,222.69,53.45,0
69.57,0.231,0.1326,0.2914,356.25,62.33,0
67.76,0.2018,0.1618,0.3218,352.97,60.21,0
48.13,0.1878,0.1267,0.2683,269.56,58.28,0
41.19,0.1626,0.1448,0.2394,235.72,54.48,0
48.56,0.1583,0.1532,0.2792,262.71,57.59,0
49.56,0.1309,0.1411,0.2847,238.74,57.84,0
76.9,0.1941,0.1558,0.3374,390.87,66.15,0
57.4,0.1986,0.1448,0.3562,307.28,60.67,0
71.4,0.1617,0.148,0.2669,369.38,63.53,0
50.42,0.1646,0.1241,0.2481,259.1,58.17,0
34.68,0.1682,0.1558,0.2293,203.09,55.5,0
70.93,0.1905,0.1513,0.3069,352.97,62.57,0
77.87,0.2043,0.1509,0.2979,392.95,64.94,0
63.25,0.2131,0.1531,0.2988,323.16,62.54,0
24.84,0.1387,0.1417,0.2478,122.63,48.6,0
35.9,0.1581,0.1201,0.1894,200.24,53.97,0
76.35,0.2231,0.1106,0.3052,406.83,66.93,0
66.12,0.1963,0.1434,0.2537,308.53,61.22,0
57.46,0.1627,0.1533,0.2889,297.13,58.05,0
52.0,0.1755,0.1333,0.259,267.22,59.78,0
71.42,0.2208,0.1729,0.2782,366.97,63.75,0
44.33,0.1734,0.1448,0.1759,227.95,55.31,0
40.21,0.1442,0.0937,0.3036,220.04,55.4,0
45.33,0.1481,0.1226,0.2715,224.07,55.52,0
51.28,0.1715,0.1716,0.274,270.57,57.2,0
48.38,0.1622,0.1299,0.2137,251.14,57.16,0
68.49,0.2155,0.1317,0.2706,337.12,60.37,0
64.81,0.1978,0.1511,0.283,315.39,62.37,0
24.95,0.1722,0.1436,0.223,177.65,53.53,0
63.44,0.1762,0.1494,0.3116,347.04,62.46,0
23.48,0.1419,0.1015,0.2182,137.67,52.83,0
56.43,0.1895,0.1765,0.2749,292.38,58.26,0
26.29,0.1494,0.1195,0.2169,168.39,52.97,0
31.5,0.173,0.1215,0.2108,196.95,51.85,0
69.47,0.1791,0.1244,0.2807,355.42,63.24,0
25.44,0.1762,0.1186,0.1978,139.51,51.47,0
45.59,0.1571,0.1082,0.2102,225.61,55.6,0
61.84,0.157,0.1466,0.313,319.53,60.83,0
62.03,0.1669,0.1756,0.3164,316.34,59.57,0
35.94,0.1624,0.1026,0.2876,203.79,53.74,0
33.24,0.1581,0.1101,0.2172,187.24,54.41,0
31.69,0.1591,0.1618,0.227,180.16,51.74,0
76.31,0.219,0.164,0.3296,376.56,65.89,0
57.44,0.2065,0.1219,0.2932,296.15,58.16,0
76.32,0.1961,0.1703,0.2754,383.67,64.27,0
24.97,0.1452,0.1116,0.2222,158.87,51.07,0
54.08,0.146,0.1349,0.2756,250.98,59.23,0
45.54,0.1715,0.0986,0.2711,276.16,55.62,0
62.11,0.1894,0.1573,0.2473,341.46,60.93,0
63.86,0.1395,0.1535,0.267,318.28,58.96,0
30.95,0.1581,0.6878,0.2619,153.22,92.41,1
23.03,0.1736,0.1147,0.2126,159.99,49.36,0
30.23,0.1676,0.1073,0.22,173.58,54.69,0
42.95,0.1559,0.1021,0.2213,255.41,54.41,0
31.59,0.1932,0.1601,0.2188,171.82,52.85,0
27.72,0.1405,0.0978,0.2281,148.0,51.46,0
47.15,0.1638,0.5874,0.2872,265.93,85.82,1
50.97,0.1618,0.1828,0.2462,259.98,57.32,0
46.85,0.1769,0.1226,0.2932,234.1,56.59,0
26.36,0.1122,0.1278,0.2124,151.11,50.25,0
30.46,0.1449,0.0782,0.2008,120.66,52.91,0
52.17,0.1332,0.1624,0.283,261.29,58.35,0
26.81,0.1192,0.1202,0.2253,166.62,51.2,0
49.89,0.1482,0.1425,0.2478,422.65,59.41,1
55.09,0.1836,0.1511,0.2644,264.89,58.14,0
53.96,0.1459,0.1375,0.3111,308.51,55.75,0
39.08,0.1716,0.122,0.2364,229.62,55.04,0
40.86,0.2176,0.1182,0.2526,214.78,55.83,0
25.43,0.1268,0.1451,0.2333,150.48,49.15,0
34.1,0.1645,0.165,0.2367,460.27,52.42,1
72.52,0.2184,0.1138,0.2961,381.52,62.01,0
44.4,0.1662,0.1427,0.2067,233.02,55.42,0
20.48,0.1125,0.1386,0.174,135.99,50.41,0
28.08,0.1567,0.1389,0.1876,193.42,53.03,0
41.65,0.1477,0.1318,0.2177,226.48,55.1,0
31.88,0.1528,0.1083,0.2162,187.65,53.92,0
72.96,0.1858,0.185,0.2504,370.99,63.11,0
53.77,0.17,0.0845,0.2488,294.91,56.45,0
76.77,0.1436,0.162,0.3312,399.11,63.24,0
47.7,0.1385,0.1345,0.2369,263.36,55.92,0
73.22,0.2136,0.1895,0.2915,411.94,63.57,0
73.82,0.1635,0.1485,0.3184,385.08,63.11,0
60.18,0.1849,0.1674,0.2822,281.98,59.25,0
62.03,0.1719,0.1787,0.3017,320.89,59.77,0
23.12,0.1503,0.1154,0.2676,162.58,51.82,0
61.12,0.1866,0.1721,0.3176,320.96,60.41,0
60.41,0.1664,0.538,0.2516,299.9,116.86,1
57.15,0.1984,0.1375,0.2435,288.27,60.38,0
71.55,0.2202,0.1582,0.3376,332.85,65.9,0
59.99,0.1836,0.175,0.2549,319.02,60.4,0
20.01,0.1181,0.0872,0.2361,103.04,51.22,0
51.43,0.2102,0.1633,0.3045,258.21,56.6,0
49.85,0.1501,0.1445,0.2423,256.58,57.24,0
72.48,0.2032,0.1493,0.3175,405.81,61.73,0
41.6,0.1813,0.1072,0.2387,231.1,56.08,0
66.18,0.1673,0.1338,0.3292,527.7,60.87,1
56.35,0.2151,0.1377,0.2154,306.59,59.81,0
62.89,0.1797,0.1662,0.2737,318.77,61.53,0
53.73,0.2069,0.153,0.2615,292.33,59.46,0
48.17,0.1285,0.1465,0.2702,486.25,58.41,1
55.68,0.165,0.1454,0.2761,298.37,58.44,0
56.67,0.1387,0.141,0.2989,306.99,61.07,0
29.39,0.1265,0.0665,0.2072,166.78,53.46,0
24.49,0.188,0.1269,0.2304,142.02,49.54,0
31.29,0.1528,0.4663,0.2584,143.85,92.41,1
